[
{
    "model": "sites.site",
    "pk": 1,
    "fields": {
        "domain": "localhost:8000",
        "name": "Saleor e-commerce"
    }
},
{
    "model": "permission.permission",
    "pk": 1,
    "fields": {
        "name": "Can add content type",
        "content_type": 1,
        "codename": "add_contenttype"
    }
},
{
    "model": "permission.permission",
    "pk": 2,
    "fields": {
        "name": "Can change content type",
        "content_type": 1,
        "codename": "change_contenttype"
    }
},
{
    "model": "permission.permission",
    "pk": 3,
    "fields": {
        "name": "Can delete content type",
        "content_type": 1,
        "codename": "delete_contenttype"
    }
},
{
    "model": "permission.permission",
    "pk": 4,
    "fields": {
        "name": "Can view content type",
        "content_type": 1,
        "codename": "view_contenttype"
    }
},
{
    "model": "permission.permission",
    "pk": 5,
    "fields": {
        "name": "Can add site",
        "content_type": 2,
        "codename": "add_site"
    }
},
{
    "model": "permission.permission",
    "pk": 6,
    "fields": {
        "name": "Can change site",
        "content_type": 2,
        "codename": "change_site"
    }
},
{
    "model": "permission.permission",
    "pk": 7,
    "fields": {
        "name": "Can delete site",
        "content_type": 2,
        "codename": "delete_site"
    }
},
{
    "model": "permission.permission",
    "pk": 8,
    "fields": {
        "name": "Can view site",
        "content_type": 2,
        "codename": "view_site"
    }
},
{
    "model": "permission.permission",
    "pk": 9,
    "fields": {
        "name": "Can add solar event",
        "content_type": 3,
        "codename": "add_solarschedule"
    }
},
{
    "model": "permission.permission",
    "pk": 10,
    "fields": {
        "name": "Can change solar event",
        "content_type": 3,
        "codename": "change_solarschedule"
    }
},
{
    "model": "permission.permission",
    "pk": 11,
    "fields": {
        "name": "Can delete solar event",
        "content_type": 3,
        "codename": "delete_solarschedule"
    }
},
{
    "model": "permission.permission",
    "pk": 12,
    "fields": {
        "name": "Can view solar event",
        "content_type": 3,
        "codename": "view_solarschedule"
    }
},
{
    "model": "permission.permission",
    "pk": 13,
    "fields": {
        "name": "Can add interval",
        "content_type": 4,
        "codename": "add_intervalschedule"
    }
},
{
    "model": "permission.permission",
    "pk": 14,
    "fields": {
        "name": "Can change interval",
        "content_type": 4,
        "codename": "change_intervalschedule"
    }
},
{
    "model": "permission.permission",
    "pk": 15,
    "fields": {
        "name": "Can delete interval",
        "content_type": 4,
        "codename": "delete_intervalschedule"
    }
},
{
    "model": "permission.permission",
    "pk": 16,
    "fields": {
        "name": "Can view interval",
        "content_type": 4,
        "codename": "view_intervalschedule"
    }
},
{
    "model": "permission.permission",
    "pk": 17,
    "fields": {
        "name": "Can add clocked",
        "content_type": 5,
        "codename": "add_clockedschedule"
    }
},
{
    "model": "permission.permission",
    "pk": 18,
    "fields": {
        "name": "Can change clocked",
        "content_type": 5,
        "codename": "change_clockedschedule"
    }
},
{
    "model": "permission.permission",
    "pk": 19,
    "fields": {
        "name": "Can delete clocked",
        "content_type": 5,
        "codename": "delete_clockedschedule"
    }
},
{
    "model": "permission.permission",
    "pk": 20,
    "fields": {
        "name": "Can view clocked",
        "content_type": 5,
        "codename": "view_clockedschedule"
    }
},
{
    "model": "permission.permission",
    "pk": 21,
    "fields": {
        "name": "Can add crontab",
        "content_type": 6,
        "codename": "add_crontabschedule"
    }
},
{
    "model": "permission.permission",
    "pk": 22,
    "fields": {
        "name": "Can change crontab",
        "content_type": 6,
        "codename": "change_crontabschedule"
    }
},
{
    "model": "permission.permission",
    "pk": 23,
    "fields": {
        "name": "Can delete crontab",
        "content_type": 6,
        "codename": "delete_crontabschedule"
    }
},
{
    "model": "permission.permission",
    "pk": 24,
    "fields": {
        "name": "Can view crontab",
        "content_type": 6,
        "codename": "view_crontabschedule"
    }
},
{
    "model": "permission.permission",
    "pk": 25,
    "fields": {
        "name": "Can add periodic task track",
        "content_type": 7,
        "codename": "add_periodictasks"
    }
},
{
    "model": "permission.permission",
    "pk": 26,
    "fields": {
        "name": "Can change periodic task track",
        "content_type": 7,
        "codename": "change_periodictasks"
    }
},
{
    "model": "permission.permission",
    "pk": 27,
    "fields": {
        "name": "Can delete periodic task track",
        "content_type": 7,
        "codename": "delete_periodictasks"
    }
},
{
    "model": "permission.permission",
    "pk": 28,
    "fields": {
        "name": "Can view periodic task track",
        "content_type": 7,
        "codename": "view_periodictasks"
    }
},
{
    "model": "permission.permission",
    "pk": 29,
    "fields": {
        "name": "Can add periodic task",
        "content_type": 8,
        "codename": "add_periodictask"
    }
},
{
    "model": "permission.permission",
    "pk": 30,
    "fields": {
        "name": "Can change periodic task",
        "content_type": 8,
        "codename": "change_periodictask"
    }
},
{
    "model": "permission.permission",
    "pk": 31,
    "fields": {
        "name": "Can delete periodic task",
        "content_type": 8,
        "codename": "delete_periodictask"
    }
},
{
    "model": "permission.permission",
    "pk": 32,
    "fields": {
        "name": "Can view periodic task",
        "content_type": 8,
        "codename": "view_periodictask"
    }
},
{
    "model": "permission.permission",
    "pk": 33,
    "fields": {
        "name": "Can add permission",
        "content_type": 9,
        "codename": "add_permission"
    }
},
{
    "model": "permission.permission",
    "pk": 34,
    "fields": {
        "name": "Can change permission",
        "content_type": 9,
        "codename": "change_permission"
    }
},
{
    "model": "permission.permission",
    "pk": 35,
    "fields": {
        "name": "Can delete permission",
        "content_type": 9,
        "codename": "delete_permission"
    }
},
{
    "model": "permission.permission",
    "pk": 36,
    "fields": {
        "name": "Can view permission",
        "content_type": 9,
        "codename": "view_permission"
    }
},
{
    "model": "permission.permission",
    "pk": 37,
    "fields": {
        "name": "Can add plugin configuration",
        "content_type": 10,
        "codename": "add_pluginconfiguration"
    }
},
{
    "model": "permission.permission",
    "pk": 38,
    "fields": {
        "name": "Can change plugin configuration",
        "content_type": 10,
        "codename": "change_pluginconfiguration"
    }
},
{
    "model": "permission.permission",
    "pk": 39,
    "fields": {
        "name": "Can delete plugin configuration",
        "content_type": 10,
        "codename": "delete_pluginconfiguration"
    }
},
{
    "model": "permission.permission",
    "pk": 40,
    "fields": {
        "name": "Can view plugin configuration",
        "content_type": 10,
        "codename": "view_pluginconfiguration"
    }
},
{
    "model": "permission.permission",
    "pk": 41,
    "fields": {
        "name": "Manage plugins",
        "content_type": 10,
        "codename": "manage_plugins"
    }
},
{
    "model": "permission.permission",
    "pk": 42,
    "fields": {
        "name": "Can add email template",
        "content_type": 11,
        "codename": "add_emailtemplate"
    }
},
{
    "model": "permission.permission",
    "pk": 43,
    "fields": {
        "name": "Can change email template",
        "content_type": 11,
        "codename": "change_emailtemplate"
    }
},
{
    "model": "permission.permission",
    "pk": 44,
    "fields": {
        "name": "Can delete email template",
        "content_type": 11,
        "codename": "delete_emailtemplate"
    }
},
{
    "model": "permission.permission",
    "pk": 45,
    "fields": {
        "name": "Can view email template",
        "content_type": 11,
        "codename": "view_emailtemplate"
    }
},
{
    "model": "permission.permission",
    "pk": 46,
    "fields": {
        "name": "Can add address",
        "content_type": 12,
        "codename": "add_address"
    }
},
{
    "model": "permission.permission",
    "pk": 47,
    "fields": {
        "name": "Can change address",
        "content_type": 12,
        "codename": "change_address"
    }
},
{
    "model": "permission.permission",
    "pk": 48,
    "fields": {
        "name": "Can delete address",
        "content_type": 12,
        "codename": "delete_address"
    }
},
{
    "model": "permission.permission",
    "pk": 49,
    "fields": {
        "name": "Can view address",
        "content_type": 12,
        "codename": "view_address"
    }
},
{
    "model": "permission.permission",
    "pk": 50,
    "fields": {
        "name": "Can add user",
        "content_type": 13,
        "codename": "add_user"
    }
},
{
    "model": "permission.permission",
    "pk": 51,
    "fields": {
        "name": "Can change user",
        "content_type": 13,
        "codename": "change_user"
    }
},
{
    "model": "permission.permission",
    "pk": 52,
    "fields": {
        "name": "Can delete user",
        "content_type": 13,
        "codename": "delete_user"
    }
},
{
    "model": "permission.permission",
    "pk": 53,
    "fields": {
        "name": "Can view user",
        "content_type": 13,
        "codename": "view_user"
    }
},
{
    "model": "permission.permission",
    "pk": 54,
    "fields": {
        "name": "Manage customers.",
        "content_type": 13,
        "codename": "manage_users"
    }
},
{
    "model": "permission.permission",
    "pk": 55,
    "fields": {
        "name": "Manage staff.",
        "content_type": 13,
        "codename": "manage_staff"
    }
},
{
    "model": "permission.permission",
    "pk": 56,
    "fields": {
        "name": "Impersonate user.",
        "content_type": 13,
        "codename": "impersonate_user"
    }
},
{
    "model": "permission.permission",
    "pk": 57,
    "fields": {
        "name": "Can add customer note",
        "content_type": 14,
        "codename": "add_customernote"
    }
},
{
    "model": "permission.permission",
    "pk": 58,
    "fields": {
        "name": "Can change customer note",
        "content_type": 14,
        "codename": "change_customernote"
    }
},
{
    "model": "permission.permission",
    "pk": 59,
    "fields": {
        "name": "Can delete customer note",
        "content_type": 14,
        "codename": "delete_customernote"
    }
},
{
    "model": "permission.permission",
    "pk": 60,
    "fields": {
        "name": "Can view customer note",
        "content_type": 14,
        "codename": "view_customernote"
    }
},
{
    "model": "permission.permission",
    "pk": 61,
    "fields": {
        "name": "Can add customer event",
        "content_type": 15,
        "codename": "add_customerevent"
    }
},
{
    "model": "permission.permission",
    "pk": 62,
    "fields": {
        "name": "Can change customer event",
        "content_type": 15,
        "codename": "change_customerevent"
    }
},
{
    "model": "permission.permission",
    "pk": 63,
    "fields": {
        "name": "Can delete customer event",
        "content_type": 15,
        "codename": "delete_customerevent"
    }
},
{
    "model": "permission.permission",
    "pk": 64,
    "fields": {
        "name": "Can view customer event",
        "content_type": 15,
        "codename": "view_customerevent"
    }
},
{
    "model": "permission.permission",
    "pk": 65,
    "fields": {
        "name": "Can add staff notification recipient",
        "content_type": 16,
        "codename": "add_staffnotificationrecipient"
    }
},
{
    "model": "permission.permission",
    "pk": 66,
    "fields": {
        "name": "Can change staff notification recipient",
        "content_type": 16,
        "codename": "change_staffnotificationrecipient"
    }
},
{
    "model": "permission.permission",
    "pk": 67,
    "fields": {
        "name": "Can delete staff notification recipient",
        "content_type": 16,
        "codename": "delete_staffnotificationrecipient"
    }
},
{
    "model": "permission.permission",
    "pk": 68,
    "fields": {
        "name": "Can view staff notification recipient",
        "content_type": 16,
        "codename": "view_staffnotificationrecipient"
    }
},
{
    "model": "permission.permission",
    "pk": 69,
    "fields": {
        "name": "Can add group",
        "content_type": 17,
        "codename": "add_group"
    }
},
{
    "model": "permission.permission",
    "pk": 70,
    "fields": {
        "name": "Can change group",
        "content_type": 17,
        "codename": "change_group"
    }
},
{
    "model": "permission.permission",
    "pk": 71,
    "fields": {
        "name": "Can delete group",
        "content_type": 17,
        "codename": "delete_group"
    }
},
{
    "model": "permission.permission",
    "pk": 72,
    "fields": {
        "name": "Can view group",
        "content_type": 17,
        "codename": "view_group"
    }
},
{
    "model": "permission.permission",
    "pk": 73,
    "fields": {
        "name": "Can add voucher",
        "content_type": 18,
        "codename": "add_voucher"
    }
},
{
    "model": "permission.permission",
    "pk": 74,
    "fields": {
        "name": "Can change voucher",
        "content_type": 18,
        "codename": "change_voucher"
    }
},
{
    "model": "permission.permission",
    "pk": 75,
    "fields": {
        "name": "Can delete voucher",
        "content_type": 18,
        "codename": "delete_voucher"
    }
},
{
    "model": "permission.permission",
    "pk": 76,
    "fields": {
        "name": "Can view voucher",
        "content_type": 18,
        "codename": "view_voucher"
    }
},
{
    "model": "permission.permission",
    "pk": 77,
    "fields": {
        "name": "Can add voucher code",
        "content_type": 19,
        "codename": "add_vouchercode"
    }
},
{
    "model": "permission.permission",
    "pk": 78,
    "fields": {
        "name": "Can change voucher code",
        "content_type": 19,
        "codename": "change_vouchercode"
    }
},
{
    "model": "permission.permission",
    "pk": 79,
    "fields": {
        "name": "Can delete voucher code",
        "content_type": 19,
        "codename": "delete_vouchercode"
    }
},
{
    "model": "permission.permission",
    "pk": 80,
    "fields": {
        "name": "Can view voucher code",
        "content_type": 19,
        "codename": "view_vouchercode"
    }
},
{
    "model": "permission.permission",
    "pk": 81,
    "fields": {
        "name": "Can add voucher channel listing",
        "content_type": 20,
        "codename": "add_voucherchannellisting"
    }
},
{
    "model": "permission.permission",
    "pk": 82,
    "fields": {
        "name": "Can change voucher channel listing",
        "content_type": 20,
        "codename": "change_voucherchannellisting"
    }
},
{
    "model": "permission.permission",
    "pk": 83,
    "fields": {
        "name": "Can delete voucher channel listing",
        "content_type": 20,
        "codename": "delete_voucherchannellisting"
    }
},
{
    "model": "permission.permission",
    "pk": 84,
    "fields": {
        "name": "Can view voucher channel listing",
        "content_type": 20,
        "codename": "view_voucherchannellisting"
    }
},
{
    "model": "permission.permission",
    "pk": 85,
    "fields": {
        "name": "Can add voucher customer",
        "content_type": 21,
        "codename": "add_vouchercustomer"
    }
},
{
    "model": "permission.permission",
    "pk": 86,
    "fields": {
        "name": "Can change voucher customer",
        "content_type": 21,
        "codename": "change_vouchercustomer"
    }
},
{
    "model": "permission.permission",
    "pk": 87,
    "fields": {
        "name": "Can delete voucher customer",
        "content_type": 21,
        "codename": "delete_vouchercustomer"
    }
},
{
    "model": "permission.permission",
    "pk": 88,
    "fields": {
        "name": "Can view voucher customer",
        "content_type": 21,
        "codename": "view_vouchercustomer"
    }
},
{
    "model": "permission.permission",
    "pk": 89,
    "fields": {
        "name": "Can add voucher translation",
        "content_type": 22,
        "codename": "add_vouchertranslation"
    }
},
{
    "model": "permission.permission",
    "pk": 90,
    "fields": {
        "name": "Can change voucher translation",
        "content_type": 22,
        "codename": "change_vouchertranslation"
    }
},
{
    "model": "permission.permission",
    "pk": 91,
    "fields": {
        "name": "Can delete voucher translation",
        "content_type": 22,
        "codename": "delete_vouchertranslation"
    }
},
{
    "model": "permission.permission",
    "pk": 92,
    "fields": {
        "name": "Can view voucher translation",
        "content_type": 22,
        "codename": "view_vouchertranslation"
    }
},
{
    "model": "permission.permission",
    "pk": 93,
    "fields": {
        "name": "Can add promotion",
        "content_type": 23,
        "codename": "add_promotion"
    }
},
{
    "model": "permission.permission",
    "pk": 94,
    "fields": {
        "name": "Can change promotion",
        "content_type": 23,
        "codename": "change_promotion"
    }
},
{
    "model": "permission.permission",
    "pk": 95,
    "fields": {
        "name": "Can delete promotion",
        "content_type": 23,
        "codename": "delete_promotion"
    }
},
{
    "model": "permission.permission",
    "pk": 96,
    "fields": {
        "name": "Can view promotion",
        "content_type": 23,
        "codename": "view_promotion"
    }
},
{
    "model": "permission.permission",
    "pk": 97,
    "fields": {
        "name": "Manage promotions and vouchers.",
        "content_type": 23,
        "codename": "manage_discounts"
    }
},
{
    "model": "permission.permission",
    "pk": 98,
    "fields": {
        "name": "Can add promotion translation",
        "content_type": 24,
        "codename": "add_promotiontranslation"
    }
},
{
    "model": "permission.permission",
    "pk": 99,
    "fields": {
        "name": "Can change promotion translation",
        "content_type": 24,
        "codename": "change_promotiontranslation"
    }
},
{
    "model": "permission.permission",
    "pk": 100,
    "fields": {
        "name": "Can delete promotion translation",
        "content_type": 24,
        "codename": "delete_promotiontranslation"
    }
},
{
    "model": "permission.permission",
    "pk": 101,
    "fields": {
        "name": "Can view promotion translation",
        "content_type": 24,
        "codename": "view_promotiontranslation"
    }
},
{
    "model": "permission.permission",
    "pk": 102,
    "fields": {
        "name": "Can add promotion rule",
        "content_type": 25,
        "codename": "add_promotionrule"
    }
},
{
    "model": "permission.permission",
    "pk": 103,
    "fields": {
        "name": "Can change promotion rule",
        "content_type": 25,
        "codename": "change_promotionrule"
    }
},
{
    "model": "permission.permission",
    "pk": 104,
    "fields": {
        "name": "Can delete promotion rule",
        "content_type": 25,
        "codename": "delete_promotionrule"
    }
},
{
    "model": "permission.permission",
    "pk": 105,
    "fields": {
        "name": "Can view promotion rule",
        "content_type": 25,
        "codename": "view_promotionrule"
    }
},
{
    "model": "permission.permission",
    "pk": 106,
    "fields": {
        "name": "Can add promotion rule_ variants",
        "content_type": 26,
        "codename": "add_promotionrule_variants"
    }
},
{
    "model": "permission.permission",
    "pk": 107,
    "fields": {
        "name": "Can change promotion rule_ variants",
        "content_type": 26,
        "codename": "change_promotionrule_variants"
    }
},
{
    "model": "permission.permission",
    "pk": 108,
    "fields": {
        "name": "Can delete promotion rule_ variants",
        "content_type": 26,
        "codename": "delete_promotionrule_variants"
    }
},
{
    "model": "permission.permission",
    "pk": 109,
    "fields": {
        "name": "Can view promotion rule_ variants",
        "content_type": 26,
        "codename": "view_promotionrule_variants"
    }
},
{
    "model": "permission.permission",
    "pk": 110,
    "fields": {
        "name": "Can add promotion rule translation",
        "content_type": 27,
        "codename": "add_promotionruletranslation"
    }
},
{
    "model": "permission.permission",
    "pk": 111,
    "fields": {
        "name": "Can change promotion rule translation",
        "content_type": 27,
        "codename": "change_promotionruletranslation"
    }
},
{
    "model": "permission.permission",
    "pk": 112,
    "fields": {
        "name": "Can delete promotion rule translation",
        "content_type": 27,
        "codename": "delete_promotionruletranslation"
    }
},
{
    "model": "permission.permission",
    "pk": 113,
    "fields": {
        "name": "Can view promotion rule translation",
        "content_type": 27,
        "codename": "view_promotionruletranslation"
    }
},
{
    "model": "permission.permission",
    "pk": 114,
    "fields": {
        "name": "Can add order discount",
        "content_type": 28,
        "codename": "add_orderdiscount"
    }
},
{
    "model": "permission.permission",
    "pk": 115,
    "fields": {
        "name": "Can change order discount",
        "content_type": 28,
        "codename": "change_orderdiscount"
    }
},
{
    "model": "permission.permission",
    "pk": 116,
    "fields": {
        "name": "Can delete order discount",
        "content_type": 28,
        "codename": "delete_orderdiscount"
    }
},
{
    "model": "permission.permission",
    "pk": 117,
    "fields": {
        "name": "Can view order discount",
        "content_type": 28,
        "codename": "view_orderdiscount"
    }
},
{
    "model": "permission.permission",
    "pk": 118,
    "fields": {
        "name": "Can add order line discount",
        "content_type": 29,
        "codename": "add_orderlinediscount"
    }
},
{
    "model": "permission.permission",
    "pk": 119,
    "fields": {
        "name": "Can change order line discount",
        "content_type": 29,
        "codename": "change_orderlinediscount"
    }
},
{
    "model": "permission.permission",
    "pk": 120,
    "fields": {
        "name": "Can delete order line discount",
        "content_type": 29,
        "codename": "delete_orderlinediscount"
    }
},
{
    "model": "permission.permission",
    "pk": 121,
    "fields": {
        "name": "Can view order line discount",
        "content_type": 29,
        "codename": "view_orderlinediscount"
    }
},
{
    "model": "permission.permission",
    "pk": 122,
    "fields": {
        "name": "Can add checkout discount",
        "content_type": 30,
        "codename": "add_checkoutdiscount"
    }
},
{
    "model": "permission.permission",
    "pk": 123,
    "fields": {
        "name": "Can change checkout discount",
        "content_type": 30,
        "codename": "change_checkoutdiscount"
    }
},
{
    "model": "permission.permission",
    "pk": 124,
    "fields": {
        "name": "Can delete checkout discount",
        "content_type": 30,
        "codename": "delete_checkoutdiscount"
    }
},
{
    "model": "permission.permission",
    "pk": 125,
    "fields": {
        "name": "Can view checkout discount",
        "content_type": 30,
        "codename": "view_checkoutdiscount"
    }
},
{
    "model": "permission.permission",
    "pk": 126,
    "fields": {
        "name": "Can add checkout line discount",
        "content_type": 31,
        "codename": "add_checkoutlinediscount"
    }
},
{
    "model": "permission.permission",
    "pk": 127,
    "fields": {
        "name": "Can change checkout line discount",
        "content_type": 31,
        "codename": "change_checkoutlinediscount"
    }
},
{
    "model": "permission.permission",
    "pk": 128,
    "fields": {
        "name": "Can delete checkout line discount",
        "content_type": 31,
        "codename": "delete_checkoutlinediscount"
    }
},
{
    "model": "permission.permission",
    "pk": 129,
    "fields": {
        "name": "Can view checkout line discount",
        "content_type": 31,
        "codename": "view_checkoutlinediscount"
    }
},
{
    "model": "permission.permission",
    "pk": 130,
    "fields": {
        "name": "Can add promotion event",
        "content_type": 32,
        "codename": "add_promotionevent"
    }
},
{
    "model": "permission.permission",
    "pk": 131,
    "fields": {
        "name": "Can change promotion event",
        "content_type": 32,
        "codename": "change_promotionevent"
    }
},
{
    "model": "permission.permission",
    "pk": 132,
    "fields": {
        "name": "Can delete promotion event",
        "content_type": 32,
        "codename": "delete_promotionevent"
    }
},
{
    "model": "permission.permission",
    "pk": 133,
    "fields": {
        "name": "Can view promotion event",
        "content_type": 32,
        "codename": "view_promotionevent"
    }
},
{
    "model": "permission.permission",
    "pk": 134,
    "fields": {
        "name": "Can add gift card tag",
        "content_type": 33,
        "codename": "add_giftcardtag"
    }
},
{
    "model": "permission.permission",
    "pk": 135,
    "fields": {
        "name": "Can change gift card tag",
        "content_type": 33,
        "codename": "change_giftcardtag"
    }
},
{
    "model": "permission.permission",
    "pk": 136,
    "fields": {
        "name": "Can delete gift card tag",
        "content_type": 33,
        "codename": "delete_giftcardtag"
    }
},
{
    "model": "permission.permission",
    "pk": 137,
    "fields": {
        "name": "Can view gift card tag",
        "content_type": 33,
        "codename": "view_giftcardtag"
    }
},
{
    "model": "permission.permission",
    "pk": 138,
    "fields": {
        "name": "Can add gift card",
        "content_type": 34,
        "codename": "add_giftcard"
    }
},
{
    "model": "permission.permission",
    "pk": 139,
    "fields": {
        "name": "Can change gift card",
        "content_type": 34,
        "codename": "change_giftcard"
    }
},
{
    "model": "permission.permission",
    "pk": 140,
    "fields": {
        "name": "Can delete gift card",
        "content_type": 34,
        "codename": "delete_giftcard"
    }
},
{
    "model": "permission.permission",
    "pk": 141,
    "fields": {
        "name": "Can view gift card",
        "content_type": 34,
        "codename": "view_giftcard"
    }
},
{
    "model": "permission.permission",
    "pk": 142,
    "fields": {
        "name": "Manage gift cards.",
        "content_type": 34,
        "codename": "manage_gift_card"
    }
},
{
    "model": "permission.permission",
    "pk": 143,
    "fields": {
        "name": "Can add gift card event",
        "content_type": 35,
        "codename": "add_giftcardevent"
    }
},
{
    "model": "permission.permission",
    "pk": 144,
    "fields": {
        "name": "Can change gift card event",
        "content_type": 35,
        "codename": "change_giftcardevent"
    }
},
{
    "model": "permission.permission",
    "pk": 145,
    "fields": {
        "name": "Can delete gift card event",
        "content_type": 35,
        "codename": "delete_giftcardevent"
    }
},
{
    "model": "permission.permission",
    "pk": 146,
    "fields": {
        "name": "Can view gift card event",
        "content_type": 35,
        "codename": "view_giftcardevent"
    }
},
{
    "model": "permission.permission",
    "pk": 147,
    "fields": {
        "name": "Can add category",
        "content_type": 36,
        "codename": "add_category"
    }
},
{
    "model": "permission.permission",
    "pk": 148,
    "fields": {
        "name": "Can change category",
        "content_type": 36,
        "codename": "change_category"
    }
},
{
    "model": "permission.permission",
    "pk": 149,
    "fields": {
        "name": "Can delete category",
        "content_type": 36,
        "codename": "delete_category"
    }
},
{
    "model": "permission.permission",
    "pk": 150,
    "fields": {
        "name": "Can view category",
        "content_type": 36,
        "codename": "view_category"
    }
},
{
    "model": "permission.permission",
    "pk": 151,
    "fields": {
        "name": "Can add category translation",
        "content_type": 37,
        "codename": "add_categorytranslation"
    }
},
{
    "model": "permission.permission",
    "pk": 152,
    "fields": {
        "name": "Can change category translation",
        "content_type": 37,
        "codename": "change_categorytranslation"
    }
},
{
    "model": "permission.permission",
    "pk": 153,
    "fields": {
        "name": "Can delete category translation",
        "content_type": 37,
        "codename": "delete_categorytranslation"
    }
},
{
    "model": "permission.permission",
    "pk": 154,
    "fields": {
        "name": "Can view category translation",
        "content_type": 37,
        "codename": "view_categorytranslation"
    }
},
{
    "model": "permission.permission",
    "pk": 155,
    "fields": {
        "name": "Can add product type",
        "content_type": 38,
        "codename": "add_producttype"
    }
},
{
    "model": "permission.permission",
    "pk": 156,
    "fields": {
        "name": "Can change product type",
        "content_type": 38,
        "codename": "change_producttype"
    }
},
{
    "model": "permission.permission",
    "pk": 157,
    "fields": {
        "name": "Can delete product type",
        "content_type": 38,
        "codename": "delete_producttype"
    }
},
{
    "model": "permission.permission",
    "pk": 158,
    "fields": {
        "name": "Can view product type",
        "content_type": 38,
        "codename": "view_producttype"
    }
},
{
    "model": "permission.permission",
    "pk": 159,
    "fields": {
        "name": "Manage product types and attributes.",
        "content_type": 38,
        "codename": "manage_product_types_and_attributes"
    }
},
{
    "model": "permission.permission",
    "pk": 160,
    "fields": {
        "name": "Can add product",
        "content_type": 39,
        "codename": "add_product"
    }
},
{
    "model": "permission.permission",
    "pk": 161,
    "fields": {
        "name": "Can change product",
        "content_type": 39,
        "codename": "change_product"
    }
},
{
    "model": "permission.permission",
    "pk": 162,
    "fields": {
        "name": "Can delete product",
        "content_type": 39,
        "codename": "delete_product"
    }
},
{
    "model": "permission.permission",
    "pk": 163,
    "fields": {
        "name": "Can view product",
        "content_type": 39,
        "codename": "view_product"
    }
},
{
    "model": "permission.permission",
    "pk": 164,
    "fields": {
        "name": "Manage products.",
        "content_type": 39,
        "codename": "manage_products"
    }
},
{
    "model": "permission.permission",
    "pk": 165,
    "fields": {
        "name": "Can add product translation",
        "content_type": 40,
        "codename": "add_producttranslation"
    }
},
{
    "model": "permission.permission",
    "pk": 166,
    "fields": {
        "name": "Can change product translation",
        "content_type": 40,
        "codename": "change_producttranslation"
    }
},
{
    "model": "permission.permission",
    "pk": 167,
    "fields": {
        "name": "Can delete product translation",
        "content_type": 40,
        "codename": "delete_producttranslation"
    }
},
{
    "model": "permission.permission",
    "pk": 168,
    "fields": {
        "name": "Can view product translation",
        "content_type": 40,
        "codename": "view_producttranslation"
    }
},
{
    "model": "permission.permission",
    "pk": 169,
    "fields": {
        "name": "Can add product channel listing",
        "content_type": 41,
        "codename": "add_productchannellisting"
    }
},
{
    "model": "permission.permission",
    "pk": 170,
    "fields": {
        "name": "Can change product channel listing",
        "content_type": 41,
        "codename": "change_productchannellisting"
    }
},
{
    "model": "permission.permission",
    "pk": 171,
    "fields": {
        "name": "Can delete product channel listing",
        "content_type": 41,
        "codename": "delete_productchannellisting"
    }
},
{
    "model": "permission.permission",
    "pk": 172,
    "fields": {
        "name": "Can view product channel listing",
        "content_type": 41,
        "codename": "view_productchannellisting"
    }
},
{
    "model": "permission.permission",
    "pk": 173,
    "fields": {
        "name": "Can add product variant",
        "content_type": 42,
        "codename": "add_productvariant"
    }
},
{
    "model": "permission.permission",
    "pk": 174,
    "fields": {
        "name": "Can change product variant",
        "content_type": 42,
        "codename": "change_productvariant"
    }
},
{
    "model": "permission.permission",
    "pk": 175,
    "fields": {
        "name": "Can delete product variant",
        "content_type": 42,
        "codename": "delete_productvariant"
    }
},
{
    "model": "permission.permission",
    "pk": 176,
    "fields": {
        "name": "Can view product variant",
        "content_type": 42,
        "codename": "view_productvariant"
    }
},
{
    "model": "permission.permission",
    "pk": 177,
    "fields": {
        "name": "Can add product variant translation",
        "content_type": 43,
        "codename": "add_productvarianttranslation"
    }
},
{
    "model": "permission.permission",
    "pk": 178,
    "fields": {
        "name": "Can change product variant translation",
        "content_type": 43,
        "codename": "change_productvarianttranslation"
    }
},
{
    "model": "permission.permission",
    "pk": 179,
    "fields": {
        "name": "Can delete product variant translation",
        "content_type": 43,
        "codename": "delete_productvarianttranslation"
    }
},
{
    "model": "permission.permission",
    "pk": 180,
    "fields": {
        "name": "Can view product variant translation",
        "content_type": 43,
        "codename": "view_productvarianttranslation"
    }
},
{
    "model": "permission.permission",
    "pk": 181,
    "fields": {
        "name": "Can add product variant channel listing",
        "content_type": 44,
        "codename": "add_productvariantchannellisting"
    }
},
{
    "model": "permission.permission",
    "pk": 182,
    "fields": {
        "name": "Can change product variant channel listing",
        "content_type": 44,
        "codename": "change_productvariantchannellisting"
    }
},
{
    "model": "permission.permission",
    "pk": 183,
    "fields": {
        "name": "Can delete product variant channel listing",
        "content_type": 44,
        "codename": "delete_productvariantchannellisting"
    }
},
{
    "model": "permission.permission",
    "pk": 184,
    "fields": {
        "name": "Can view product variant channel listing",
        "content_type": 44,
        "codename": "view_productvariantchannellisting"
    }
},
{
    "model": "permission.permission",
    "pk": 185,
    "fields": {
        "name": "Can add variant channel listing promotion rule",
        "content_type": 45,
        "codename": "add_variantchannellistingpromotionrule"
    }
},
{
    "model": "permission.permission",
    "pk": 186,
    "fields": {
        "name": "Can change variant channel listing promotion rule",
        "content_type": 45,
        "codename": "change_variantchannellistingpromotionrule"
    }
},
{
    "model": "permission.permission",
    "pk": 187,
    "fields": {
        "name": "Can delete variant channel listing promotion rule",
        "content_type": 45,
        "codename": "delete_variantchannellistingpromotionrule"
    }
},
{
    "model": "permission.permission",
    "pk": 188,
    "fields": {
        "name": "Can view variant channel listing promotion rule",
        "content_type": 45,
        "codename": "view_variantchannellistingpromotionrule"
    }
},
{
    "model": "permission.permission",
    "pk": 189,
    "fields": {
        "name": "Can add digital content",
        "content_type": 46,
        "codename": "add_digitalcontent"
    }
},
{
    "model": "permission.permission",
    "pk": 190,
    "fields": {
        "name": "Can change digital content",
        "content_type": 46,
        "codename": "change_digitalcontent"
    }
},
{
    "model": "permission.permission",
    "pk": 191,
    "fields": {
        "name": "Can delete digital content",
        "content_type": 46,
        "codename": "delete_digitalcontent"
    }
},
{
    "model": "permission.permission",
    "pk": 192,
    "fields": {
        "name": "Can view digital content",
        "content_type": 46,
        "codename": "view_digitalcontent"
    }
},
{
    "model": "permission.permission",
    "pk": 193,
    "fields": {
        "name": "Can add digital content url",
        "content_type": 47,
        "codename": "add_digitalcontenturl"
    }
},
{
    "model": "permission.permission",
    "pk": 194,
    "fields": {
        "name": "Can change digital content url",
        "content_type": 47,
        "codename": "change_digitalcontenturl"
    }
},
{
    "model": "permission.permission",
    "pk": 195,
    "fields": {
        "name": "Can delete digital content url",
        "content_type": 47,
        "codename": "delete_digitalcontenturl"
    }
},
{
    "model": "permission.permission",
    "pk": 196,
    "fields": {
        "name": "Can view digital content url",
        "content_type": 47,
        "codename": "view_digitalcontenturl"
    }
},
{
    "model": "permission.permission",
    "pk": 197,
    "fields": {
        "name": "Can add product media",
        "content_type": 48,
        "codename": "add_productmedia"
    }
},
{
    "model": "permission.permission",
    "pk": 198,
    "fields": {
        "name": "Can change product media",
        "content_type": 48,
        "codename": "change_productmedia"
    }
},
{
    "model": "permission.permission",
    "pk": 199,
    "fields": {
        "name": "Can delete product media",
        "content_type": 48,
        "codename": "delete_productmedia"
    }
},
{
    "model": "permission.permission",
    "pk": 200,
    "fields": {
        "name": "Can view product media",
        "content_type": 48,
        "codename": "view_productmedia"
    }
},
{
    "model": "permission.permission",
    "pk": 201,
    "fields": {
        "name": "Can add variant media",
        "content_type": 49,
        "codename": "add_variantmedia"
    }
},
{
    "model": "permission.permission",
    "pk": 202,
    "fields": {
        "name": "Can change variant media",
        "content_type": 49,
        "codename": "change_variantmedia"
    }
},
{
    "model": "permission.permission",
    "pk": 203,
    "fields": {
        "name": "Can delete variant media",
        "content_type": 49,
        "codename": "delete_variantmedia"
    }
},
{
    "model": "permission.permission",
    "pk": 204,
    "fields": {
        "name": "Can view variant media",
        "content_type": 49,
        "codename": "view_variantmedia"
    }
},
{
    "model": "permission.permission",
    "pk": 205,
    "fields": {
        "name": "Can add collection product",
        "content_type": 50,
        "codename": "add_collectionproduct"
    }
},
{
    "model": "permission.permission",
    "pk": 206,
    "fields": {
        "name": "Can change collection product",
        "content_type": 50,
        "codename": "change_collectionproduct"
    }
},
{
    "model": "permission.permission",
    "pk": 207,
    "fields": {
        "name": "Can delete collection product",
        "content_type": 50,
        "codename": "delete_collectionproduct"
    }
},
{
    "model": "permission.permission",
    "pk": 208,
    "fields": {
        "name": "Can view collection product",
        "content_type": 50,
        "codename": "view_collectionproduct"
    }
},
{
    "model": "permission.permission",
    "pk": 209,
    "fields": {
        "name": "Can add collection",
        "content_type": 51,
        "codename": "add_collection"
    }
},
{
    "model": "permission.permission",
    "pk": 210,
    "fields": {
        "name": "Can change collection",
        "content_type": 51,
        "codename": "change_collection"
    }
},
{
    "model": "permission.permission",
    "pk": 211,
    "fields": {
        "name": "Can delete collection",
        "content_type": 51,
        "codename": "delete_collection"
    }
},
{
    "model": "permission.permission",
    "pk": 212,
    "fields": {
        "name": "Can view collection",
        "content_type": 51,
        "codename": "view_collection"
    }
},
{
    "model": "permission.permission",
    "pk": 213,
    "fields": {
        "name": "Can add collection channel listing",
        "content_type": 52,
        "codename": "add_collectionchannellisting"
    }
},
{
    "model": "permission.permission",
    "pk": 214,
    "fields": {
        "name": "Can change collection channel listing",
        "content_type": 52,
        "codename": "change_collectionchannellisting"
    }
},
{
    "model": "permission.permission",
    "pk": 215,
    "fields": {
        "name": "Can delete collection channel listing",
        "content_type": 52,
        "codename": "delete_collectionchannellisting"
    }
},
{
    "model": "permission.permission",
    "pk": 216,
    "fields": {
        "name": "Can view collection channel listing",
        "content_type": 52,
        "codename": "view_collectionchannellisting"
    }
},
{
    "model": "permission.permission",
    "pk": 217,
    "fields": {
        "name": "Can add collection translation",
        "content_type": 53,
        "codename": "add_collectiontranslation"
    }
},
{
    "model": "permission.permission",
    "pk": 218,
    "fields": {
        "name": "Can change collection translation",
        "content_type": 53,
        "codename": "change_collectiontranslation"
    }
},
{
    "model": "permission.permission",
    "pk": 219,
    "fields": {
        "name": "Can delete collection translation",
        "content_type": 53,
        "codename": "delete_collectiontranslation"
    }
},
{
    "model": "permission.permission",
    "pk": 220,
    "fields": {
        "name": "Can view collection translation",
        "content_type": 53,
        "codename": "view_collectiontranslation"
    }
},
{
    "model": "permission.permission",
    "pk": 221,
    "fields": {
        "name": "Can add attribute",
        "content_type": 54,
        "codename": "add_attribute"
    }
},
{
    "model": "permission.permission",
    "pk": 222,
    "fields": {
        "name": "Can change attribute",
        "content_type": 54,
        "codename": "change_attribute"
    }
},
{
    "model": "permission.permission",
    "pk": 223,
    "fields": {
        "name": "Can delete attribute",
        "content_type": 54,
        "codename": "delete_attribute"
    }
},
{
    "model": "permission.permission",
    "pk": 224,
    "fields": {
        "name": "Can view attribute",
        "content_type": 54,
        "codename": "view_attribute"
    }
},
{
    "model": "permission.permission",
    "pk": 225,
    "fields": {
        "name": "Can add attribute translation",
        "content_type": 55,
        "codename": "add_attributetranslation"
    }
},
{
    "model": "permission.permission",
    "pk": 226,
    "fields": {
        "name": "Can change attribute translation",
        "content_type": 55,
        "codename": "change_attributetranslation"
    }
},
{
    "model": "permission.permission",
    "pk": 227,
    "fields": {
        "name": "Can delete attribute translation",
        "content_type": 55,
        "codename": "delete_attributetranslation"
    }
},
{
    "model": "permission.permission",
    "pk": 228,
    "fields": {
        "name": "Can view attribute translation",
        "content_type": 55,
        "codename": "view_attributetranslation"
    }
},
{
    "model": "permission.permission",
    "pk": 229,
    "fields": {
        "name": "Can add attribute value",
        "content_type": 56,
        "codename": "add_attributevalue"
    }
},
{
    "model": "permission.permission",
    "pk": 230,
    "fields": {
        "name": "Can change attribute value",
        "content_type": 56,
        "codename": "change_attributevalue"
    }
},
{
    "model": "permission.permission",
    "pk": 231,
    "fields": {
        "name": "Can delete attribute value",
        "content_type": 56,
        "codename": "delete_attributevalue"
    }
},
{
    "model": "permission.permission",
    "pk": 232,
    "fields": {
        "name": "Can view attribute value",
        "content_type": 56,
        "codename": "view_attributevalue"
    }
},
{
    "model": "permission.permission",
    "pk": 233,
    "fields": {
        "name": "Can add attribute value translation",
        "content_type": 57,
        "codename": "add_attributevaluetranslation"
    }
},
{
    "model": "permission.permission",
    "pk": 234,
    "fields": {
        "name": "Can change attribute value translation",
        "content_type": 57,
        "codename": "change_attributevaluetranslation"
    }
},
{
    "model": "permission.permission",
    "pk": 235,
    "fields": {
        "name": "Can delete attribute value translation",
        "content_type": 57,
        "codename": "delete_attributevaluetranslation"
    }
},
{
    "model": "permission.permission",
    "pk": 236,
    "fields": {
        "name": "Can view attribute value translation",
        "content_type": 57,
        "codename": "view_attributevaluetranslation"
    }
},
{
    "model": "permission.permission",
    "pk": 237,
    "fields": {
        "name": "Can add assigned page attribute value",
        "content_type": 58,
        "codename": "add_assignedpageattributevalue"
    }
},
{
    "model": "permission.permission",
    "pk": 238,
    "fields": {
        "name": "Can change assigned page attribute value",
        "content_type": 58,
        "codename": "change_assignedpageattributevalue"
    }
},
{
    "model": "permission.permission",
    "pk": 239,
    "fields": {
        "name": "Can delete assigned page attribute value",
        "content_type": 58,
        "codename": "delete_assignedpageattributevalue"
    }
},
{
    "model": "permission.permission",
    "pk": 240,
    "fields": {
        "name": "Can view assigned page attribute value",
        "content_type": 58,
        "codename": "view_assignedpageattributevalue"
    }
},
{
    "model": "permission.permission",
    "pk": 241,
    "fields": {
        "name": "Can add attribute page",
        "content_type": 59,
        "codename": "add_attributepage"
    }
},
{
    "model": "permission.permission",
    "pk": 242,
    "fields": {
        "name": "Can change attribute page",
        "content_type": 59,
        "codename": "change_attributepage"
    }
},
{
    "model": "permission.permission",
    "pk": 243,
    "fields": {
        "name": "Can delete attribute page",
        "content_type": 59,
        "codename": "delete_attributepage"
    }
},
{
    "model": "permission.permission",
    "pk": 244,
    "fields": {
        "name": "Can view attribute page",
        "content_type": 59,
        "codename": "view_attributepage"
    }
},
{
    "model": "permission.permission",
    "pk": 245,
    "fields": {
        "name": "Can add assigned product attribute value",
        "content_type": 60,
        "codename": "add_assignedproductattributevalue"
    }
},
{
    "model": "permission.permission",
    "pk": 246,
    "fields": {
        "name": "Can change assigned product attribute value",
        "content_type": 60,
        "codename": "change_assignedproductattributevalue"
    }
},
{
    "model": "permission.permission",
    "pk": 247,
    "fields": {
        "name": "Can delete assigned product attribute value",
        "content_type": 60,
        "codename": "delete_assignedproductattributevalue"
    }
},
{
    "model": "permission.permission",
    "pk": 248,
    "fields": {
        "name": "Can view assigned product attribute value",
        "content_type": 60,
        "codename": "view_assignedproductattributevalue"
    }
},
{
    "model": "permission.permission",
    "pk": 249,
    "fields": {
        "name": "Can add attribute product",
        "content_type": 61,
        "codename": "add_attributeproduct"
    }
},
{
    "model": "permission.permission",
    "pk": 250,
    "fields": {
        "name": "Can change attribute product",
        "content_type": 61,
        "codename": "change_attributeproduct"
    }
},
{
    "model": "permission.permission",
    "pk": 251,
    "fields": {
        "name": "Can delete attribute product",
        "content_type": 61,
        "codename": "delete_attributeproduct"
    }
},
{
    "model": "permission.permission",
    "pk": 252,
    "fields": {
        "name": "Can view attribute product",
        "content_type": 61,
        "codename": "view_attributeproduct"
    }
},
{
    "model": "permission.permission",
    "pk": 253,
    "fields": {
        "name": "Can add assigned variant attribute value",
        "content_type": 62,
        "codename": "add_assignedvariantattributevalue"
    }
},
{
    "model": "permission.permission",
    "pk": 254,
    "fields": {
        "name": "Can change assigned variant attribute value",
        "content_type": 62,
        "codename": "change_assignedvariantattributevalue"
    }
},
{
    "model": "permission.permission",
    "pk": 255,
    "fields": {
        "name": "Can delete assigned variant attribute value",
        "content_type": 62,
        "codename": "delete_assignedvariantattributevalue"
    }
},
{
    "model": "permission.permission",
    "pk": 256,
    "fields": {
        "name": "Can view assigned variant attribute value",
        "content_type": 62,
        "codename": "view_assignedvariantattributevalue"
    }
},
{
    "model": "permission.permission",
    "pk": 257,
    "fields": {
        "name": "Can add assigned variant attribute",
        "content_type": 63,
        "codename": "add_assignedvariantattribute"
    }
},
{
    "model": "permission.permission",
    "pk": 258,
    "fields": {
        "name": "Can change assigned variant attribute",
        "content_type": 63,
        "codename": "change_assignedvariantattribute"
    }
},
{
    "model": "permission.permission",
    "pk": 259,
    "fields": {
        "name": "Can delete assigned variant attribute",
        "content_type": 63,
        "codename": "delete_assignedvariantattribute"
    }
},
{
    "model": "permission.permission",
    "pk": 260,
    "fields": {
        "name": "Can view assigned variant attribute",
        "content_type": 63,
        "codename": "view_assignedvariantattribute"
    }
},
{
    "model": "permission.permission",
    "pk": 261,
    "fields": {
        "name": "Can add attribute variant",
        "content_type": 64,
        "codename": "add_attributevariant"
    }
},
{
    "model": "permission.permission",
    "pk": 262,
    "fields": {
        "name": "Can change attribute variant",
        "content_type": 64,
        "codename": "change_attributevariant"
    }
},
{
    "model": "permission.permission",
    "pk": 263,
    "fields": {
        "name": "Can delete attribute variant",
        "content_type": 64,
        "codename": "delete_attributevariant"
    }
},
{
    "model": "permission.permission",
    "pk": 264,
    "fields": {
        "name": "Can view attribute variant",
        "content_type": 64,
        "codename": "view_attributevariant"
    }
},
{
    "model": "permission.permission",
    "pk": 265,
    "fields": {
        "name": "Can add channel",
        "content_type": 65,
        "codename": "add_channel"
    }
},
{
    "model": "permission.permission",
    "pk": 266,
    "fields": {
        "name": "Can change channel",
        "content_type": 65,
        "codename": "change_channel"
    }
},
{
    "model": "permission.permission",
    "pk": 267,
    "fields": {
        "name": "Can delete channel",
        "content_type": 65,
        "codename": "delete_channel"
    }
},
{
    "model": "permission.permission",
    "pk": 268,
    "fields": {
        "name": "Can view channel",
        "content_type": 65,
        "codename": "view_channel"
    }
},
{
    "model": "permission.permission",
    "pk": 269,
    "fields": {
        "name": "Manage channels.",
        "content_type": 65,
        "codename": "manage_channels"
    }
},
{
    "model": "permission.permission",
    "pk": 270,
    "fields": {
        "name": "Can add checkout",
        "content_type": 66,
        "codename": "add_checkout"
    }
},
{
    "model": "permission.permission",
    "pk": 271,
    "fields": {
        "name": "Can change checkout",
        "content_type": 66,
        "codename": "change_checkout"
    }
},
{
    "model": "permission.permission",
    "pk": 272,
    "fields": {
        "name": "Can delete checkout",
        "content_type": 66,
        "codename": "delete_checkout"
    }
},
{
    "model": "permission.permission",
    "pk": 273,
    "fields": {
        "name": "Can view checkout",
        "content_type": 66,
        "codename": "view_checkout"
    }
},
{
    "model": "permission.permission",
    "pk": 274,
    "fields": {
        "name": "Manage checkouts",
        "content_type": 66,
        "codename": "manage_checkouts"
    }
},
{
    "model": "permission.permission",
    "pk": 275,
    "fields": {
        "name": "Handle checkouts",
        "content_type": 66,
        "codename": "handle_checkouts"
    }
},
{
    "model": "permission.permission",
    "pk": 276,
    "fields": {
        "name": "Handle taxes",
        "content_type": 66,
        "codename": "handle_taxes"
    }
},
{
    "model": "permission.permission",
    "pk": 277,
    "fields": {
        "name": "Manage taxes",
        "content_type": 66,
        "codename": "manage_taxes"
    }
},
{
    "model": "permission.permission",
    "pk": 278,
    "fields": {
        "name": "Can add checkout line",
        "content_type": 67,
        "codename": "add_checkoutline"
    }
},
{
    "model": "permission.permission",
    "pk": 279,
    "fields": {
        "name": "Can change checkout line",
        "content_type": 67,
        "codename": "change_checkoutline"
    }
},
{
    "model": "permission.permission",
    "pk": 280,
    "fields": {
        "name": "Can delete checkout line",
        "content_type": 67,
        "codename": "delete_checkoutline"
    }
},
{
    "model": "permission.permission",
    "pk": 281,
    "fields": {
        "name": "Can view checkout line",
        "content_type": 67,
        "codename": "view_checkoutline"
    }
},
{
    "model": "permission.permission",
    "pk": 282,
    "fields": {
        "name": "Can add checkout metadata",
        "content_type": 68,
        "codename": "add_checkoutmetadata"
    }
},
{
    "model": "permission.permission",
    "pk": 283,
    "fields": {
        "name": "Can change checkout metadata",
        "content_type": 68,
        "codename": "change_checkoutmetadata"
    }
},
{
    "model": "permission.permission",
    "pk": 284,
    "fields": {
        "name": "Can delete checkout metadata",
        "content_type": 68,
        "codename": "delete_checkoutmetadata"
    }
},
{
    "model": "permission.permission",
    "pk": 285,
    "fields": {
        "name": "Can view checkout metadata",
        "content_type": 68,
        "codename": "view_checkoutmetadata"
    }
},
{
    "model": "permission.permission",
    "pk": 286,
    "fields": {
        "name": "Can add event payload",
        "content_type": 69,
        "codename": "add_eventpayload"
    }
},
{
    "model": "permission.permission",
    "pk": 287,
    "fields": {
        "name": "Can change event payload",
        "content_type": 69,
        "codename": "change_eventpayload"
    }
},
{
    "model": "permission.permission",
    "pk": 288,
    "fields": {
        "name": "Can delete event payload",
        "content_type": 69,
        "codename": "delete_eventpayload"
    }
},
{
    "model": "permission.permission",
    "pk": 289,
    "fields": {
        "name": "Can view event payload",
        "content_type": 69,
        "codename": "view_eventpayload"
    }
},
{
    "model": "permission.permission",
    "pk": 290,
    "fields": {
        "name": "Can add event delivery",
        "content_type": 70,
        "codename": "add_eventdelivery"
    }
},
{
    "model": "permission.permission",
    "pk": 291,
    "fields": {
        "name": "Can change event delivery",
        "content_type": 70,
        "codename": "change_eventdelivery"
    }
},
{
    "model": "permission.permission",
    "pk": 292,
    "fields": {
        "name": "Can delete event delivery",
        "content_type": 70,
        "codename": "delete_eventdelivery"
    }
},
{
    "model": "permission.permission",
    "pk": 293,
    "fields": {
        "name": "Can view event delivery",
        "content_type": 70,
        "codename": "view_eventdelivery"
    }
},
{
    "model": "permission.permission",
    "pk": 294,
    "fields": {
        "name": "Can add event delivery attempt",
        "content_type": 71,
        "codename": "add_eventdeliveryattempt"
    }
},
{
    "model": "permission.permission",
    "pk": 295,
    "fields": {
        "name": "Can change event delivery attempt",
        "content_type": 71,
        "codename": "change_eventdeliveryattempt"
    }
},
{
    "model": "permission.permission",
    "pk": 296,
    "fields": {
        "name": "Can delete event delivery attempt",
        "content_type": 71,
        "codename": "delete_eventdeliveryattempt"
    }
},
{
    "model": "permission.permission",
    "pk": 297,
    "fields": {
        "name": "Can view event delivery attempt",
        "content_type": 71,
        "codename": "view_eventdeliveryattempt"
    }
},
{
    "model": "permission.permission",
    "pk": 298,
    "fields": {
        "name": "Can add export file",
        "content_type": 72,
        "codename": "add_exportfile"
    }
},
{
    "model": "permission.permission",
    "pk": 299,
    "fields": {
        "name": "Can change export file",
        "content_type": 72,
        "codename": "change_exportfile"
    }
},
{
    "model": "permission.permission",
    "pk": 300,
    "fields": {
        "name": "Can delete export file",
        "content_type": 72,
        "codename": "delete_exportfile"
    }
},
{
    "model": "permission.permission",
    "pk": 301,
    "fields": {
        "name": "Can view export file",
        "content_type": 72,
        "codename": "view_exportfile"
    }
},
{
    "model": "permission.permission",
    "pk": 302,
    "fields": {
        "name": "Can add export event",
        "content_type": 73,
        "codename": "add_exportevent"
    }
},
{
    "model": "permission.permission",
    "pk": 303,
    "fields": {
        "name": "Can change export event",
        "content_type": 73,
        "codename": "change_exportevent"
    }
},
{
    "model": "permission.permission",
    "pk": 304,
    "fields": {
        "name": "Can delete export event",
        "content_type": 73,
        "codename": "delete_exportevent"
    }
},
{
    "model": "permission.permission",
    "pk": 305,
    "fields": {
        "name": "Can view export event",
        "content_type": 73,
        "codename": "view_exportevent"
    }
},
{
    "model": "permission.permission",
    "pk": 306,
    "fields": {
        "name": "Can add menu",
        "content_type": 74,
        "codename": "add_menu"
    }
},
{
    "model": "permission.permission",
    "pk": 307,
    "fields": {
        "name": "Can change menu",
        "content_type": 74,
        "codename": "change_menu"
    }
},
{
    "model": "permission.permission",
    "pk": 308,
    "fields": {
        "name": "Can delete menu",
        "content_type": 74,
        "codename": "delete_menu"
    }
},
{
    "model": "permission.permission",
    "pk": 309,
    "fields": {
        "name": "Can view menu",
        "content_type": 74,
        "codename": "view_menu"
    }
},
{
    "model": "permission.permission",
    "pk": 310,
    "fields": {
        "name": "Manage navigation.",
        "content_type": 74,
        "codename": "manage_menus"
    }
},
{
    "model": "permission.permission",
    "pk": 311,
    "fields": {
        "name": "Can add menu item",
        "content_type": 75,
        "codename": "add_menuitem"
    }
},
{
    "model": "permission.permission",
    "pk": 312,
    "fields": {
        "name": "Can change menu item",
        "content_type": 75,
        "codename": "change_menuitem"
    }
},
{
    "model": "permission.permission",
    "pk": 313,
    "fields": {
        "name": "Can delete menu item",
        "content_type": 75,
        "codename": "delete_menuitem"
    }
},
{
    "model": "permission.permission",
    "pk": 314,
    "fields": {
        "name": "Can view menu item",
        "content_type": 75,
        "codename": "view_menuitem"
    }
},
{
    "model": "permission.permission",
    "pk": 315,
    "fields": {
        "name": "Can add menu item translation",
        "content_type": 76,
        "codename": "add_menuitemtranslation"
    }
},
{
    "model": "permission.permission",
    "pk": 316,
    "fields": {
        "name": "Can change menu item translation",
        "content_type": 76,
        "codename": "change_menuitemtranslation"
    }
},
{
    "model": "permission.permission",
    "pk": 317,
    "fields": {
        "name": "Can delete menu item translation",
        "content_type": 76,
        "codename": "delete_menuitemtranslation"
    }
},
{
    "model": "permission.permission",
    "pk": 318,
    "fields": {
        "name": "Can view menu item translation",
        "content_type": 76,
        "codename": "view_menuitemtranslation"
    }
},
{
    "model": "permission.permission",
    "pk": 319,
    "fields": {
        "name": "Can add order",
        "content_type": 77,
        "codename": "add_order"
    }
},
{
    "model": "permission.permission",
    "pk": 320,
    "fields": {
        "name": "Can change order",
        "content_type": 77,
        "codename": "change_order"
    }
},
{
    "model": "permission.permission",
    "pk": 321,
    "fields": {
        "name": "Can delete order",
        "content_type": 77,
        "codename": "delete_order"
    }
},
{
    "model": "permission.permission",
    "pk": 322,
    "fields": {
        "name": "Can view order",
        "content_type": 77,
        "codename": "view_order"
    }
},
{
    "model": "permission.permission",
    "pk": 323,
    "fields": {
        "name": "Manage orders.",
        "content_type": 77,
        "codename": "manage_orders"
    }
},
{
    "model": "permission.permission",
    "pk": 324,
    "fields": {
        "name": "Manage orders import.",
        "content_type": 77,
        "codename": "manage_orders_import"
    }
},
{
    "model": "permission.permission",
    "pk": 325,
    "fields": {
        "name": "Can add order line",
        "content_type": 78,
        "codename": "add_orderline"
    }
},
{
    "model": "permission.permission",
    "pk": 326,
    "fields": {
        "name": "Can change order line",
        "content_type": 78,
        "codename": "change_orderline"
    }
},
{
    "model": "permission.permission",
    "pk": 327,
    "fields": {
        "name": "Can delete order line",
        "content_type": 78,
        "codename": "delete_orderline"
    }
},
{
    "model": "permission.permission",
    "pk": 328,
    "fields": {
        "name": "Can view order line",
        "content_type": 78,
        "codename": "view_orderline"
    }
},
{
    "model": "permission.permission",
    "pk": 329,
    "fields": {
        "name": "Can add fulfillment",
        "content_type": 79,
        "codename": "add_fulfillment"
    }
},
{
    "model": "permission.permission",
    "pk": 330,
    "fields": {
        "name": "Can change fulfillment",
        "content_type": 79,
        "codename": "change_fulfillment"
    }
},
{
    "model": "permission.permission",
    "pk": 331,
    "fields": {
        "name": "Can delete fulfillment",
        "content_type": 79,
        "codename": "delete_fulfillment"
    }
},
{
    "model": "permission.permission",
    "pk": 332,
    "fields": {
        "name": "Can view fulfillment",
        "content_type": 79,
        "codename": "view_fulfillment"
    }
},
{
    "model": "permission.permission",
    "pk": 333,
    "fields": {
        "name": "Can add fulfillment line",
        "content_type": 80,
        "codename": "add_fulfillmentline"
    }
},
{
    "model": "permission.permission",
    "pk": 334,
    "fields": {
        "name": "Can change fulfillment line",
        "content_type": 80,
        "codename": "change_fulfillmentline"
    }
},
{
    "model": "permission.permission",
    "pk": 335,
    "fields": {
        "name": "Can delete fulfillment line",
        "content_type": 80,
        "codename": "delete_fulfillmentline"
    }
},
{
    "model": "permission.permission",
    "pk": 336,
    "fields": {
        "name": "Can view fulfillment line",
        "content_type": 80,
        "codename": "view_fulfillmentline"
    }
},
{
    "model": "permission.permission",
    "pk": 337,
    "fields": {
        "name": "Can add order event",
        "content_type": 81,
        "codename": "add_orderevent"
    }
},
{
    "model": "permission.permission",
    "pk": 338,
    "fields": {
        "name": "Can change order event",
        "content_type": 81,
        "codename": "change_orderevent"
    }
},
{
    "model": "permission.permission",
    "pk": 339,
    "fields": {
        "name": "Can delete order event",
        "content_type": 81,
        "codename": "delete_orderevent"
    }
},
{
    "model": "permission.permission",
    "pk": 340,
    "fields": {
        "name": "Can view order event",
        "content_type": 81,
        "codename": "view_orderevent"
    }
},
{
    "model": "permission.permission",
    "pk": 341,
    "fields": {
        "name": "Can add order granted refund",
        "content_type": 82,
        "codename": "add_ordergrantedrefund"
    }
},
{
    "model": "permission.permission",
    "pk": 342,
    "fields": {
        "name": "Can change order granted refund",
        "content_type": 82,
        "codename": "change_ordergrantedrefund"
    }
},
{
    "model": "permission.permission",
    "pk": 343,
    "fields": {
        "name": "Can delete order granted refund",
        "content_type": 82,
        "codename": "delete_ordergrantedrefund"
    }
},
{
    "model": "permission.permission",
    "pk": 344,
    "fields": {
        "name": "Can view order granted refund",
        "content_type": 82,
        "codename": "view_ordergrantedrefund"
    }
},
{
    "model": "permission.permission",
    "pk": 345,
    "fields": {
        "name": "Can add order granted refund line",
        "content_type": 83,
        "codename": "add_ordergrantedrefundline"
    }
},
{
    "model": "permission.permission",
    "pk": 346,
    "fields": {
        "name": "Can change order granted refund line",
        "content_type": 83,
        "codename": "change_ordergrantedrefundline"
    }
},
{
    "model": "permission.permission",
    "pk": 347,
    "fields": {
        "name": "Can delete order granted refund line",
        "content_type": 83,
        "codename": "delete_ordergrantedrefundline"
    }
},
{
    "model": "permission.permission",
    "pk": 348,
    "fields": {
        "name": "Can view order granted refund line",
        "content_type": 83,
        "codename": "view_ordergrantedrefundline"
    }
},
{
    "model": "permission.permission",
    "pk": 349,
    "fields": {
        "name": "Can add invoice",
        "content_type": 84,
        "codename": "add_invoice"
    }
},
{
    "model": "permission.permission",
    "pk": 350,
    "fields": {
        "name": "Can change invoice",
        "content_type": 84,
        "codename": "change_invoice"
    }
},
{
    "model": "permission.permission",
    "pk": 351,
    "fields": {
        "name": "Can delete invoice",
        "content_type": 84,
        "codename": "delete_invoice"
    }
},
{
    "model": "permission.permission",
    "pk": 352,
    "fields": {
        "name": "Can view invoice",
        "content_type": 84,
        "codename": "view_invoice"
    }
},
{
    "model": "permission.permission",
    "pk": 353,
    "fields": {
        "name": "Can add invoice event",
        "content_type": 85,
        "codename": "add_invoiceevent"
    }
},
{
    "model": "permission.permission",
    "pk": 354,
    "fields": {
        "name": "Can change invoice event",
        "content_type": 85,
        "codename": "change_invoiceevent"
    }
},
{
    "model": "permission.permission",
    "pk": 355,
    "fields": {
        "name": "Can delete invoice event",
        "content_type": 85,
        "codename": "delete_invoiceevent"
    }
},
{
    "model": "permission.permission",
    "pk": 356,
    "fields": {
        "name": "Can view invoice event",
        "content_type": 85,
        "codename": "view_invoiceevent"
    }
},
{
    "model": "permission.permission",
    "pk": 357,
    "fields": {
        "name": "Can add shipping zone",
        "content_type": 86,
        "codename": "add_shippingzone"
    }
},
{
    "model": "permission.permission",
    "pk": 358,
    "fields": {
        "name": "Can change shipping zone",
        "content_type": 86,
        "codename": "change_shippingzone"
    }
},
{
    "model": "permission.permission",
    "pk": 359,
    "fields": {
        "name": "Can delete shipping zone",
        "content_type": 86,
        "codename": "delete_shippingzone"
    }
},
{
    "model": "permission.permission",
    "pk": 360,
    "fields": {
        "name": "Can view shipping zone",
        "content_type": 86,
        "codename": "view_shippingzone"
    }
},
{
    "model": "permission.permission",
    "pk": 361,
    "fields": {
        "name": "Manage shipping.",
        "content_type": 86,
        "codename": "manage_shipping"
    }
},
{
    "model": "permission.permission",
    "pk": 362,
    "fields": {
        "name": "Can add shipping method",
        "content_type": 87,
        "codename": "add_shippingmethod"
    }
},
{
    "model": "permission.permission",
    "pk": 363,
    "fields": {
        "name": "Can change shipping method",
        "content_type": 87,
        "codename": "change_shippingmethod"
    }
},
{
    "model": "permission.permission",
    "pk": 364,
    "fields": {
        "name": "Can delete shipping method",
        "content_type": 87,
        "codename": "delete_shippingmethod"
    }
},
{
    "model": "permission.permission",
    "pk": 365,
    "fields": {
        "name": "Can view shipping method",
        "content_type": 87,
        "codename": "view_shippingmethod"
    }
},
{
    "model": "permission.permission",
    "pk": 366,
    "fields": {
        "name": "Can add shipping method postal code rule",
        "content_type": 88,
        "codename": "add_shippingmethodpostalcoderule"
    }
},
{
    "model": "permission.permission",
    "pk": 367,
    "fields": {
        "name": "Can change shipping method postal code rule",
        "content_type": 88,
        "codename": "change_shippingmethodpostalcoderule"
    }
},
{
    "model": "permission.permission",
    "pk": 368,
    "fields": {
        "name": "Can delete shipping method postal code rule",
        "content_type": 88,
        "codename": "delete_shippingmethodpostalcoderule"
    }
},
{
    "model": "permission.permission",
    "pk": 369,
    "fields": {
        "name": "Can view shipping method postal code rule",
        "content_type": 88,
        "codename": "view_shippingmethodpostalcoderule"
    }
},
{
    "model": "permission.permission",
    "pk": 370,
    "fields": {
        "name": "Can add shipping method channel listing",
        "content_type": 89,
        "codename": "add_shippingmethodchannellisting"
    }
},
{
    "model": "permission.permission",
    "pk": 371,
    "fields": {
        "name": "Can change shipping method channel listing",
        "content_type": 89,
        "codename": "change_shippingmethodchannellisting"
    }
},
{
    "model": "permission.permission",
    "pk": 372,
    "fields": {
        "name": "Can delete shipping method channel listing",
        "content_type": 89,
        "codename": "delete_shippingmethodchannellisting"
    }
},
{
    "model": "permission.permission",
    "pk": 373,
    "fields": {
        "name": "Can view shipping method channel listing",
        "content_type": 89,
        "codename": "view_shippingmethodchannellisting"
    }
},
{
    "model": "permission.permission",
    "pk": 374,
    "fields": {
        "name": "Can add shipping method translation",
        "content_type": 90,
        "codename": "add_shippingmethodtranslation"
    }
},
{
    "model": "permission.permission",
    "pk": 375,
    "fields": {
        "name": "Can change shipping method translation",
        "content_type": 90,
        "codename": "change_shippingmethodtranslation"
    }
},
{
    "model": "permission.permission",
    "pk": 376,
    "fields": {
        "name": "Can delete shipping method translation",
        "content_type": 90,
        "codename": "delete_shippingmethodtranslation"
    }
},
{
    "model": "permission.permission",
    "pk": 377,
    "fields": {
        "name": "Can view shipping method translation",
        "content_type": 90,
        "codename": "view_shippingmethodtranslation"
    }
},
{
    "model": "permission.permission",
    "pk": 378,
    "fields": {
        "name": "Can add site settings",
        "content_type": 91,
        "codename": "add_sitesettings"
    }
},
{
    "model": "permission.permission",
    "pk": 379,
    "fields": {
        "name": "Can change site settings",
        "content_type": 91,
        "codename": "change_sitesettings"
    }
},
{
    "model": "permission.permission",
    "pk": 380,
    "fields": {
        "name": "Can delete site settings",
        "content_type": 91,
        "codename": "delete_sitesettings"
    }
},
{
    "model": "permission.permission",
    "pk": 381,
    "fields": {
        "name": "Can view site settings",
        "content_type": 91,
        "codename": "view_sitesettings"
    }
},
{
    "model": "permission.permission",
    "pk": 382,
    "fields": {
        "name": "Manage settings.",
        "content_type": 91,
        "codename": "manage_settings"
    }
},
{
    "model": "permission.permission",
    "pk": 383,
    "fields": {
        "name": "Manage translations.",
        "content_type": 91,
        "codename": "manage_translations"
    }
},
{
    "model": "permission.permission",
    "pk": 384,
    "fields": {
        "name": "Can add site settings translation",
        "content_type": 92,
        "codename": "add_sitesettingstranslation"
    }
},
{
    "model": "permission.permission",
    "pk": 385,
    "fields": {
        "name": "Can change site settings translation",
        "content_type": 92,
        "codename": "change_sitesettingstranslation"
    }
},
{
    "model": "permission.permission",
    "pk": 386,
    "fields": {
        "name": "Can delete site settings translation",
        "content_type": 92,
        "codename": "delete_sitesettingstranslation"
    }
},
{
    "model": "permission.permission",
    "pk": 387,
    "fields": {
        "name": "Can view site settings translation",
        "content_type": 92,
        "codename": "view_sitesettingstranslation"
    }
},
{
    "model": "permission.permission",
    "pk": 388,
    "fields": {
        "name": "Can add page",
        "content_type": 93,
        "codename": "add_page"
    }
},
{
    "model": "permission.permission",
    "pk": 389,
    "fields": {
        "name": "Can change page",
        "content_type": 93,
        "codename": "change_page"
    }
},
{
    "model": "permission.permission",
    "pk": 390,
    "fields": {
        "name": "Can delete page",
        "content_type": 93,
        "codename": "delete_page"
    }
},
{
    "model": "permission.permission",
    "pk": 391,
    "fields": {
        "name": "Can view page",
        "content_type": 93,
        "codename": "view_page"
    }
},
{
    "model": "permission.permission",
    "pk": 392,
    "fields": {
        "name": "Manage pages.",
        "content_type": 93,
        "codename": "manage_pages"
    }
},
{
    "model": "permission.permission",
    "pk": 393,
    "fields": {
        "name": "Can add page translation",
        "content_type": 94,
        "codename": "add_pagetranslation"
    }
},
{
    "model": "permission.permission",
    "pk": 394,
    "fields": {
        "name": "Can change page translation",
        "content_type": 94,
        "codename": "change_pagetranslation"
    }
},
{
    "model": "permission.permission",
    "pk": 395,
    "fields": {
        "name": "Can delete page translation",
        "content_type": 94,
        "codename": "delete_pagetranslation"
    }
},
{
    "model": "permission.permission",
    "pk": 396,
    "fields": {
        "name": "Can view page translation",
        "content_type": 94,
        "codename": "view_pagetranslation"
    }
},
{
    "model": "permission.permission",
    "pk": 397,
    "fields": {
        "name": "Can add page type",
        "content_type": 95,
        "codename": "add_pagetype"
    }
},
{
    "model": "permission.permission",
    "pk": 398,
    "fields": {
        "name": "Can change page type",
        "content_type": 95,
        "codename": "change_pagetype"
    }
},
{
    "model": "permission.permission",
    "pk": 399,
    "fields": {
        "name": "Can delete page type",
        "content_type": 95,
        "codename": "delete_pagetype"
    }
},
{
    "model": "permission.permission",
    "pk": 400,
    "fields": {
        "name": "Can view page type",
        "content_type": 95,
        "codename": "view_pagetype"
    }
},
{
    "model": "permission.permission",
    "pk": 401,
    "fields": {
        "name": "Manage page types and attributes.",
        "content_type": 95,
        "codename": "manage_page_types_and_attributes"
    }
},
{
    "model": "permission.permission",
    "pk": 402,
    "fields": {
        "name": "Can add transaction item",
        "content_type": 96,
        "codename": "add_transactionitem"
    }
},
{
    "model": "permission.permission",
    "pk": 403,
    "fields": {
        "name": "Can change transaction item",
        "content_type": 96,
        "codename": "change_transactionitem"
    }
},
{
    "model": "permission.permission",
    "pk": 404,
    "fields": {
        "name": "Can delete transaction item",
        "content_type": 96,
        "codename": "delete_transactionitem"
    }
},
{
    "model": "permission.permission",
    "pk": 405,
    "fields": {
        "name": "Can view transaction item",
        "content_type": 96,
        "codename": "view_transactionitem"
    }
},
{
    "model": "permission.permission",
    "pk": 406,
    "fields": {
        "name": "Can add transaction event",
        "content_type": 97,
        "codename": "add_transactionevent"
    }
},
{
    "model": "permission.permission",
    "pk": 407,
    "fields": {
        "name": "Can change transaction event",
        "content_type": 97,
        "codename": "change_transactionevent"
    }
},
{
    "model": "permission.permission",
    "pk": 408,
    "fields": {
        "name": "Can delete transaction event",
        "content_type": 97,
        "codename": "delete_transactionevent"
    }
},
{
    "model": "permission.permission",
    "pk": 409,
    "fields": {
        "name": "Can view transaction event",
        "content_type": 97,
        "codename": "view_transactionevent"
    }
},
{
    "model": "permission.permission",
    "pk": 410,
    "fields": {
        "name": "Can add payment",
        "content_type": 98,
        "codename": "add_payment"
    }
},
{
    "model": "permission.permission",
    "pk": 411,
    "fields": {
        "name": "Can change payment",
        "content_type": 98,
        "codename": "change_payment"
    }
},
{
    "model": "permission.permission",
    "pk": 412,
    "fields": {
        "name": "Can delete payment",
        "content_type": 98,
        "codename": "delete_payment"
    }
},
{
    "model": "permission.permission",
    "pk": 413,
    "fields": {
        "name": "Can view payment",
        "content_type": 98,
        "codename": "view_payment"
    }
},
{
    "model": "permission.permission",
    "pk": 414,
    "fields": {
        "name": "Handle payments",
        "content_type": 98,
        "codename": "handle_payments"
    }
},
{
    "model": "permission.permission",
    "pk": 415,
    "fields": {
        "name": "Can add transaction",
        "content_type": 99,
        "codename": "add_transaction"
    }
},
{
    "model": "permission.permission",
    "pk": 416,
    "fields": {
        "name": "Can change transaction",
        "content_type": 99,
        "codename": "change_transaction"
    }
},
{
    "model": "permission.permission",
    "pk": 417,
    "fields": {
        "name": "Can delete transaction",
        "content_type": 99,
        "codename": "delete_transaction"
    }
},
{
    "model": "permission.permission",
    "pk": 418,
    "fields": {
        "name": "Can view transaction",
        "content_type": 99,
        "codename": "view_transaction"
    }
},
{
    "model": "permission.permission",
    "pk": 419,
    "fields": {
        "name": "Can add tax class",
        "content_type": 100,
        "codename": "add_taxclass"
    }
},
{
    "model": "permission.permission",
    "pk": 420,
    "fields": {
        "name": "Can change tax class",
        "content_type": 100,
        "codename": "change_taxclass"
    }
},
{
    "model": "permission.permission",
    "pk": 421,
    "fields": {
        "name": "Can delete tax class",
        "content_type": 100,
        "codename": "delete_taxclass"
    }
},
{
    "model": "permission.permission",
    "pk": 422,
    "fields": {
        "name": "Can view tax class",
        "content_type": 100,
        "codename": "view_taxclass"
    }
},
{
    "model": "permission.permission",
    "pk": 423,
    "fields": {
        "name": "Can add tax class country rate",
        "content_type": 101,
        "codename": "add_taxclasscountryrate"
    }
},
{
    "model": "permission.permission",
    "pk": 424,
    "fields": {
        "name": "Can change tax class country rate",
        "content_type": 101,
        "codename": "change_taxclasscountryrate"
    }
},
{
    "model": "permission.permission",
    "pk": 425,
    "fields": {
        "name": "Can delete tax class country rate",
        "content_type": 101,
        "codename": "delete_taxclasscountryrate"
    }
},
{
    "model": "permission.permission",
    "pk": 426,
    "fields": {
        "name": "Can view tax class country rate",
        "content_type": 101,
        "codename": "view_taxclasscountryrate"
    }
},
{
    "model": "permission.permission",
    "pk": 427,
    "fields": {
        "name": "Can add tax configuration",
        "content_type": 102,
        "codename": "add_taxconfiguration"
    }
},
{
    "model": "permission.permission",
    "pk": 428,
    "fields": {
        "name": "Can change tax configuration",
        "content_type": 102,
        "codename": "change_taxconfiguration"
    }
},
{
    "model": "permission.permission",
    "pk": 429,
    "fields": {
        "name": "Can delete tax configuration",
        "content_type": 102,
        "codename": "delete_taxconfiguration"
    }
},
{
    "model": "permission.permission",
    "pk": 430,
    "fields": {
        "name": "Can view tax configuration",
        "content_type": 102,
        "codename": "view_taxconfiguration"
    }
},
{
    "model": "permission.permission",
    "pk": 431,
    "fields": {
        "name": "Can add tax configuration per country",
        "content_type": 103,
        "codename": "add_taxconfigurationpercountry"
    }
},
{
    "model": "permission.permission",
    "pk": 432,
    "fields": {
        "name": "Can change tax configuration per country",
        "content_type": 103,
        "codename": "change_taxconfigurationpercountry"
    }
},
{
    "model": "permission.permission",
    "pk": 433,
    "fields": {
        "name": "Can delete tax configuration per country",
        "content_type": 103,
        "codename": "delete_taxconfigurationpercountry"
    }
},
{
    "model": "permission.permission",
    "pk": 434,
    "fields": {
        "name": "Can view tax configuration per country",
        "content_type": 103,
        "codename": "view_taxconfigurationpercountry"
    }
},
{
    "model": "permission.permission",
    "pk": 435,
    "fields": {
        "name": "Can add channel warehouse",
        "content_type": 104,
        "codename": "add_channelwarehouse"
    }
},
{
    "model": "permission.permission",
    "pk": 436,
    "fields": {
        "name": "Can change channel warehouse",
        "content_type": 104,
        "codename": "change_channelwarehouse"
    }
},
{
    "model": "permission.permission",
    "pk": 437,
    "fields": {
        "name": "Can delete channel warehouse",
        "content_type": 104,
        "codename": "delete_channelwarehouse"
    }
},
{
    "model": "permission.permission",
    "pk": 438,
    "fields": {
        "name": "Can view channel warehouse",
        "content_type": 104,
        "codename": "view_channelwarehouse"
    }
},
{
    "model": "permission.permission",
    "pk": 439,
    "fields": {
        "name": "Can add warehouse",
        "content_type": 105,
        "codename": "add_warehouse"
    }
},
{
    "model": "permission.permission",
    "pk": 440,
    "fields": {
        "name": "Can change warehouse",
        "content_type": 105,
        "codename": "change_warehouse"
    }
},
{
    "model": "permission.permission",
    "pk": 441,
    "fields": {
        "name": "Can delete warehouse",
        "content_type": 105,
        "codename": "delete_warehouse"
    }
},
{
    "model": "permission.permission",
    "pk": 442,
    "fields": {
        "name": "Can view warehouse",
        "content_type": 105,
        "codename": "view_warehouse"
    }
},
{
    "model": "permission.permission",
    "pk": 443,
    "fields": {
        "name": "Can add stock",
        "content_type": 106,
        "codename": "add_stock"
    }
},
{
    "model": "permission.permission",
    "pk": 444,
    "fields": {
        "name": "Can change stock",
        "content_type": 106,
        "codename": "change_stock"
    }
},
{
    "model": "permission.permission",
    "pk": 445,
    "fields": {
        "name": "Can delete stock",
        "content_type": 106,
        "codename": "delete_stock"
    }
},
{
    "model": "permission.permission",
    "pk": 446,
    "fields": {
        "name": "Can view stock",
        "content_type": 106,
        "codename": "view_stock"
    }
},
{
    "model": "permission.permission",
    "pk": 447,
    "fields": {
        "name": "Can add allocation",
        "content_type": 107,
        "codename": "add_allocation"
    }
},
{
    "model": "permission.permission",
    "pk": 448,
    "fields": {
        "name": "Can change allocation",
        "content_type": 107,
        "codename": "change_allocation"
    }
},
{
    "model": "permission.permission",
    "pk": 449,
    "fields": {
        "name": "Can delete allocation",
        "content_type": 107,
        "codename": "delete_allocation"
    }
},
{
    "model": "permission.permission",
    "pk": 450,
    "fields": {
        "name": "Can view allocation",
        "content_type": 107,
        "codename": "view_allocation"
    }
},
{
    "model": "permission.permission",
    "pk": 451,
    "fields": {
        "name": "Can add preorder allocation",
        "content_type": 108,
        "codename": "add_preorderallocation"
    }
},
{
    "model": "permission.permission",
    "pk": 452,
    "fields": {
        "name": "Can change preorder allocation",
        "content_type": 108,
        "codename": "change_preorderallocation"
    }
},
{
    "model": "permission.permission",
    "pk": 453,
    "fields": {
        "name": "Can delete preorder allocation",
        "content_type": 108,
        "codename": "delete_preorderallocation"
    }
},
{
    "model": "permission.permission",
    "pk": 454,
    "fields": {
        "name": "Can view preorder allocation",
        "content_type": 108,
        "codename": "view_preorderallocation"
    }
},
{
    "model": "permission.permission",
    "pk": 455,
    "fields": {
        "name": "Can add preorder reservation",
        "content_type": 109,
        "codename": "add_preorderreservation"
    }
},
{
    "model": "permission.permission",
    "pk": 456,
    "fields": {
        "name": "Can change preorder reservation",
        "content_type": 109,
        "codename": "change_preorderreservation"
    }
},
{
    "model": "permission.permission",
    "pk": 457,
    "fields": {
        "name": "Can delete preorder reservation",
        "content_type": 109,
        "codename": "delete_preorderreservation"
    }
},
{
    "model": "permission.permission",
    "pk": 458,
    "fields": {
        "name": "Can view preorder reservation",
        "content_type": 109,
        "codename": "view_preorderreservation"
    }
},
{
    "model": "permission.permission",
    "pk": 459,
    "fields": {
        "name": "Can add reservation",
        "content_type": 110,
        "codename": "add_reservation"
    }
},
{
    "model": "permission.permission",
    "pk": 460,
    "fields": {
        "name": "Can change reservation",
        "content_type": 110,
        "codename": "change_reservation"
    }
},
{
    "model": "permission.permission",
    "pk": 461,
    "fields": {
        "name": "Can delete reservation",
        "content_type": 110,
        "codename": "delete_reservation"
    }
},
{
    "model": "permission.permission",
    "pk": 462,
    "fields": {
        "name": "Can view reservation",
        "content_type": 110,
        "codename": "view_reservation"
    }
},
{
    "model": "permission.permission",
    "pk": 463,
    "fields": {
        "name": "Can add webhook",
        "content_type": 111,
        "codename": "add_webhook"
    }
},
{
    "model": "permission.permission",
    "pk": 464,
    "fields": {
        "name": "Can change webhook",
        "content_type": 111,
        "codename": "change_webhook"
    }
},
{
    "model": "permission.permission",
    "pk": 465,
    "fields": {
        "name": "Can delete webhook",
        "content_type": 111,
        "codename": "delete_webhook"
    }
},
{
    "model": "permission.permission",
    "pk": 466,
    "fields": {
        "name": "Can view webhook",
        "content_type": 111,
        "codename": "view_webhook"
    }
},
{
    "model": "permission.permission",
    "pk": 467,
    "fields": {
        "name": "Can add webhook event",
        "content_type": 112,
        "codename": "add_webhookevent"
    }
},
{
    "model": "permission.permission",
    "pk": 468,
    "fields": {
        "name": "Can change webhook event",
        "content_type": 112,
        "codename": "change_webhookevent"
    }
},
{
    "model": "permission.permission",
    "pk": 469,
    "fields": {
        "name": "Can delete webhook event",
        "content_type": 112,
        "codename": "delete_webhookevent"
    }
},
{
    "model": "permission.permission",
    "pk": 470,
    "fields": {
        "name": "Can view webhook event",
        "content_type": 112,
        "codename": "view_webhookevent"
    }
},
{
    "model": "permission.permission",
    "pk": 471,
    "fields": {
        "name": "Can add app",
        "content_type": 113,
        "codename": "add_app"
    }
},
{
    "model": "permission.permission",
    "pk": 472,
    "fields": {
        "name": "Can change app",
        "content_type": 113,
        "codename": "change_app"
    }
},
{
    "model": "permission.permission",
    "pk": 473,
    "fields": {
        "name": "Can delete app",
        "content_type": 113,
        "codename": "delete_app"
    }
},
{
    "model": "permission.permission",
    "pk": 474,
    "fields": {
        "name": "Can view app",
        "content_type": 113,
        "codename": "view_app"
    }
},
{
    "model": "permission.permission",
    "pk": 475,
    "fields": {
        "name": "Manage apps",
        "content_type": 113,
        "codename": "manage_apps"
    }
},
{
    "model": "permission.permission",
    "pk": 476,
    "fields": {
        "name": "Manage observability",
        "content_type": 113,
        "codename": "manage_observability"
    }
},
{
    "model": "permission.permission",
    "pk": 477,
    "fields": {
        "name": "Can add app token",
        "content_type": 114,
        "codename": "add_apptoken"
    }
},
{
    "model": "permission.permission",
    "pk": 478,
    "fields": {
        "name": "Can change app token",
        "content_type": 114,
        "codename": "change_apptoken"
    }
},
{
    "model": "permission.permission",
    "pk": 479,
    "fields": {
        "name": "Can delete app token",
        "content_type": 114,
        "codename": "delete_apptoken"
    }
},
{
    "model": "permission.permission",
    "pk": 480,
    "fields": {
        "name": "Can view app token",
        "content_type": 114,
        "codename": "view_apptoken"
    }
},
{
    "model": "permission.permission",
    "pk": 481,
    "fields": {
        "name": "Can add app extension",
        "content_type": 115,
        "codename": "add_appextension"
    }
},
{
    "model": "permission.permission",
    "pk": 482,
    "fields": {
        "name": "Can change app extension",
        "content_type": 115,
        "codename": "change_appextension"
    }
},
{
    "model": "permission.permission",
    "pk": 483,
    "fields": {
        "name": "Can delete app extension",
        "content_type": 115,
        "codename": "delete_appextension"
    }
},
{
    "model": "permission.permission",
    "pk": 484,
    "fields": {
        "name": "Can view app extension",
        "content_type": 115,
        "codename": "view_appextension"
    }
},
{
    "model": "permission.permission",
    "pk": 485,
    "fields": {
        "name": "Can add app installation",
        "content_type": 116,
        "codename": "add_appinstallation"
    }
},
{
    "model": "permission.permission",
    "pk": 486,
    "fields": {
        "name": "Can change app installation",
        "content_type": 116,
        "codename": "change_appinstallation"
    }
},
{
    "model": "permission.permission",
    "pk": 487,
    "fields": {
        "name": "Can delete app installation",
        "content_type": 116,
        "codename": "delete_appinstallation"
    }
},
{
    "model": "permission.permission",
    "pk": 488,
    "fields": {
        "name": "Can view app installation",
        "content_type": 116,
        "codename": "view_appinstallation"
    }
},
{
    "model": "permission.permission",
    "pk": 489,
    "fields": {
        "name": "Can add thumbnail",
        "content_type": 117,
        "codename": "add_thumbnail"
    }
},
{
    "model": "permission.permission",
    "pk": 490,
    "fields": {
        "name": "Can change thumbnail",
        "content_type": 117,
        "codename": "change_thumbnail"
    }
},
{
    "model": "permission.permission",
    "pk": 491,
    "fields": {
        "name": "Can delete thumbnail",
        "content_type": 117,
        "codename": "delete_thumbnail"
    }
},
{
    "model": "permission.permission",
    "pk": 492,
    "fields": {
        "name": "Can view thumbnail",
        "content_type": 117,
        "codename": "view_thumbnail"
    }
},
{
    "model": "permission.permission",
    "pk": 493,
    "fields": {
        "name": "Can add custom schedule",
        "content_type": 118,
        "codename": "add_customschedule"
    }
},
{
    "model": "permission.permission",
    "pk": 494,
    "fields": {
        "name": "Can change custom schedule",
        "content_type": 118,
        "codename": "change_customschedule"
    }
},
{
    "model": "permission.permission",
    "pk": 495,
    "fields": {
        "name": "Can delete custom schedule",
        "content_type": 118,
        "codename": "delete_customschedule"
    }
},
{
    "model": "permission.permission",
    "pk": 496,
    "fields": {
        "name": "Can view custom schedule",
        "content_type": 118,
        "codename": "view_customschedule"
    }
},
{
    "model": "permission.permission",
    "pk": 497,
    "fields": {
        "name": "Can add custom periodic task",
        "content_type": 119,
        "codename": "add_customperiodictask"
    }
},
{
    "model": "permission.permission",
    "pk": 498,
    "fields": {
        "name": "Can change custom periodic task",
        "content_type": 119,
        "codename": "change_customperiodictask"
    }
},
{
    "model": "permission.permission",
    "pk": 499,
    "fields": {
        "name": "Can delete custom periodic task",
        "content_type": 119,
        "codename": "delete_customperiodictask"
    }
},
{
    "model": "permission.permission",
    "pk": 500,
    "fields": {
        "name": "Can view custom periodic task",
        "content_type": 119,
        "codename": "view_customperiodictask"
    }
},
{
    "model": "account.address",
    "pk": 1,
    "fields": {
        "private_metadata": {},
        "metadata": {},
        "first_name": "",
        "last_name": "",
        "company_name": "",
        "street_address_1": "",
        "street_address_2": "",
        "city": "",
        "city_area": "",
        "postal_code": "",
        "country": "US",
        "country_area": "",
        "phone": "",
        "validation_skipped": false
    }
},
{
    "model": "account.address",
    "pk": 32,
    "fields": {
        "private_metadata": {},
        "metadata": {},
        "first_name": "",
        "last_name": "",
        "company_name": "Cong ty Peter",
        "street_address_1": "Dng Qung Hm",
        "street_address_2": "",
        "city": "G VP",
        "city_area": "",
        "postal_code": "",
        "country": "VN",
        "country_area": "An Giang",
        "phone": "",
        "validation_skipped": false
    }
},
{
    "model": "account.address",
    "pk": 98,
    "fields": {
        "private_metadata": {},
        "metadata": {},
        "first_name": "Trn",
        "last_name": "Phn",
        "company_name": "",
        "street_address_1": "Dng Qung Hm, g vp",
        "street_address_2": "",
        "city": "QUN CM L",
        "city_area": "",
        "postal_code": "",
        "country": "VN",
        "country_area": "An Giang",
        "phone": "+84335990819",
        "validation_skipped": false
    }
},
{
    "model": "account.address",
    "pk": 101,
    "fields": {
        "private_metadata": {},
        "metadata": {},
        "first_name": "Trn",
        "last_name": "Phn",
        "company_name": "",
        "street_address_1": "Dng Qung Hm, g vp, phuong 5",
        "street_address_2": "",
        "city": "QUN G VP",
        "city_area": "",
        "postal_code": "",
        "country": "VN",
        "country_area": "Thnh ph H Ch Minh",
        "phone": "+84335990819",
        "validation_skipped": false
    }
},
{
    "model": "account.address",
    "pk": 110,
    "fields": {
        "private_metadata": {},
        "metadata": {},
        "first_name": "Trn",
        "last_name": "Phng",
        "company_name": "",
        "street_address_1": "Dng Qung Hm, g vp",
        "street_address_2": "",
        "city": "HUYN C CHI",
        "city_area": "",
        "postal_code": "",
        "country": "VN",
        "country_area": "Thnh ph H Ch Minh",
        "phone": "+84335990819",
        "validation_skipped": false
    }
},
{
    "model": "account.address",
    "pk": 127,
    "fields": {
        "private_metadata": {},
        "metadata": {},
        "first_name": "John",
        "last_name": "Doe",
        "company_name": "",
        "street_address_1": "813 Howard Street",
        "street_address_2": "",
        "city": "OSWEGO",
        "city_area": "",
        "postal_code": "13126",
        "country": "US",
        "country_area": "NY",
        "phone": "",
        "validation_skipped": false
    }
},
{
    "model": "account.address",
    "pk": 136,
    "fields": {
        "private_metadata": {},
        "metadata": {},
        "first_name": "Trn",
        "last_name": "Phn",
        "company_name": "",
        "street_address_1": "Dng Qung Hm, g vp",
        "street_address_2": "",
        "city": "Huyn Hong Sa",
        "city_area": "",
        "postal_code": "",
        "country": "VN",
        "country_area": "Thnh ph  Nng",
        "phone": "+84335990819",
        "validation_skipped": true
    }
},
{
    "model": "account.address",
    "pk": 162,
    "fields": {
        "private_metadata": {},
        "metadata": {},
        "first_name": "",
        "last_name": "",
        "company_name": "",
        "street_address_1": "Dng Qung Hm, g vp",
        "street_address_2": "",
        "city": "H CH MINH",
        "city_area": "",
        "postal_code": "80000",
        "country": "VN",
        "country_area": "Bnh Thun",
        "phone": "+84335990819",
        "validation_skipped": false
    }
},
{
    "model": "account.address",
    "pk": 216,
    "fields": {
        "private_metadata": {},
        "metadata": {},
        "first_name": "Trn",
        "last_name": "Phng",
        "company_name": "",
        "street_address_1": "Dng Qung Hm, g vp",
        "street_address_2": "",
        "city": "QUN CM L",
        "city_area": "",
        "postal_code": "",
        "country": "VN",
        "country_area": "An Giang",
        "phone": "+84335990819",
        "validation_skipped": false
    }
},
{
    "model": "account.address",
    "pk": 227,
    "fields": {
        "private_metadata": {},
        "metadata": {},
        "first_name": "Trn",
        "last_name": "Phn",
        "company_name": "",
        "street_address_1": "Dng Qung Hm, g vp",
        "street_address_2": "",
        "city": "HUYN C CHI",
        "city_area": "",
        "postal_code": "",
        "country": "VN",
        "country_area": "Thnh ph H Ch Minh",
        "phone": "+84335990819",
        "validation_skipped": false
    }
},
{
    "model": "account.address",
    "pk": 236,
    "fields": {
        "private_metadata": {},
        "metadata": {},
        "first_name": "Trn",
        "last_name": "Phng",
        "company_name": "",
        "street_address_1": "Dng Qung Hm, g vp",
        "street_address_2": "",
        "city": "Qun Hi Chu",
        "city_area": "",
        "postal_code": "",
        "country": "VN",
        "country_area": "Tp.  Nng",
        "phone": "+84335990124",
        "validation_skipped": true
    }
},
{
    "model": "account.address",
    "pk": 239,
    "fields": {
        "private_metadata": {},
        "metadata": {},
        "first_name": "Trn",
        "last_name": "Phn",
        "company_name": "",
        "street_address_1": "Dng Qung Hm, g vp",
        "street_address_2": "",
        "city": "HUYN PH TN",
        "city_area": "",
        "postal_code": "",
        "country": "VN",
        "country_area": "An Giang",
        "phone": "+84335990819",
        "validation_skipped": false
    }
},
{
    "model": "account.address",
    "pk": 242,
    "fields": {
        "private_metadata": {},
        "metadata": {},
        "first_name": "Trn",
        "last_name": "Phn",
        "company_name": "",
        "street_address_1": "Dng Qung Hm, g vp",
        "street_address_2": "",
        "city": "Huyn an Phng",
        "city_area": "",
        "postal_code": "",
        "country": "VN",
        "country_area": "Tp. H Ni",
        "phone": "+84335990819",
        "validation_skipped": true
    }
},
{
    "model": "account.address",
    "pk": 252,
    "fields": {
        "private_metadata": {},
        "metadata": {},
        "first_name": "Tran",
        "last_name": "Phuong",
        "company_name": "",
        "street_address_1": "80/25  Dng qung hm",
        "street_address_2": "",
        "city": "Huyn C Chi",
        "city_area": "",
        "postal_code": "",
        "country": "VN",
        "country_area": "Tp. H Ch Minh",
        "phone": "+84335990819",
        "validation_skipped": true
    }
},
{
    "model": "account.address",
    "pk": 261,
    "fields": {
        "private_metadata": {},
        "metadata": {},
        "first_name": "Tran",
        "last_name": "Phuong",
        "company_name": "",
        "street_address_1": "80/25  Dng qung hm",
        "street_address_2": "",
        "city": "Huyn Cn Gi",
        "city_area": "",
        "postal_code": "",
        "country": "VN",
        "country_area": "Tp. H Ch Minh",
        "phone": "+84335990819",
        "validation_skipped": true
    }
},
{
    "model": "account.address",
    "pk": 266,
    "fields": {
        "private_metadata": {},
        "metadata": {},
        "first_name": "Trn",
        "last_name": "Phng",
        "company_name": "",
        "street_address_1": "Dng Qung Hm, g vp",
        "street_address_2": "",
        "city": "Huyn Hc Mn",
        "city_area": "",
        "postal_code": "",
        "country": "VN",
        "country_area": "Tp. H Ch Minh",
        "phone": "+84335990819",
        "validation_skipped": true
    }
},
{
    "model": "account.address",
    "pk": 269,
    "fields": {
        "private_metadata": {},
        "metadata": {},
        "first_name": "Trn",
        "last_name": "Phng",
        "company_name": "",
        "street_address_1": "Dng Qung Hm, g vp",
        "street_address_2": "",
        "city": "Huyn Hong Sa",
        "city_area": "",
        "postal_code": "",
        "country": "VN",
        "country_area": "Tp.  Nng",
        "phone": "+84335990819",
        "validation_skipped": true
    }
},
{
    "model": "account.address",
    "pk": 276,
    "fields": {
        "private_metadata": {},
        "metadata": {},
        "first_name": "Trn",
        "last_name": "Phng",
        "company_name": "",
        "street_address_1": "Dng Qung Hm, g vp",
        "street_address_2": "",
        "city": "Huyn An Lo",
        "city_area": "",
        "postal_code": "",
        "country": "VN",
        "country_area": "Tp. Hi Phng",
        "phone": "+84335990819",
        "validation_skipped": true
    }
},
{
    "model": "account.address",
    "pk": 283,
    "fields": {
        "private_metadata": {},
        "metadata": {},
        "first_name": "Trn",
        "last_name": "Phng",
        "company_name": "",
        "street_address_1": "Dng Qung Hm, g vp",
        "street_address_2": "",
        "city": "Qun 1",
        "city_area": "",
        "postal_code": "",
        "country": "VN",
        "country_area": "Tp. H Ch Minh",
        "phone": "+84335990819",
        "validation_skipped": true
    }
},
{
    "model": "account.address",
    "pk": 284,
    "fields": {
        "private_metadata": {},
        "metadata": {},
        "first_name": "",
        "last_name": "",
        "company_name": "",
        "street_address_1": "",
        "street_address_2": "",
        "city": "",
        "city_area": "",
        "postal_code": "",
        "country": "VN",
        "country_area": "",
        "phone": "",
        "validation_skipped": true
    }
},
{
    "model": "account.address",
    "pk": 287,
    "fields": {
        "private_metadata": {},
        "metadata": {},
        "first_name": "Trn",
        "last_name": "Phng",
        "company_name": "",
        "street_address_1": "Dng Qung Hm",
        "street_address_2": "",
        "city": "Huyn Kin Thu",
        "city_area": "",
        "postal_code": "",
        "country": "VN",
        "country_area": "Tp. Hi Phng",
        "phone": "+84335990835",
        "validation_skipped": true
    }
},
{
    "model": "account.address",
    "pk": 292,
    "fields": {
        "private_metadata": {},
        "metadata": {},
        "first_name": "Trn",
        "last_name": "Phng",
        "company_name": "",
        "street_address_1": "Dng Qung Hm, g vp",
        "street_address_2": "",
        "city": "Huyn ng Anh",
        "city_area": "",
        "postal_code": "",
        "country": "VN",
        "country_area": "Tp. H Ni",
        "phone": "+84335990819",
        "validation_skipped": true
    }
},
{
    "model": "account.address",
    "pk": 297,
    "fields": {
        "private_metadata": {},
        "metadata": {},
        "first_name": "Trn",
        "last_name": "Phng",
        "company_name": "",
        "street_address_1": "Dng Qung Hm, g vp",
        "street_address_2": "",
        "city": "Huyn Chng M",
        "city_area": "",
        "postal_code": "",
        "country": "VN",
        "country_area": "Tp. H Ni",
        "phone": "+84335990819",
        "validation_skipped": true
    }
},
{
    "model": "account.address",
    "pk": 308,
    "fields": {
        "private_metadata": {},
        "metadata": {},
        "first_name": "Trn",
        "last_name": "Phng nguyrn",
        "company_name": "",
        "street_address_1": "Dng Qung Hm, g vp",
        "street_address_2": "",
        "city": "Huyn C Chi",
        "city_area": "",
        "postal_code": "",
        "country": "VN",
        "country_area": "Tp. H Ch Minh",
        "phone": "+84335990819",
        "validation_skipped": true
    }
},
{
    "model": "account.address",
    "pk": 337,
    "fields": {
        "private_metadata": {},
        "metadata": {},
        "first_name": "Trn",
        "last_name": "Phng",
        "company_name": "",
        "street_address_1": "Dng Qung Hm, g vp",
        "street_address_2": "",
        "city": "Huyn an Phng",
        "city_area": "",
        "postal_code": "",
        "country": "VN",
        "country_area": "Tp. H Ni",
        "phone": "+84335990819",
        "validation_skipped": true
    }
},
{
    "model": "account.address",
    "pk": 399,
    "fields": {
        "private_metadata": {},
        "metadata": {},
        "first_name": "Trn",
        "last_name": "Phng",
        "company_name": "",
        "street_address_1": "Dng Qung Hm, g vp",
        "street_address_2": "",
        "city": "HUYN CHU THNH",
        "city_area": "",
        "postal_code": "",
        "country": "VN",
        "country_area": "An Giang",
        "phone": "+84335990819",
        "validation_skipped": false
    }
},
{
    "model": "account.address",
    "pk": 402,
    "fields": {
        "private_metadata": {},
        "metadata": {},
        "first_name": "Trn",
        "last_name": "Phng",
        "company_name": "",
        "street_address_1": "Dng Qung Hm, g vp",
        "street_address_2": "",
        "city": "Huyn Nh B",
        "city_area": "",
        "postal_code": "",
        "country": "VN",
        "country_area": "Tp. H Ch Minh",
        "phone": "+84335990819",
        "validation_skipped": true
    }
},
{
    "model": "account.address",
    "pk": 405,
    "fields": {
        "private_metadata": {},
        "metadata": {},
        "first_name": "Trn",
        "last_name": "Phng",
        "company_name": "",
        "street_address_1": "Dng Qung Hm, g vp",
        "street_address_2": "",
        "city": "Qun Hi Chu",
        "city_area": "",
        "postal_code": "",
        "country": "VN",
        "country_area": "Tp.  Nng",
        "phone": "+84335990819",
        "validation_skipped": true
    }
},
{
    "model": "account.address",
    "pk": 408,
    "fields": {
        "private_metadata": {},
        "metadata": {},
        "first_name": "Trn",
        "last_name": "Phng",
        "company_name": "",
        "street_address_1": "Dng Qung Hm, g vp",
        "street_address_2": "",
        "city": "Huyn Bnh Chnh",
        "city_area": "",
        "postal_code": "",
        "country": "VN",
        "country_area": "Tp. H Ch Minh",
        "phone": "+84335990819",
        "validation_skipped": true
    }
},
{
    "model": "account.address",
    "pk": 422,
    "fields": {
        "private_metadata": {},
        "metadata": {},
        "first_name": "Trn",
        "last_name": "Phng",
        "company_name": "",
        "street_address_1": "Dng Qung Hm, g vp",
        "street_address_2": "",
        "city": "Huyn Cn Gi",
        "city_area": "",
        "postal_code": "",
        "country": "VN",
        "country_area": "Tp. H Ch Minh",
        "phone": "+84335990819",
        "validation_skipped": true
    }
},
{
    "model": "account.address",
    "pk": 465,
    "fields": {
        "private_metadata": {},
        "metadata": {},
        "first_name": "Tran",
        "last_name": "phuong",
        "company_name": "",
        "street_address_1": "dsgfdgfdg",
        "street_address_2": "",
        "city": "FDFFGD",
        "city_area": "",
        "postal_code": "70000",
        "country": "VN",
        "country_area": "An Giang",
        "phone": "+84335880915",
        "validation_skipped": false
    }
},
{
    "model": "account.address",
    "pk": 466,
    "fields": {
        "private_metadata": {},
        "metadata": {},
        "first_name": "Tran",
        "last_name": "phuong",
        "company_name": "",
        "street_address_1": "dsgfdgfdg",
        "street_address_2": "",
        "city": "FDFFGD",
        "city_area": "",
        "postal_code": "70000",
        "country": "VN",
        "country_area": "An Giang",
        "phone": "+84335880915",
        "validation_skipped": false
    }
},
{
    "model": "account.address",
    "pk": 467,
    "fields": {
        "private_metadata": {},
        "metadata": {},
        "first_name": "Tran",
        "last_name": "phuong",
        "company_name": "",
        "street_address_1": "dsgfdgfdg",
        "street_address_2": "",
        "city": "FDFFGD",
        "city_area": "",
        "postal_code": "70000",
        "country": "VN",
        "country_area": "An Giang",
        "phone": "+84335880915",
        "validation_skipped": false
    }
},
{
    "model": "account.address",
    "pk": 468,
    "fields": {
        "private_metadata": {},
        "metadata": {},
        "first_name": "Tran",
        "last_name": "phuong",
        "company_name": "",
        "street_address_1": "dsgfdgfdg",
        "street_address_2": "",
        "city": "FDFFGD",
        "city_area": "",
        "postal_code": "70000",
        "country": "VN",
        "country_area": "An Giang",
        "phone": "+84335880915",
        "validation_skipped": false
    }
},
{
    "model": "account.address",
    "pk": 469,
    "fields": {
        "private_metadata": {},
        "metadata": {},
        "first_name": "fdgdf",
        "last_name": "gdfg",
        "company_name": "dfgfdg",
        "street_address_1": "trt",
        "street_address_2": "",
        "city": "TRETERT",
        "city_area": "",
        "postal_code": "",
        "country": "VN",
        "country_area": "An Giang",
        "phone": "+84335990819",
        "validation_skipped": false
    }
},
{
    "model": "account.address",
    "pk": 470,
    "fields": {
        "private_metadata": {},
        "metadata": {},
        "first_name": "fdgdf",
        "last_name": "gdfg",
        "company_name": "dfgfdg",
        "street_address_1": "trt",
        "street_address_2": "",
        "city": "TRETERT",
        "city_area": "",
        "postal_code": "",
        "country": "VN",
        "country_area": "An Giang",
        "phone": "+84335990819",
        "validation_skipped": false
    }
},
{
    "model": "account.address",
    "pk": 471,
    "fields": {
        "private_metadata": {},
        "metadata": {},
        "first_name": "rtert",
        "last_name": "tre",
        "company_name": "trt",
        "street_address_1": "tret",
        "street_address_2": "t",
        "city": "DTD",
        "city_area": "",
        "postal_code": "",
        "country": "VN",
        "country_area": "An Giang",
        "phone": "+84335990819",
        "validation_skipped": false
    }
},
{
    "model": "account.address",
    "pk": 472,
    "fields": {
        "private_metadata": {},
        "metadata": {},
        "first_name": "rtert",
        "last_name": "tre",
        "company_name": "trt",
        "street_address_1": "tret",
        "street_address_2": "t",
        "city": "DTD",
        "city_area": "",
        "postal_code": "",
        "country": "VN",
        "country_area": "An Giang",
        "phone": "+84335990819",
        "validation_skipped": false
    }
},
{
    "model": "account.address",
    "pk": 473,
    "fields": {
        "private_metadata": {},
        "metadata": {},
        "first_name": "Trn",
        "last_name": "Phng",
        "company_name": "",
        "street_address_1": "Dng Qung Hm, g vp",
        "street_address_2": "",
        "city": "Huyn An Lo",
        "city_area": "",
        "postal_code": "",
        "country": "VN",
        "country_area": "Tp. Hi Phng",
        "phone": "+84335990819",
        "validation_skipped": true
    }
},
{
    "model": "account.address",
    "pk": 474,
    "fields": {
        "private_metadata": {},
        "metadata": {},
        "first_name": "",
        "last_name": "",
        "company_name": "",
        "street_address_1": "",
        "street_address_2": "",
        "city": "",
        "city_area": "",
        "postal_code": "",
        "country": "VN",
        "country_area": "",
        "phone": "",
        "validation_skipped": true
    }
},
{
    "model": "account.address",
    "pk": 475,
    "fields": {
        "private_metadata": {},
        "metadata": {},
        "first_name": "Tran",
        "last_name": "Phuong",
        "company_name": "",
        "street_address_1": "80/25  Dng qung hm",
        "street_address_2": "",
        "city": "Huyn Hc Mn",
        "city_area": "",
        "postal_code": "",
        "country": "VN",
        "country_area": "Tp. H Ch Minh",
        "phone": "+84335990819",
        "validation_skipped": true
    }
},
{
    "model": "account.address",
    "pk": 476,
    "fields": {
        "private_metadata": {},
        "metadata": {},
        "first_name": "",
        "last_name": "",
        "company_name": "",
        "street_address_1": "",
        "street_address_2": "",
        "city": "",
        "city_area": "",
        "postal_code": "",
        "country": "VN",
        "country_area": "",
        "phone": "",
        "validation_skipped": true
    }
},
{
    "model": "account.address",
    "pk": 477,
    "fields": {
        "private_metadata": {},
        "metadata": {},
        "first_name": "Tran",
        "last_name": "Phuong",
        "company_name": "",
        "street_address_1": "80/25  Dng qung hm",
        "street_address_2": "",
        "city": "Huyn Hc Mn",
        "city_area": "",
        "postal_code": "",
        "country": "VN",
        "country_area": "Tp. H Ch Minh",
        "phone": "+84335990819",
        "validation_skipped": true
    }
},
{
    "model": "account.address",
    "pk": 478,
    "fields": {
        "private_metadata": {},
        "metadata": {},
        "first_name": "",
        "last_name": "",
        "company_name": "",
        "street_address_1": "",
        "street_address_2": "",
        "city": "",
        "city_area": "",
        "postal_code": "",
        "country": "VN",
        "country_area": "",
        "phone": "",
        "validation_skipped": true
    }
},
{
    "model": "account.address",
    "pk": 479,
    "fields": {
        "private_metadata": {},
        "metadata": {},
        "first_name": "",
        "last_name": "",
        "company_name": "",
        "street_address_1": "",
        "street_address_2": "",
        "city": "",
        "city_area": "",
        "postal_code": "",
        "country": "VN",
        "country_area": "",
        "phone": "",
        "validation_skipped": true
    }
},
{
    "model": "account.user",
    "pk": 1,
    "fields": {
        "is_superuser": true,
        "private_metadata": {},
        "metadata": {
            "grid_variants": "[{\"id\":\"name\",\"w\":200},{\"id\":\"sku\",\"w\":200},{\"id\":\"availableInChannel:Q2hhbm5lbDoz\",\"w\":80},{\"id\":\"channel:Q2hhbm5lbDoz\",\"w\":150},{\"id\":\"availableInChannel:Q2hhbm5lbDox\",\"w\":64},{\"id\":\"channel:Q2hhbm5lbDox\",\"w\":150},{\"id\":\"warehouse:V2FyZWhvdXNlOjg0NTFkODA4LTc5ODgtNDM4ZS1iOThlLTFhM2RmNThjYzJmNA==\",\"w\":150},{\"id\":\"warehouse:V2FyZWhvdXNlOjg3ZTRhMDFlLTFjZTEtNDU0Ny05YzkzLTQ0NGMzY2Q2MzgyNA==\",\"w\":150},{\"id\":\"attribute:QXR0cmlidXRlOjUx\",\"w\":150},{\"id\":\"attribute:QXR0cmlidXRlOjUz\",\"w\":150}]",
            "grid_product_list": "[{\"id\":\"name\",\"w\":300},{\"id\":\"availability\",\"w\":250},{\"id\":\"description\",\"w\":400},{\"id\":\"price\",\"w\":250},{\"id\":\"productType\",\"w\":200},{\"id\":\"date\",\"w\":300},{\"id\":\"created\",\"w\":300}]"
        },
        "external_reference": null,
        "password": "pbkdf2_sha256$600000$AF7sluhCPFjeqHiqH1lYs9$QWLITRg7UhPD1noj60VDWnX6OPIRS2MYNVPNEefFj2I=",
        "last_login": "2024-12-03T17:09:51.360Z",
        "email": "tranphuongk9@gmail.com",
        "first_name": "",
        "last_name": "",
        "is_staff": true,
        "is_active": true,
        "is_confirmed": true,
        "last_confirm_email_request": null,
        "note": null,
        "date_joined": "2024-10-24T08:27:29.747Z",
        "updated_at": "2024-12-03T17:09:51.360Z",
        "last_password_reset_request": null,
        "default_shipping_address": 239,
        "default_billing_address": 239,
        "avatar": "",
        "jwt_token_key": "pkWx8UK24kVt",
        "language_code": "en",
        "search_document": "tranphuongk9@gmail.com\ntrn\nphn\ndng qung hm, g vp\n\nqun cm l\n\nvietnam\nvn\n+84335990819\ntrn\nphn\ndng qung hm, g vp, phuong 5\n\nqun g vp\n\nvietnam\nvn\n+84335990819\ntrn\nphng\ndng qung hm, g vp\n\nhuyn c chi\n\nvietnam\nvn\n+84335990819\njohn\ndoe\n813 howard street\n\noswego\n13126\nunited states of america\nus\n\ntrn\nphn\ndng qung hm, g vp\n\nhuyn hong sa\n\nvietnam\nvn\n+84335990819\ntrn\nphng\ndng qung hm, g vp\n\nqun cm l\n\nvietnam\nvn\n+84335990819\ntrn\nphn\ndng qung hm, g vp\n\nhuyn c chi\n\nvietnam\nvn\n+84335990819\ntrn\nphng\ndng qung hm, g vp\n\nqun hi chu\n\nvietnam\nvn\n+84335990124\ntrn\nphn\ndng qung hm, g vp\n\nhuyn ph tn\n\nvietnam\nvn\n+84335990819\ntrn\nphn\ndng qung hm, g vp\n\nhuyn an phng\n\nvietnam\nvn\n+84335990819\ntran\nphuong\n80/25  dng qung hm\n\nhuyn c chi\n\nvietnam\nvn\n+84335990819\ntran\nphuong\n80/25  dng qung hm\n\nhuyn cn gi\n\nvietnam\nvn\n+84335990819\ntrn\nphng\ndng qung hm, g vp\n\nhuyn hc mn\n\nvietnam\nvn\n+84335990819\ntrn\nphng\ndng qung hm, g vp\n\nhuyn hong sa\n\nvietnam\nvn\n+84335990819\ntrn\nphng\ndng qung hm, g vp\n\nhuyn an lo\n\nvietnam\nvn\n+84335990819\ntrn\nphng\ndng qung hm, g vp\n\nqun 1\n\nvietnam\nvn\n+84335990819\n\n\n\n\n\n\nvietnam\nvn\n\ntrn\nphng\ndng qung hm\n\nhuyn kin thu\n\nvietnam\nvn\n+84335990835\ntrn\nphng\ndng qung hm, g vp\n\nhuyn ng anh\n\nvietnam\nvn\n+84335990819\ntrn\nphng\ndng qung hm, g vp\n\nhuyn chng m\n\nvietnam\nvn\n+84335990819\ntrn\nphng nguyrn\ndng qung hm, g vp\n\nhuyn c chi\n\nvietnam\nvn\n+84335990819\ntrn\nphng\ndng qung hm, g vp\n\nhuyn an phng\n\nvietnam\nvn\n+84335990819\ntrn\nphng\ndng qung hm, g vp\n\nhuyn chu thnh\n\nvietnam\nvn\n+84335990819\ntrn\nphng\ndng qung hm, g vp\n\nhuyn nh b\n\nvietnam\nvn\n+84335990819\ntrn\nphng\ndng qung hm, g vp\n\nqun hi chu\n\nvietnam\nvn\n+84335990819\ntrn\nphng\ndng qung hm, g vp\n\nhuyn bnh chnh\n\nvietnam\nvn\n+84335990819\ntrn\nphng\ndng qung hm, g vp\n\nhuyn cn gi\n\nvietnam\nvn\n+84335990819\n",
        "uuid": "88ca5973-7a78-4042-a3f9-0c23d743f627",
        "groups": [
            2
        ],
        "user_permissions": [],
        "addresses": [
            98,
            101,
            110,
            127,
            136,
            216,
            227,
            236,
            239,
            242,
            252,
            261,
            266,
            269,
            276,
            283,
            284,
            287,
            292,
            297,
            308,
            337,
            399,
            402,
            405,
            408,
            422,
            477
        ]
    }
},
{
    "model": "account.user",
    "pk": 7,
    "fields": {
        "is_superuser": false,
        "private_metadata": {},
        "metadata": {},
        "external_reference": null,
        "password": "",
        "last_login": null,
        "email": "changkhochungtinh19932013@gmail.com",
        "first_name": "Trn",
        "last_name": "Phng",
        "is_staff": false,
        "is_active": true,
        "is_confirmed": false,
        "last_confirm_email_request": null,
        "note": "",
        "date_joined": "2024-11-29T06:16:48.706Z",
        "updated_at": "2024-11-29T06:16:48.734Z",
        "last_password_reset_request": null,
        "default_shipping_address": null,
        "default_billing_address": null,
        "avatar": "",
        "jwt_token_key": "ragJGdeO77Yc",
        "language_code": "en",
        "search_document": "changkhochungtinh19932013@gmail.com\ntrn\nphng\n",
        "uuid": "2f45865c-05ca-4973-95de-f332383bc784",
        "groups": [],
        "user_permissions": [],
        "addresses": []
    }
},
{
    "model": "account.customerevent",
    "pk": 7,
    "fields": {
        "date": "2024-11-29T05:22:35.891Z",
        "type": "customer_deleted",
        "order": null,
        "parameters": {
            "count": 5
        },
        "user": 1,
        "app": null
    }
},
{
    "model": "account.customerevent",
    "pk": 8,
    "fields": {
        "date": "2024-11-29T06:16:48.739Z",
        "type": "account_created",
        "order": null,
        "parameters": {},
        "user": 7,
        "app": null
    }
},
{
    "model": "account.group",
    "pk": 2,
    "fields": {
        "name": "Siu admin",
        "restricted_access_to_channels": false,
        "permissions": [
            56,
            55,
            54,
            475,
            476,
            269,
            275,
            276,
            274,
            277,
            97,
            142,
            310,
            323,
            324,
            392,
            401,
            414,
            41,
            164,
            159,
            361,
            382,
            383
        ],
        "channels": []
    }
},
{
    "model": "discount.voucher",
    "pk": 1,
    "fields": {
        "private_metadata": {},
        "metadata": {},
        "type": "entire_order",
        "name": "Gim gi halloween 2024",
        "usage_limit": null,
        "start_date": "2024-11-01T05:19:00Z",
        "end_date": null,
        "apply_once_per_order": false,
        "apply_once_per_customer": false,
        "single_use": true,
        "only_for_staff": false,
        "discount_value_type": "percentage",
        "countries": "",
        "min_checkout_items_quantity": 0,
        "products": [],
        "variants": [],
        "collections": [],
        "categories": []
    }
},
{
    "model": "discount.vouchercode",
    "pk": "11d47ced-fefc-42bd-af00-cd688de294f8",
    "fields": {
        "code": "halloween-f43912c8-7526-4f00-9ea1-608ca73518cb",
        "used": 0,
        "is_active": true,
        "voucher": 1,
        "created_at": "2024-11-01T05:21:01.260Z"
    }
},
{
    "model": "discount.vouchercode",
    "pk": "159d7d09-d0b7-4366-b158-8442b82a4bfb",
    "fields": {
        "code": "halloween-866cf004-4033-452f-bc89-981885cc1f7b",
        "used": 0,
        "is_active": true,
        "voucher": 1,
        "created_at": "2024-11-01T05:21:01.260Z"
    }
},
{
    "model": "discount.vouchercode",
    "pk": "24f222bc-af8d-4611-9dba-336977700869",
    "fields": {
        "code": "halloween-4694fd77-0be5-4020-bee2-f8a05a503c15",
        "used": 0,
        "is_active": true,
        "voucher": 1,
        "created_at": "2024-11-01T05:21:01.260Z"
    }
},
{
    "model": "discount.vouchercode",
    "pk": "47b2da2b-c205-4b87-b971-c78f2e088af4",
    "fields": {
        "code": "halloween-cce9a52c-828a-4993-a134-73a7ccea9bba",
        "used": 0,
        "is_active": true,
        "voucher": 1,
        "created_at": "2024-11-01T05:21:01.260Z"
    }
},
{
    "model": "discount.vouchercode",
    "pk": "4a5f627d-cdd8-4025-8c30-ab3de4a19e77",
    "fields": {
        "code": "halloween-fe5efee9-67fc-4905-8065-d3d603feec4b",
        "used": 0,
        "is_active": true,
        "voucher": 1,
        "created_at": "2024-11-01T05:21:01.260Z"
    }
},
{
    "model": "discount.vouchercode",
    "pk": "56f9a81e-2b6e-4f38-b101-43ff11c12da2",
    "fields": {
        "code": "halloween-902ebad7-17c6-48bb-92a2-602ceed2e31a",
        "used": 0,
        "is_active": true,
        "voucher": 1,
        "created_at": "2024-11-01T05:21:01.260Z"
    }
},
{
    "model": "discount.vouchercode",
    "pk": "63b0b113-b8bc-4557-98d9-84c9c1c28f10",
    "fields": {
        "code": "halloween-5d881e3f-e1c4-4d18-b546-3093e586aad8",
        "used": 0,
        "is_active": true,
        "voucher": 1,
        "created_at": "2024-11-01T05:21:01.260Z"
    }
},
{
    "model": "discount.vouchercode",
    "pk": "726f8fb9-ba3c-4569-811e-94ce50217ac1",
    "fields": {
        "code": "halloween-5032f68d-454f-4d55-aac1-4458ef4ecc9e",
        "used": 0,
        "is_active": false,
        "voucher": 1,
        "created_at": "2024-11-01T05:21:01.260Z"
    }
},
{
    "model": "discount.vouchercode",
    "pk": "859e35b4-9203-4723-9f60-fb8ef80aab7e",
    "fields": {
        "code": "halloween-f81a3fc6-1454-4b91-bcd1-6eeb4ea85cb3",
        "used": 0,
        "is_active": true,
        "voucher": 1,
        "created_at": "2024-11-01T05:21:01.260Z"
    }
},
{
    "model": "discount.vouchercode",
    "pk": "9871d2c0-3001-45b2-86dd-f41ad307f3fb",
    "fields": {
        "code": "halloween-6acc3c2f-24e3-45eb-a63f-f2a8870a70f7",
        "used": 0,
        "is_active": true,
        "voucher": 1,
        "created_at": "2024-11-01T05:21:01.260Z"
    }
},
{
    "model": "discount.vouchercode",
    "pk": "b4c8175a-0ce5-409f-a872-82e1108d7e70",
    "fields": {
        "code": "halloween-573b321d-6479-43c1-92ea-acabd59e32c4",
        "used": 0,
        "is_active": true,
        "voucher": 1,
        "created_at": "2024-11-01T05:21:01.260Z"
    }
},
{
    "model": "discount.vouchercode",
    "pk": "c1cea3ba-abf1-48bc-a6cc-95405b174157",
    "fields": {
        "code": "halloween-b1346ac4-1a34-4a4e-90d0-378ea3cfb1a2",
        "used": 0,
        "is_active": true,
        "voucher": 1,
        "created_at": "2024-11-01T05:21:01.260Z"
    }
},
{
    "model": "discount.vouchercode",
    "pk": "c3038263-a79e-4fef-8b5c-fc4d8aec73cf",
    "fields": {
        "code": "halloween-6e05bad0-6639-40a8-9664-fd057184fe58",
        "used": 0,
        "is_active": true,
        "voucher": 1,
        "created_at": "2024-11-01T05:21:01.260Z"
    }
},
{
    "model": "discount.vouchercode",
    "pk": "c68ddd42-f299-415f-a6da-63c3c9eeaa21",
    "fields": {
        "code": "halloween-cef11fc7-ab15-4072-bc04-b88492de5606",
        "used": 0,
        "is_active": true,
        "voucher": 1,
        "created_at": "2024-11-01T05:21:01.260Z"
    }
},
{
    "model": "discount.vouchercode",
    "pk": "fe225787-b7b7-4aad-87a0-a63d567f3894",
    "fields": {
        "code": "halloween-4cfc356d-9f4d-4e06-ac18-f56881e8a056",
        "used": 0,
        "is_active": true,
        "voucher": 1,
        "created_at": "2024-11-01T05:21:01.260Z"
    }
},
{
    "model": "discount.voucherchannellisting",
    "pk": 3,
    "fields": {
        "voucher": 1,
        "channel": 3,
        "discount_value": "10.000",
        "currency": "VND",
        "min_spent_amount": null
    }
},
{
    "model": "discount.promotion",
    "pk": "c85df30b-3b20-41c5-ac38-bdf27922dd34",
    "fields": {
        "private_metadata": {},
        "metadata": {},
        "name": "Gim gi sp sn",
        "type": "catalogue",
        "description": null,
        "old_sale_id": null,
        "start_date": "2024-11-22T05:04:00Z",
        "end_date": null,
        "created_at": "2024-11-12T08:53:27.912Z",
        "updated_at": "2024-11-21T17:03:02.491Z",
        "last_notification_scheduled_at": "2024-11-22T05:04:00.582Z"
    }
},
{
    "model": "discount.promotionrule",
    "pk": "8a7d7495-5973-41f1-aa2c-8e253c0eeec1",
    "fields": {
        "name": "Giy th thao m chn siu nh",
        "description": null,
        "promotion": "c85df30b-3b20-41c5-ac38-bdf27922dd34",
        "catalogue_predicate": {
            "categoryPredicate": {
                "ids": [
                    "Q2F0ZWdvcnk6Mzg="
                ]
            }
        },
        "order_predicate": {},
        "reward_value_type": "percentage",
        "reward_value": "90.000",
        "reward_type": null,
        "old_channel_listing_id": null,
        "variants_dirty": false,
        "channels": [
            3
        ],
        "gifts": []
    }
},
{
    "model": "discount.promotionrule",
    "pk": "af0ba725-ccb3-410e-9e7d-1d42f77a6fc8",
    "fields": {
        "name": "Dnh cho in thoi",
        "description": null,
        "promotion": "c85df30b-3b20-41c5-ac38-bdf27922dd34",
        "catalogue_predicate": {
            "categoryPredicate": {
                "ids": [
                    "Q2F0ZWdvcnk6NDk="
                ]
            }
        },
        "order_predicate": {},
        "reward_value_type": "percentage",
        "reward_value": "50.000",
        "reward_type": null,
        "old_channel_listing_id": null,
        "variants_dirty": false,
        "channels": [
            3
        ],
        "gifts": []
    }
},
{
    "model": "discount.promotionrule_variants",
    "pk": 1,
    "fields": {
        "promotionrule": "af0ba725-ccb3-410e-9e7d-1d42f77a6fc8",
        "productvariant": 364
    }
},
{
    "model": "discount.promotionrule_variants",
    "pk": 2,
    "fields": {
        "promotionrule": "af0ba725-ccb3-410e-9e7d-1d42f77a6fc8",
        "productvariant": 365
    }
},
{
    "model": "discount.promotionrule_variants",
    "pk": 3,
    "fields": {
        "promotionrule": "af0ba725-ccb3-410e-9e7d-1d42f77a6fc8",
        "productvariant": 366
    }
},
{
    "model": "discount.promotionrule_variants",
    "pk": 4,
    "fields": {
        "promotionrule": "af0ba725-ccb3-410e-9e7d-1d42f77a6fc8",
        "productvariant": 368
    }
},
{
    "model": "discount.promotionrule_variants",
    "pk": 5,
    "fields": {
        "promotionrule": "af0ba725-ccb3-410e-9e7d-1d42f77a6fc8",
        "productvariant": 369
    }
},
{
    "model": "discount.promotionrule_variants",
    "pk": 17,
    "fields": {
        "promotionrule": "af0ba725-ccb3-410e-9e7d-1d42f77a6fc8",
        "productvariant": 370
    }
},
{
    "model": "discount.promotionrule_variants",
    "pk": 18,
    "fields": {
        "promotionrule": "af0ba725-ccb3-410e-9e7d-1d42f77a6fc8",
        "productvariant": 371
    }
},
{
    "model": "discount.promotionrule_variants",
    "pk": 20,
    "fields": {
        "promotionrule": "af0ba725-ccb3-410e-9e7d-1d42f77a6fc8",
        "productvariant": 381
    }
},
{
    "model": "discount.promotionrule_variants",
    "pk": 21,
    "fields": {
        "promotionrule": "8a7d7495-5973-41f1-aa2c-8e253c0eeec1",
        "productvariant": 384
    }
},
{
    "model": "discount.promotionrule_variants",
    "pk": 22,
    "fields": {
        "promotionrule": "8a7d7495-5973-41f1-aa2c-8e253c0eeec1",
        "productvariant": 353
    }
},
{
    "model": "discount.promotionrule_variants",
    "pk": 23,
    "fields": {
        "promotionrule": "8a7d7495-5973-41f1-aa2c-8e253c0eeec1",
        "productvariant": 354
    }
},
{
    "model": "discount.promotionrule_variants",
    "pk": 24,
    "fields": {
        "promotionrule": "8a7d7495-5973-41f1-aa2c-8e253c0eeec1",
        "productvariant": 355
    }
},
{
    "model": "discount.promotionrule_variants",
    "pk": 25,
    "fields": {
        "promotionrule": "8a7d7495-5973-41f1-aa2c-8e253c0eeec1",
        "productvariant": 359
    }
},
{
    "model": "discount.promotionrule_variants",
    "pk": 26,
    "fields": {
        "promotionrule": "8a7d7495-5973-41f1-aa2c-8e253c0eeec1",
        "productvariant": 380
    }
},
{
    "model": "discount.promotionrule_variants",
    "pk": 27,
    "fields": {
        "promotionrule": "8a7d7495-5973-41f1-aa2c-8e253c0eeec1",
        "productvariant": 382
    }
},
{
    "model": "discount.promotionrule_variants",
    "pk": 28,
    "fields": {
        "promotionrule": "8a7d7495-5973-41f1-aa2c-8e253c0eeec1",
        "productvariant": 383
    }
},
{
    "model": "discount.orderlinediscount",
    "pk": "08e2ea4b-96b1-459e-a695-d69faa14ef8b",
    "fields": {
        "created_at": "2024-11-29T06:16:24.544Z",
        "type": "promotion",
        "value_type": "percentage",
        "value": "50.000",
        "amount_value": "5000000.000",
        "currency": "VND",
        "name": "Gim gi sp sn: Dnh cho in thoi",
        "translated_name": null,
        "reason": "Promotion: UHJvbW90aW9uOmM4NWRmMzBiLTNiMjAtNDFjNS1hYzM4LWJkZjI3OTIyZGQzNA==",
        "promotion_rule": "af0ba725-ccb3-410e-9e7d-1d42f77a6fc8",
        "voucher": null,
        "voucher_code": null,
        "line": "aec54a39-fdd3-485e-bb6f-389accb5483c",
        "unique_type": "promotion"
    }
},
{
    "model": "discount.orderlinediscount",
    "pk": "29de0317-2430-48bd-b7b4-2f43d862e0b0",
    "fields": {
        "created_at": "2024-12-01T03:41:19.509Z",
        "type": "promotion",
        "value_type": "percentage",
        "value": "70.000",
        "amount_value": "629300.000",
        "currency": "VND",
        "name": "Gim gi sp sn: Giy th thao m chn siu nh",
        "translated_name": null,
        "reason": "Promotion: UHJvbW90aW9uOmM4NWRmMzBiLTNiMjAtNDFjNS1hYzM4LWJkZjI3OTIyZGQzNA==",
        "promotion_rule": "8a7d7495-5973-41f1-aa2c-8e253c0eeec1",
        "voucher": null,
        "voucher_code": null,
        "line": "0fc96d11-6197-4877-8929-d56ce9c1bafa",
        "unique_type": "promotion"
    }
},
{
    "model": "discount.orderlinediscount",
    "pk": "7522c406-b738-4884-a9e2-f94b2f19e542",
    "fields": {
        "created_at": "2024-11-29T06:17:59.012Z",
        "type": "promotion",
        "value_type": "percentage",
        "value": "50.000",
        "amount_value": "12250000.000",
        "currency": "VND",
        "name": "Gim gi sp sn: Dnh cho in thoi",
        "translated_name": null,
        "reason": "Promotion: UHJvbW90aW9uOmM4NWRmMzBiLTNiMjAtNDFjNS1hYzM4LWJkZjI3OTIyZGQzNA==",
        "promotion_rule": "af0ba725-ccb3-410e-9e7d-1d42f77a6fc8",
        "voucher": null,
        "voucher_code": null,
        "line": "f34b1da6-da6d-464c-b0a8-d5f383a9b9e7",
        "unique_type": "promotion"
    }
},
{
    "model": "discount.orderlinediscount",
    "pk": "7d5e475d-4e1b-4299-8855-e4d0dd54bd81",
    "fields": {
        "created_at": "2024-11-29T08:38:32.172Z",
        "type": "promotion",
        "value_type": "percentage",
        "value": "50.000",
        "amount_value": "14195000.000",
        "currency": "VND",
        "name": "Gim gi sp sn: Dnh cho in thoi",
        "translated_name": null,
        "reason": "Promotion: UHJvbW90aW9uOmM4NWRmMzBiLTNiMjAtNDFjNS1hYzM4LWJkZjI3OTIyZGQzNA==",
        "promotion_rule": "af0ba725-ccb3-410e-9e7d-1d42f77a6fc8",
        "voucher": null,
        "voucher_code": null,
        "line": "fd342714-761a-4004-8970-e9f7d886d3b8",
        "unique_type": "promotion"
    }
},
{
    "model": "discount.orderlinediscount",
    "pk": "bb5efb46-2bd0-4327-9dea-8f8d27a8dd50",
    "fields": {
        "created_at": "2024-11-29T08:34:11.961Z",
        "type": "promotion",
        "value_type": "percentage",
        "value": "70.000",
        "amount_value": "2800000.000",
        "currency": "VND",
        "name": "Gim gi sp sn: Giy th thao m chn siu nh",
        "translated_name": null,
        "reason": "Promotion: UHJvbW90aW9uOmM4NWRmMzBiLTNiMjAtNDFjNS1hYzM4LWJkZjI3OTIyZGQzNA==",
        "promotion_rule": "8a7d7495-5973-41f1-aa2c-8e253c0eeec1",
        "voucher": null,
        "voucher_code": null,
        "line": "46410cb5-302f-4614-b667-0ffd8876313a",
        "unique_type": "promotion"
    }
},
{
    "model": "discount.checkoutlinediscount",
    "pk": "83a9cdc3-6f13-4536-9864-2e234bc6f859",
    "fields": {
        "created_at": "2024-12-04T05:22:55.009Z",
        "type": "promotion",
        "value_type": "percentage",
        "value": "50.000",
        "amount_value": "14195000.000",
        "currency": "VND",
        "name": "Gim gi sp sn: Dnh cho in thoi",
        "translated_name": null,
        "reason": "Promotion: UHJvbW90aW9uOmM4NWRmMzBiLTNiMjAtNDFjNS1hYzM4LWJkZjI3OTIyZGQzNA==",
        "promotion_rule": "af0ba725-ccb3-410e-9e7d-1d42f77a6fc8",
        "voucher": null,
        "voucher_code": null,
        "line": "f7151636-b15b-4393-894e-5ada1ce0ce8d",
        "unique_type": "promotion"
    }
},
{
    "model": "discount.promotionevent",
    "pk": "16ada793-2cb3-4e54-9d3e-4ae6e69ad0d8",
    "fields": {
        "date": "2024-11-21T17:02:57.365Z",
        "type": "rule_updated",
        "parameters": {
            "rule_id": "UHJvbW90aW9uUnVsZTo4YTdkNzQ5NS01OTczLTQxZjEtYWEyYy04ZTI1M2MwZWVlYzE="
        },
        "user": 1,
        "app": null,
        "promotion": "c85df30b-3b20-41c5-ac38-bdf27922dd34"
    }
},
{
    "model": "discount.promotionevent",
    "pk": "27a0cb67-260b-4135-b552-93efc41df258",
    "fields": {
        "date": "2024-12-03T07:45:58.604Z",
        "type": "rule_updated",
        "parameters": {
            "rule_id": "UHJvbW90aW9uUnVsZTo4YTdkNzQ5NS01OTczLTQxZjEtYWEyYy04ZTI1M2MwZWVlYzE="
        },
        "user": 1,
        "app": null,
        "promotion": "c85df30b-3b20-41c5-ac38-bdf27922dd34"
    }
},
{
    "model": "discount.promotionevent",
    "pk": "55c9d0a2-2bdb-41b0-b0d5-06efa6a30dc7",
    "fields": {
        "date": "2024-11-13T07:54:35.649Z",
        "type": "rule_created",
        "parameters": {
            "rule_id": "UHJvbW90aW9uUnVsZTo4YTdkNzQ5NS01OTczLTQxZjEtYWEyYy04ZTI1M2MwZWVlYzE="
        },
        "user": 1,
        "app": null,
        "promotion": "c85df30b-3b20-41c5-ac38-bdf27922dd34"
    }
},
{
    "model": "discount.promotionevent",
    "pk": "57fa813a-9623-4dea-959f-0f34b4c85322",
    "fields": {
        "date": "2024-11-21T17:03:02.500Z",
        "type": "promotion_updated",
        "parameters": {},
        "user": 1,
        "app": null,
        "promotion": "c85df30b-3b20-41c5-ac38-bdf27922dd34"
    }
},
{
    "model": "discount.promotionevent",
    "pk": "5e024a62-d0c3-4c02-9977-fd13bde65f93",
    "fields": {
        "date": "2024-11-12T11:24:13.902Z",
        "type": "rule_updated",
        "parameters": {
            "rule_id": "UHJvbW90aW9uUnVsZTphZjBiYTcyNS1jY2IzLTQxMGUtOWU3ZC0xZDQyZjc3YTZmYzg="
        },
        "user": 1,
        "app": null,
        "promotion": "c85df30b-3b20-41c5-ac38-bdf27922dd34"
    }
},
{
    "model": "discount.promotionevent",
    "pk": "a2d5323b-4dfa-4b43-b5b5-13c13d46aacf",
    "fields": {
        "date": "2024-11-12T08:53:27.967Z",
        "type": "promotion_started",
        "parameters": {},
        "user": 1,
        "app": null,
        "promotion": "c85df30b-3b20-41c5-ac38-bdf27922dd34"
    }
},
{
    "model": "discount.promotionevent",
    "pk": "b6439b7f-347e-4026-a7c2-2165ab4afc2d",
    "fields": {
        "date": "2024-11-12T08:53:27.951Z",
        "type": "promotion_created",
        "parameters": {},
        "user": 1,
        "app": null,
        "promotion": "c85df30b-3b20-41c5-ac38-bdf27922dd34"
    }
},
{
    "model": "discount.promotionevent",
    "pk": "c2b24d1b-865c-4da2-b4ee-a02a67c7055a",
    "fields": {
        "date": "2024-11-12T08:54:02.699Z",
        "type": "rule_updated",
        "parameters": {
            "rule_id": "UHJvbW90aW9uUnVsZTphZjBiYTcyNS1jY2IzLTQxMGUtOWU3ZC0xZDQyZjc3YTZmYzg="
        },
        "user": 1,
        "app": null,
        "promotion": "c85df30b-3b20-41c5-ac38-bdf27922dd34"
    }
},
{
    "model": "discount.promotionevent",
    "pk": "f378e77c-4f11-40bf-bc34-409e056b8a52",
    "fields": {
        "date": "2024-11-12T08:53:27.963Z",
        "type": "rule_created",
        "parameters": {
            "rule_id": "UHJvbW90aW9uUnVsZTphZjBiYTcyNS1jY2IzLTQxMGUtOWU3ZC0xZDQyZjc3YTZmYzg="
        },
        "user": 1,
        "app": null,
        "promotion": "c85df30b-3b20-41c5-ac38-bdf27922dd34"
    }
},
{
    "model": "product.category",
    "pk": 27,
    "fields": {
        "private_metadata": {},
        "metadata": {},
        "seo_title": "",
        "seo_description": "",
        "name": "Giy nam",
        "slug": "apparel",
        "description": null,
        "description_plaintext": "",
        "updated_at": "2024-11-02T09:04:22.854Z",
        "parent": null,
        "background_image": "category-backgrounds/shoe-svgrepo-com_c18da60c.png",
        "background_image_alt": "",
        "lft": 1,
        "rght": 28,
        "tree_id": 2,
        "level": 0
    }
},
{
    "model": "product.category",
    "pk": 38,
    "fields": {
        "private_metadata": {},
        "metadata": {},
        "seo_title": "",
        "seo_description": "",
        "name": "Giy th thao nng ng",
        "slug": "shirts",
        "description": null,
        "description_plaintext": "",
        "updated_at": "2024-11-02T09:04:10.040Z",
        "parent": 27,
        "background_image": "",
        "background_image_alt": "",
        "lft": 22,
        "rght": 27,
        "tree_id": 2,
        "level": 1
    }
},
{
    "model": "product.category",
    "pk": 45,
    "fields": {
        "private_metadata": {},
        "metadata": {},
        "seo_title": "",
        "seo_description": "",
        "name": "Giy n",
        "slug": "giay-nu",
        "description": null,
        "description_plaintext": "",
        "updated_at": "2024-11-02T09:01:09.341Z",
        "parent": null,
        "background_image": "category-backgrounds/shoe-high-heel-svgrepo-com_1_ef7d5d45.png",
        "background_image_alt": "",
        "lft": 1,
        "rght": 2,
        "tree_id": 3,
        "level": 0
    }
},
{
    "model": "product.category",
    "pk": 46,
    "fields": {
        "private_metadata": {},
        "metadata": {},
        "seo_title": "",
        "seo_description": "",
        "name": "Laptop",
        "slug": "laptop",
        "description": null,
        "description_plaintext": "",
        "updated_at": "2024-11-04T08:36:33.797Z",
        "parent": null,
        "background_image": "category-backgrounds/laptop-minimalistic-svgrepo-com_29c0643c.png",
        "background_image_alt": "",
        "lft": 1,
        "rght": 4,
        "tree_id": 4,
        "level": 0
    }
},
{
    "model": "product.category",
    "pk": 47,
    "fields": {
        "private_metadata": {},
        "metadata": {},
        "seo_title": "",
        "seo_description": "",
        "name": "HP",
        "slug": "hp",
        "description": null,
        "description_plaintext": "",
        "updated_at": "2024-11-04T08:38:19.260Z",
        "parent": 46,
        "background_image": "",
        "background_image_alt": "",
        "lft": 2,
        "rght": 3,
        "tree_id": 4,
        "level": 1
    }
},
{
    "model": "product.category",
    "pk": 48,
    "fields": {
        "private_metadata": {},
        "metadata": {},
        "seo_title": "",
        "seo_description": "",
        "name": "in thoi",
        "slug": "dien-thoai",
        "description": null,
        "description_plaintext": "",
        "updated_at": "2024-11-06T03:15:13.411Z",
        "parent": null,
        "background_image": "",
        "background_image_alt": "",
        "lft": 1,
        "rght": 4,
        "tree_id": 5,
        "level": 0
    }
},
{
    "model": "product.category",
    "pk": 49,
    "fields": {
        "private_metadata": {},
        "metadata": {},
        "seo_title": "",
        "seo_description": "",
        "name": "Iphone",
        "slug": "iphone",
        "description": null,
        "description_plaintext": "",
        "updated_at": "2024-11-06T03:15:27.956Z",
        "parent": 48,
        "background_image": "",
        "background_image_alt": "",
        "lft": 2,
        "rght": 3,
        "tree_id": 5,
        "level": 1
    }
},
{
    "model": "product.category",
    "pk": 50,
    "fields": {
        "private_metadata": {},
        "metadata": {},
        "seo_title": "",
        "seo_description": "",
        "name": "M phm",
        "slug": "my-pham",
        "description": null,
        "description_plaintext": "",
        "updated_at": "2024-11-19T17:09:21.840Z",
        "parent": null,
        "background_image": "",
        "background_image_alt": "",
        "lft": 1,
        "rght": 2,
        "tree_id": 6,
        "level": 0
    }
},
{
    "model": "product.category",
    "pk": 51,
    "fields": {
        "private_metadata": {},
        "metadata": {},
        "seo_title": "",
        "seo_description": "",
        "name": " gia dng",
        "slug": "do-gia-dung",
        "description": null,
        "description_plaintext": "",
        "updated_at": "2024-11-19T17:10:09.274Z",
        "parent": null,
        "background_image": "",
        "background_image_alt": "",
        "lft": 1,
        "rght": 2,
        "tree_id": 7,
        "level": 0
    }
},
{
    "model": "product.producttype",
    "pk": 18,
    "fields": {
        "private_metadata": {},
        "metadata": {},
        "name": "Giy (Khng  c chn n na)",
        "slug": "shoe",
        "kind": "normal",
        "has_variants": true,
        "is_shipping_required": true,
        "is_digital": false,
        "weight": "1000.0:g",
        "tax_class": null
    }
},
{
    "model": "product.producttype",
    "pk": 20,
    "fields": {
        "private_metadata": {},
        "metadata": {},
        "name": "Giy",
        "slug": "shirt",
        "kind": "normal",
        "has_variants": true,
        "is_shipping_required": true,
        "is_digital": false,
        "weight": "1000.0:g",
        "tax_class": null
    }
},
{
    "model": "product.producttype",
    "pk": 25,
    "fields": {
        "private_metadata": {},
        "metadata": {},
        "name": "Thuc tnh ca  Laptop",
        "slug": "thuoc-tinh-cua-lap-top",
        "kind": "normal",
        "has_variants": false,
        "is_shipping_required": true,
        "is_digital": false,
        "weight": "1000.0:g",
        "tax_class": null
    }
},
{
    "model": "product.producttype",
    "pk": 26,
    "fields": {
        "private_metadata": {},
        "metadata": {},
        "name": "in thoi",
        "slug": "dien-thoai",
        "kind": "normal",
        "has_variants": true,
        "is_shipping_required": true,
        "is_digital": false,
        "weight": "1000.0:g",
        "tax_class": null
    }
},
{
    "model": "product.producttype",
    "pk": 27,
    "fields": {
        "private_metadata": {},
        "metadata": {},
        "name": "M phm",
        "slug": "my-pham",
        "kind": "normal",
        "has_variants": false,
        "is_shipping_required": true,
        "is_digital": false,
        "weight": "1000.0:g",
        "tax_class": null
    }
},
{
    "model": "product.product",
    "pk": 135,
    "fields": {
        "private_metadata": {
            "45": "435435"
        },
        "metadata": {
            "5345": "345435345"
        },
        "external_reference": null,
        "seo_title": "dsfsdfsd",
        "seo_description": "dsfdsfdsfdsfsdfdsfdsfdsf",
        "product_type": 20,
        "name": "Giy nam th thao siu bn p",
        "slug": "giay-nam",
        "description": {
            "time": 1732185552610,
            "blocks": [
                {
                    "id": "fMdfe0Bfpe",
                    "data": {
                        "text": "<b>One style f</b><b>its all.</b> Get a look that works even when you are taking it easy. Relaxed wear for the fans."
                    },
                    "type": "paragraph"
                }
            ],
            "version": "2.28.0"
        },
        "description_plaintext": "One style fits all. Get a look that works even when you are taking it easy. Relaxed wear for the fans.",
        "search_document": "",
        "search_vector": "'/dntus9abj/image/upload/v1732104798/i589wxikdc0rzd0pr00m.webp':183B '/dntus9abj/image/upload/v1732104804/fuyffyhlxvmcpltus2yd.webp':186B '/dntus9abj/image/upload/v1732104815/gudljkuztkn0fw4t2nha.webp':189B '10':226B '128223581':265A '128223582':271A '2.0':79B,212B '20':130B,243B '25':234B '324':215B '35':230B '8.5':219B 'a':13C 'adidas':60B 'adiwear':238B 'all':11C 'are':20C 'black':256B 'bounce':78B,211B 'bui':54B,105B 'bn':84B 'bm':111B 'bc':65B,117B 'bn':63B,94B,113B 'bng':88B,135B,198B,203B 'bn':6A,122B 'b':32B,59B 'cao':223B 'chinh':66B 'chn':85B,93B 'chnh':220B 'chng':147B,177B 'cht':46B,51B 'chy':31B,55B,58B,106B 'cht':38B,131B,141B 'ch':41B,134B,157B,247B 'cha':127B,240B 'cloud':253B 'core':255B 'cui':104B 'cc':140B,161B,173B 'cch':136B 'c':35B,126B,193B,239B 'cng':107B 'cng':167B 'cm':71B 'ca':75B 'da':264A,278A,280B,285B 'dng':190B 'dy':194B 'dng':269A 'di':82B 'dt':205B 'dng':37B,139B 'easy':23C 'even':17C 'fans':28C 'fit':192B 'fits':10C 'for':26C 'g':216B 'get':12C 'giy':30B,57B,87B,195B,197B,207B,229B,233B 'gic':72B 'gip':62B,91B,112B 'gim':151B,169B 'giy':1A 'gia':210B,225B 'gp':149B 'gt':228B 'hn':44B,49B 'hn':156B,166B 'hi':74B 'hu':165B 'ie8792':260B 'ink':252B 'it':22C 'khi':118B 'l':276A,284B 'legend':251B 'liu':39B,132B,142B 'look':14C 'luyn':120B 'lun':95B 'lng':153B 'lng':83B 'lt':202B,206B 'li':90B,200B,270A,282B 'lng':214B 'lch':221B 'lp':76B,201B 'mm':227B,231B,235B 'm':176B 'mu':248B 'mi':100B 'mt':96B 'm':257B 'mi':232B 'm':97B 'mi':53B 'mt':45B,50B 'mc':68B 'nam':2A 'ngoi':109B,237B 'nguyn':164B 'ngun':162B 'nhanh':48B 'nh':168B 'nh':81B 'nh':70B 'ny':61B,125B 'one':8C 'ortholite':208B 'pht':170B 'ph':154B 'phn':150B,245B 'phm':124B,175B,250B,259B 'ph':158B 'phc':67B 'ra':146B 'regular':191B 'relaxed':24C 'res.cloudinary.com':182B,185B,188B 'res.cloudinary.com/dntus9abj/image/upload/v1732104798/i589wxikdc0rzd0pr00m.webp':181B 'res.cloudinary.com/dntus9abj/image/upload/v1732104804/fuyffyhlxvmcpltus2yd.webp':184B 'res.cloudinary.com/dntus9abj/image/upload/v1732104815/gudljkuztkn0fw4t2nha.webp':187B 'rn':119B 's':262A,267A,273A,279B,281B,283B 'sau':52B 'size':217B,261A,266A,272A,275A 'siu':5A,80B,110B 'style':9C 'si':116B 'sn':123B,174B,179B,249B,258B 'sc':121B 's':36B,138B 'taking':21C 'thao':4A 'that':15C 'the':27C 'thiu':129B,152B,242B 'thoi':99B 'thuc':159B 'thnh':244B 'thn':86B,196B 'thi':171B 'th':3A 'tin':115B 'tiu':69B 'tin':42B,64B 'trng':277A 'trng':213B 'ti':163B 'ti':40B,133B,137B,246B 'ti':148B,178B 'to':145B 'ti':128B,241B 't':101B,172B 't':114B 'uk':218B 'v':47B,98B,155B 'vo':160B 'vi':89B,199B,204B 'wear':25C 'when':18C 'white':254B 'works':16C 'xa':43B 'xanh':268A 'xut':180B 'you':19C 'i':34B 'm':33B 'en':263A,274A 'i':29B,56B '':209B,236B 'n':73B '':143B 'i':92B 'c':144B 'u':102B 'p':7A '':108B,224B 'n':103B 'm':77B '':222B",
        "search_index_dirty": false,
        "category": 38,
        "created_at": "2022-05-13T21:29:38.009Z",
        "updated_at": "2024-11-22T04:11:41.505Z",
        "weight": "0.0:g",
        "default_variant": 353,
        "rating": 5.0,
        "tax_class": null
    }
},
{
    "model": "product.product",
    "pk": 136,
    "fields": {
        "private_metadata": {},
        "metadata": {},
        "external_reference": null,
        "seo_title": "",
        "seo_description": "",
        "product_type": 18,
        "name": "Giy tp luyn 361 N W582234407-5",
        "slug": "giay-tap-luyen-361o-nu-w582234407-5",
        "description": {
            "time": 1730538774070,
            "blocks": [
                {
                    "id": "gapiP9SQ12",
                    "data": {
                        "text": "<b>C IM NI BT&nbsp;&nbsp;</b>"
                    },
                    "type": "paragraph"
                },
                {
                    "id": "ImoudoGfuU",
                    "data": {
                        "items": [
                            "Thit k chuyn dng, h tr ti u cc hot ng tp luyn th thao",
                            "Vi li&nbsp;cao cp, c  bn cao, c h thng l thot kh",
                            "Cng ngh kh mi, thong kh",
                            "Kt cu  c sn xut vi cht liu cao cp, siu nh  to lc y v lc nng ti u cho lng bn chn",
                            "Mu Sc : Pink/Lt.Purple"
                        ],
                        "style": "unordered"
                    },
                    "type": "list"
                },
                {
                    "id": "TGGBAVHPkw",
                    "data": {
                        "text": "<b>Thit k</b>: Giy tp gym 361 s hu thit k chuyn dng, ti u ha hiu sut cho mi hot ng th thao, gip tng cng s linh hot v  n nh khi di chuyn."
                    },
                    "type": "paragraph"
                },
                {
                    "id": "PlhXMyO_Pv",
                    "data": {
                        "text": "<b>Cng ngh</b>: Cng ngh kh mi tin tin v h thng l thot kh thng minh gi cho i chn lun kh thong, sch s sut bui tp."
                    },
                    "type": "paragraph"
                },
                {
                    "id": "kh-I5b_9Be",
                    "data": {
                        "text": "<b>Cht liu:</b> Phn thn giy lm t vi li cao cp, bn b, thong kh;  giy siu nh vi cht liu cao cp, mang li  bt v nng  l tng cho lng bn chn."
                    },
                    "type": "paragraph"
                }
            ],
            "version": "2.24.3"
        },
        "description_plaintext": "C IM NI BT&nbsp;&nbsp; Thit k chuyn dng, h tr ti u cc hot ng tp luyn th thao Vi li&nbsp;cao cp, c  bn cao, c h thng l thot kh Cng ngh kh mi, thong kh Kt cu  c sn xut vi cht liu cao cp, siu nh  to lc y v lc nng ti u cho lng bn chn Mu Sc : Pink/Lt.Purple Thit k: Giy tp gym 361 s hu thit k chuyn dng, ti u ha hiu sut cho mi hot ng th thao, gip tng cng s linh hot v  n nh khi di chuyn. Cng ngh: Cng ngh kh mi tin tin v h thng l thot kh thng minh gi cho i chn lun kh thong, sch s sut bui tp. Cht liu: Phn thn giy lm t vi li cao cp, bn b, thong kh;  giy siu nh vi cht liu cao cp, mang li  bt v nng  l tng cho lng bn chn.",
        "search_document": "",
        "search_vector": "'-5':7A '200':177A '361':81C '361':4A 'bui':138C 'bn':71C,175C 'bt':11C 'bt':167C 'bn':33C,151C 'b':152C 'cao':29C,34C,56C,149C,162C 'cho':69C,93C,129C,173C 'chuyn':14C,86C 'chuyn':111C 'chn':72C,131C,176C 'cht':54C,140C,160C 'cc':20C 'c':31C,35C 'cng':41C,112C,114C 'cng':101C 'cp':30C,57C,150C,163C 'cu':48C 'di':110C 'dng':15C,87C 'giy':1A,78C,144C,156C 'gip':99C 'gi':128C 'gym':80C 'hiu':91C 'hot':21C,95C,104C 'ha':90C 'h':36C,121C 'h':16C 'hu':83C 'khi':109C 'kh':40C,46C,125C,154C 'kh':133C 'kh':43C,116C 'k':13C,77C,85C 'kt':47C 'linh':103C 'liu':55C,141C,161C 'luyn':3A,24C 'lun':132C 'lm':145C 'lng':70C,174C 'l':171C 'li':28C,148C 'li':165C 'l':38C,123C 'lc':62C,65C 'mang':164C 'minh':127C 'mu':73C 'mi':44C,117C 'mi':94C 'ngh':42C,113C,115C 'nh':59C,158C 'nng':66C,169C 'ni':10C 'n':5A 'phn':142C 'pink/lt.purple':75C 's':178A 'siu':58C,157C 'sut':92C 'sut':137C 'sch':135C 'sn':51C 'sc':74C 's':136C 's':82C 's':102C 'thao':26C,98C 'thit':12C,76C,84C 'thong':45C,134C,153C 'thot':39C,124C 'thn':143C 'thng':126C 'th':25C,97C 'thng':37C,122C 'tin':118C 'tin':119C 'tr':17C 'tng':100C 'tng':172C 'to':61C 'tp':2A,23C,79C,139C 'ti':18C,67C,88C 't':146C 'v':64C,105C,120C,168C 'vi':27C,147C 'vi':53C,159C 'w582234407':6A 'xut':52C 'im':9C 'c':8C 'i':130C 'c':50C 'y':63C '':49C,155C '':60C 'nh':108C '':32C,106C,166C 'ng':22C,96C '':170C 'u':19C,68C,89C 'n':107C",
        "search_index_dirty": false,
        "category": 45,
        "created_at": "2024-11-02T09:12:53.931Z",
        "updated_at": "2024-11-04T08:32:07.443Z",
        "weight": null,
        "default_variant": 358,
        "rating": 0.0,
        "tax_class": null
    }
},
{
    "model": "product.product",
    "pk": 137,
    "fields": {
        "private_metadata": {},
        "metadata": {},
        "external_reference": null,
        "seo_title": "",
        "seo_description": "",
        "product_type": 18,
        "name": "Giy Th Thao Nam TA2740",
        "slug": "giay-the-thao-nam-ta2740",
        "description": {
            "time": 1730539268617,
            "blocks": [
                {
                    "id": "rqwma2m2-m",
                    "data": {
                        "text": "Tn sn phm:&nbsp;GIY TH THAO NAM"
                    },
                    "type": "paragraph"
                },
                {
                    "id": "NhTcR_DmMn",
                    "data": {
                        "text": "<i></i>&nbsp;M sn phm:&nbsp;TA2740"
                    },
                    "type": "paragraph"
                },
                {
                    "id": "-ld_COVXzo",
                    "data": {
                        "text": "<i></i>&nbsp;Cht liu:&nbsp;VI + DA TNG HP"
                    },
                    "type": "paragraph"
                },
                {
                    "id": "Sn3NP17f4j",
                    "data": {
                        "text": "<i></i>&nbsp;Mu sc: Trng Nu"
                    },
                    "type": "paragraph"
                },
                {
                    "id": "KmUSepbTaO",
                    "data": {
                        "text": "<i></i>&nbsp;Size:&nbsp;35-36-37-38-39"
                    },
                    "type": "paragraph"
                },
                {
                    "id": "GgzwcFtCQf",
                    "data": {
                        "text": "Lu :&nbsp;"
                    },
                    "type": "paragraph"
                },
                {
                    "id": "WVff0eLG1Y",
                    "data": {
                        "items": [
                            "H tr SHIP COD ton quc",
                            "c kim tra hng trc khi thanh ton",
                            "n gp 10 nu pht hin sn phm km cht lng"
                        ],
                        "style": "unordered"
                    },
                    "type": "list"
                }
            ],
            "version": "2.24.3"
        },
        "description_plaintext": "Tn sn phm:&nbsp;GIY TH THAO NAM &nbsp;M sn phm:&nbsp;TA2740 &nbsp;Cht liu:&nbsp;VI + DA TNG HP &nbsp;Mu sc: Trng Nu &nbsp;Size:&nbsp;35-36-37-38-39 Lu :&nbsp; H tr SHIP COD ton quc c kim tra hng trc khi thanh ton n gp 10 nu pht hin sn phm km cht lng",
        "search_document": "",
        "search_vector": "'-36':29C '-37':30C '-38':31C '-39':32C '10':51C '1000':60A '35':28C 'cht':17C,58C 'cod':38C 'da':20C 'giy':9C 'giy':1A 'gp':50C 'hin':54C 'hng':44C 'h':35C 'hp':22C 'khi':46C 'kim':42C 'km':57C 'liu':18C 'lu':33C 'lng':59C 'm':64A,66B 'mu':23C 'm':13C 'nam':4A,12C 'nu':26C 'nu':52C 'pht':53C 'phm':8C,15C,56C 'quc':40C 's':62A,65B 'ship':37C 'size':27C,61A,63A 'sn':7C,14C,55C 'sc':24C 'ta2740':5A,16C 'thanh':47C 'thao':3A,11C 'th':10C 'th':2A 'ton':39C 'ton':48C 'tra':43C 'trc':45C 'trng':25C 'tr':36C 'tn':6C 'tng':21C 'vi':19C '':34C 'c':41C 'n':49C",
        "search_index_dirty": false,
        "category": 38,
        "created_at": "2024-11-02T09:21:08.595Z",
        "updated_at": "2024-11-20T10:29:57.415Z",
        "weight": null,
        "default_variant": 359,
        "rating": 0.0,
        "tax_class": null
    }
},
{
    "model": "product.product",
    "pk": 138,
    "fields": {
        "private_metadata": {},
        "metadata": {},
        "external_reference": null,
        "seo_title": "",
        "seo_description": "",
        "product_type": 25,
        "name": "Laptop HP 15 fd0234TU i5 1334U/16GB/512GB/Win11 (9Q969PA)",
        "slug": "laptop-hp-15-fd0234tu-i5-1334u16gb512gbwin11-9q969pa",
        "description": null,
        "description_plaintext": "",
        "search_document": "",
        "search_vector": "'1.3':26B '10':19B '100':41A,42A '12':22B,39B '1334u':16B '1334u/16gb/512gb/win11':6A '15':3A '4.6':34B '9q969pa':7A 'boost':33B 'b':36B 'core':12B 'cpu':10B,25B 'cng':8B 'fd0234tu':4A 'ghz':27B,35B 'hp':2A 'i5':5A,13B 'intel':11B 'lake':15B 'laptop':1A 'lung':21B 'mb':40B 'ngh':9B 'nhn':18B 'nh':37B 'raptor':14B 's':17B,20B 'turbo':32B 'tc':23B,28B 'ti':30B 'a':31B 'm':38B '':24B,29B",
        "search_index_dirty": false,
        "category": 47,
        "created_at": "2024-11-04T08:46:56.162Z",
        "updated_at": "2024-11-13T04:51:40.799Z",
        "weight": "500.0:g",
        "default_variant": 360,
        "rating": 0.0,
        "tax_class": null
    }
},
{
    "model": "product.product",
    "pk": 140,
    "fields": {
        "private_metadata": {},
        "metadata": {},
        "external_reference": null,
        "seo_title": "",
        "seo_description": "",
        "product_type": 25,
        "name": "Laptop Lenovo Ideapad Slim 3 15IAH8 i5 12450H/16GB/512GB/Win11 (83ER000EVN)",
        "slug": "laptop-lenovo-ideapad-slim-3-15iah8-i5-12450h16gb512gbwin11-83er000evn",
        "description": {
            "time": 1730710396135,
            "blocks": [
                {
                    "id": "Mg3Z39LzmI",
                    "data": {
                        "items": [
                            "15.6\"",
                            " phn gii:<a href=\"https://www.thegioididong.com/hoi-dap/man-hinh-fhd-la-gi-956294\" target=\"_blank\">Full HD (1920 x 1080)</a>",
                            "Tn s qut:<a href=\"https://www.thegioididong.com/hoi-dap/tan-so-quet-man-hinh-may-tinh-la-gi-1292309\" target=\"_blank\">60Hz</a>",
                            "Cng ngh mn hnh:Low Blue Light<a href=\"https://www.thegioididong.com/hoi-dap/man-hinh-ips-lcd-la-gi-905752\" target=\"_blank\">Tm nn IPS</a><a href=\"https://www.thegioididong.com/hoi-dap/tim-hieu-ve-man-hinh-chong-choi-anti-glare-1182688\" target=\"_blank\">Chng chi Anti Glare</a><a href=\"https://www.thegioididong.com/hoi-dap/do-sang-nit-tren-man-hinh-laptop-la-gi-bao-nhieu-la-phu-hop-1337509#300nits-500nits\" target=\"_blank\"> sng 300 nits</a><br>"
                        ],
                        "style": "unordered"
                    },
                    "type": "list"
                },
                {
                    "id": "3bDj3AGpg5",
                    "data": {
                        "items": [
                            "Card mn hnh:<a href=\"https://www.thegioididong.com/hoi-dap/card-do-hoa-tich-hop-la-gi-950047\" target=\"_blank\">Card tch hp</a>&nbsp;-&nbsp;<a href=\"https://www.thegioididong.com/hoi-dap/card-man-hinh-intel-uhd-graphics-tren-laptop-la-gi-1199634\" target=\"_blank\">Intel UHD Graphics</a>",
                            "Cng ngh m thanh:<a href=\"https://www.thegioididong.com/hoi-dap/am-thanh-dolby-audio-premium-co-gi-dac-biet-1017812\" target=\"_blank\">Dolby Audio</a>"
                        ],
                        "style": "unordered"
                    },
                    "type": "list"
                }
            ],
            "version": "2.24.3"
        },
        "description_plaintext": "15.6\"  phn gii:Full HD (1920 x 1080) Tn s qut:60Hz Cng ngh mn hnh:Low Blue LightTm nn IPSChng chi Anti Glare sng 300 nits Card mn hnh:Card tch hp&nbsp;-&nbsp;Intel UHD Graphics Cng ngh m thanh:Dolby Audio",
        "search_document": "",
        "search_vector": "'1':93B '1080':18C '12450h/16gb/512gb/win11':8A '15.6':10C '15iah8':6A '16':54B '1920':16C '3':5A '300':36C '4.0':83B '4800':64B '512':78B '60hz':22C '83er000evn':9A 'anti':33C 'audio':52C 'blue':28C 'bus':62B 'card':38C,41C 'chi':32C 'c':84B 'cng':23C,47C 'cp':75B 'cng':77B 'dolby':51C 'full':14C 'gb':55B,79B 'gii':13C 'glare':34C 'graphics':46C 'hd':15C 'hnh':26C,40C 'h':66B,72B 'hp':43C 'i5':7A 'ideapad':3A 'intel':44C 'ipschng':31C 'khc':90B 'khng':71B 'laptop':1A 'lenovo':2A 'lighttm':29C 'low':27C 'loi':56B 'lpddr5':58B 'lp':88B 'mhz':65B 'mn':25C,39C 'ngh':24C,48C 'nits':37C 'nvme':81B 'nng':74B 'nn':30C 'onboard':59B 'pcie':82B 'phn':12C 'qut':21C 'ra':87B 'ram':53B,57B,63B,68B 'slim':4A 'ssd':80B 'sng':35C 's':20C 'tb':94B 'thanh':50C,89B 'tho':86B 'th':85B 'tr':67B,73B 'tch':42C 'tn':19C 'tc':60B 'ti':69B,91B 'uhd':45C 'uhjvzhvjdfzhcmlhbnq6mzyx':95A 'x':17C 'm':49C '':11C 'a':70B,92B '':61B '':76B",
        "search_index_dirty": false,
        "category": 47,
        "created_at": "2024-11-04T08:53:15.729Z",
        "updated_at": "2024-11-11T12:16:43.633Z",
        "weight": "1000.0:g",
        "default_variant": 361,
        "rating": 0.0,
        "tax_class": null
    }
},
{
    "model": "product.product",
    "pk": 141,
    "fields": {
        "private_metadata": {},
        "metadata": {},
        "external_reference": null,
        "seo_title": "",
        "seo_description": "",
        "product_type": 25,
        "name": "Laptop Acer Aspire Lite 14 51M 59BN i5 1235U/16GB/512GB/Win11 (NX.KTXSV.001)",
        "slug": "laptop-acer-aspire-lite-14-51m-59bn-i5-1235u16gb512gbwin11-nxktxsv001",
        "description": {
            "time": 1730710530498,
            "blocks": [
                {
                    "id": "hEdCVr79RQ",
                    "data": {
                        "items": [
                            "Di 313.3 mm - Rng 218 mm - Dy 16.9 mm",
                            "Khi lng tnh:1.5 kg",
                            "Cht liu:V nha - np lng bng kim loi"
                        ],
                        "style": "unordered"
                    },
                    "type": "list"
                }
            ],
            "version": "2.24.3"
        },
        "description_plaintext": "Di 313.3 mm - Rng 218 mm - Dy 16.9 mm Khi lng tnh:1.5 kg Cht liu:V nha - np lng bng kim loi",
        "search_document": "",
        "search_vector": "'001':11A '1.3':53B '1.5':24C '10':46B '12':49B,66B '1235u':43B '1235u/16gb/512gb/win11':9A '14':5A '16.9':19C '218':16C '313.3':13C '4.4':61B '51m':6A '59bn':7A 'acer':2A 'alder':41B 'aspire':3A 'boost':60B 'bng':32C 'b':63B 'cht':26C 'core':39B 'cpu':37B,52B 'cng':35B 'di':12C 'dy':18C 'ghz':54B,62B 'i5':8A,40B 'intel':38B 'kg':25C 'khi':21C 'kim':33C 'lake':42B 'laptop':1A 'lite':4A 'liu':27C 'loi':34C 'lung':48B 'lng':31C 'lng':22C 'mb':67B 'mm':14C,17C,20C 'ngh':36B 'nhn':45B 'nh':64B 'nha':29C 'nx.ktxsv':10A 'np':30C 'rng':15C 's':44B,47B 'turbo':59B 'tnh':23C 'tc':50B,55B 'ti':57B 'uhjvzhvjdfzhcmlhbnq6mzyy':68A 'v':28C 'a':58B 'm':65B '':51B,56B",
        "search_index_dirty": false,
        "category": 47,
        "created_at": "2024-11-04T08:55:30.184Z",
        "updated_at": "2024-11-04T08:56:46.418Z",
        "weight": null,
        "default_variant": 362,
        "rating": 0.0,
        "tax_class": null
    }
},
{
    "model": "product.product",
    "pk": 142,
    "fields": {
        "private_metadata": {},
        "metadata": {},
        "external_reference": null,
        "seo_title": "",
        "seo_description": "",
        "product_type": 25,
        "name": "Laptop Asus Vivobook X1404ZA i5 1235U/16GB/512GB/Win11 (NK376W)",
        "slug": "laptop-asus-vivobook-x1404za-i5-1235u16gb512gbwin11-nk376w",
        "description": {
            "time": 1730710904226,
            "blocks": [
                {
                    "id": "aH9qHznNCb",
                    "data": {
                        "items": [
                            "<a href=\"https://www.thegioididong.com/hoi-dap/intel-the-he-12-alder-lake-tren-laptop-cau-hinh-va-thoi-1396454\" target=\"_blank\">Intel Core i5 Alder Lake</a>&nbsp;- 1235U",
                            "S nhn:10",
                            "S lung:12",
                            "Tc  CPU:1.3GHz",
                            "Tc  ti a:<a href=\"https://www.thegioididong.com/hoi-dap/turbo-boost-la-gi-cai-dat-turbo-boost-nhu-the-nao-884498\" target=\"_blank\">Turbo Boost 4.4 GHz</a>",
                            "B nh m:12 MB"
                        ],
                        "style": "unordered"
                    },
                    "type": "list"
                }
            ],
            "version": "2.24.3"
        },
        "description_plaintext": "Intel Core i5 Alder Lake&nbsp;- 1235U S nhn:10 S lung:12 Tc  CPU:1.3GHz Tc  ti a:Turbo Boost 4.4 GHz B nh m:12 MB",
        "search_document": "",
        "search_vector": "'1.3':23C '10':16C '12':19C,36C '1235u':13C '1235u/16gb/512gb/win11':6A '180':85B '2.0':47B '3.2':55B '3.5':51B '4.4':31C '5.3':68B '6e':64B '802.11':65B '810hbn':82B 'alder':11C 'asus':2A 'ax':66B 'bluetooth':67B 'boost':30C 'bn':94B 'bn':76B 'b':33C 'c1':44B 'camera':92B 'chun':77B 'core':9C 'cpu':22C 'c':97B 'cng':38B 'dy':60B 'fi':63B 'ghz':24C,32C 'giao':39B 'hd':70B 'hdmi':56B 'i5':5A,10C 'intel':8C 'jack':48B 'khc':74B 'kha':91B 'khng':59B,96B 'kt':57B 'lake':12C 'laptop':1A 'lung':18C 'l':83B 'mb':37C 'mil':80B 'mm2':52B 'mt':87B 'm':84B 'nghe':50B 'nhn':15C 'nh':34C 'nk376w':7A 'nng':73B 'ni':58B 'phm':95B 'qun':78B 'std':81B 's':14C,17C 'tai':49B 'taycng':89B 'tip':40B 'turbo':29C 'type':43B 'type-c1':42B 'tnh':72B 'tc':90B 'tc':20C,25C 'ti':27C 'uhjvzhvjdfzhcmlhbnq6mzyz':99A 'usb':41B,46B,54B 'vivobook':3A 'vn':88B 'webcam':69B,71B 'wi':62B 'wi-fi':61B 'x':45B,53B 'x1404za':4A 'n':93B '':75B 'a':28C 'n':98B 'm':35C '':21C,26C 'bo':86B 'i':79B",
        "search_index_dirty": false,
        "category": 47,
        "created_at": "2024-11-04T09:01:43.806Z",
        "updated_at": "2024-11-04T09:02:17.684Z",
        "weight": "2000.0:g",
        "default_variant": 363,
        "rating": 0.0,
        "tax_class": null
    }
},
{
    "model": "product.product",
    "pk": 143,
    "fields": {
        "private_metadata": {},
        "metadata": {},
        "external_reference": null,
        "seo_title": "",
        "seo_description": "",
        "product_type": 26,
        "name": "in thoi iPhone 16 Pro Max 256GB",
        "slug": "dien-thoai-iphone-16-pro-max-256gb",
        "description": {
            "time": 1730863156532,
            "blocks": [
                {
                    "id": "d6vdmexJtI",
                    "data": {
                        "text": "Thng s k thut",
                        "level": 2
                    },
                    "type": "header"
                },
                {
                    "id": "Lb-R718ZnM",
                    "data": {
                        "text": "Bi vit nh gi",
                        "level": 2
                    },
                    "type": "header"
                },
                {
                    "id": "Az-bff_lwc",
                    "data": {
                        "text": "Cu hnh &amp; B nh",
                        "level": 3
                    },
                    "type": "header"
                },
                {
                    "id": "wDgfunNUYJ",
                    "data": {
                        "items": [
                            "<a target=\"_blank\" href=\"https://www.thegioididong.com/hoi-dap/he-dieu-hanh-la-gi-804907#hmenuid1\">H iu hnh:</a>iOS 18",
                            "Chip x l (CPU):Apple A18 Pro 6 nhn",
                            "<a target=\"_blank\" href=\"https://www.thegioididong.com/hoi-dap/toc-do-cpu-la-gi-co-y-nghia-gi-trong-cac-thiet-bi-dien-tu-1299483\">Tc  CPU:</a>Hng khng cng b",
                            "Chip  ha (GPU):<a href=\"https://www.thegioididong.com/hoi-dap/tim-hieu-chip-xu-ly-apple-a14-bionic-hieu-nang-manh-den-1302095\" target=\"_blank\">Apple GPU 6 nhn</a>",
                            "<a target=\"_blank\" href=\"https://www.thegioididong.com/hoi-dap/ram-la-gi-co-y-nghia-gi-trong-cac-thiet-bi-dien-t-1216259\">RAM:</a>8 GB",
                            "Dung lng lu tr:256 GB",
                            "Dung lng cn li (kh dng) khong:241 GB",
                            "Danh b:Khng gii hn"
                        ],
                        "style": "unordered"
                    },
                    "type": "list"
                }
            ],
            "version": "2.24.3"
        },
        "description_plaintext": "Thng s k thut Bi vit nh gi Cu hnh &amp; B nh H iu hnh:iOS 18 Chip x l (CPU):Apple A18 Pro 6 nhn Tc  CPU:Hng khng cng b Chip  ha (GPU):Apple GPU 6 nhn RAM:8 GB Dung lng lu tr:256 GB Dung lng cn li (kh dng) khong:241 GB Danh b:Khng gii hn",
        "search_document": "",
        "search_vector": "'16':4A '18':24C '241':65C '256':56C '256gb':7A '6':32C,47C '8':50C 'a18':30C 'apple':29C,45C 'bi':12C 'b':68C 'b':40C 'b':18C 'chip':25C,41C 'cpu':28C,36C 'cn':60C 'cng':39C 'cu':16C 'danh':67C 'dung':52C,58C 'dng':63C 'gb':51C,57C,66C 'gi':15C 'gii':70C 'gpu':44C,46C 'hnh':22C 'hng':37C 'hnh':17C 'hn':71C 'h':20C 'ha':43C 'ios':23C 'iphone':3A 'khong':64C 'khng':38C,69C 'kh':62C 'k':10C 'l':27C 'lu':54C 'lng':53C,59C 'li':61C 'max':6A 'nhn':33C,48C 'nh':19C 'pro':5A,31C 'ram':49C 's':9C 'thoi':2A 'thut':11C 'thng':8C 'tr':55C 'tc':34C 'uhjvzhvjdfzhcmlhbnq6mzy0':72A 'vit':13C 'x':26C 'in':1A 'iu':21C 'nh':14C '':42C '':35C",
        "search_index_dirty": false,
        "category": 49,
        "created_at": "2024-11-06T03:19:16.708Z",
        "updated_at": "2024-11-06T03:20:04.816Z",
        "weight": null,
        "default_variant": 364,
        "rating": 0.0,
        "tax_class": null
    }
},
{
    "model": "product.product",
    "pk": 144,
    "fields": {
        "private_metadata": {},
        "metadata": {},
        "external_reference": null,
        "seo_title": "",
        "seo_description": "",
        "product_type": 26,
        "name": "in thoi iPhone 15 Pro 256GB",
        "slug": "dien-thoai-iphone-15-pro-256gb",
        "description": {
            "time": 1730863401278,
            "blocks": [
                {
                    "id": "6Q9-BO0kk0",
                    "data": {
                        "text": "Thng s k thut",
                        "level": 2
                    },
                    "type": "header"
                },
                {
                    "id": "VbE4eeGPOt",
                    "data": {
                        "text": "Bi vit nh gi",
                        "level": 2
                    },
                    "type": "header"
                },
                {
                    "id": "KJEQTFJ9vg",
                    "data": {
                        "text": "Cu hnh &amp; B nh",
                        "level": 3
                    },
                    "type": "header"
                },
                {
                    "id": "0FtJi0ht-b",
                    "data": {
                        "items": [
                            "<a target=\"_blank\" href=\"https://www.thegioididong.com/hoi-dap/he-dieu-hanh-la-gi-804907#hmenuid1\">H iu hnh:</a>iOS 17",
                            "Chip x l (CPU):<a href=\"https://www.thegioididong.com/hoi-dap/chip-a17-bionic-tien-trinh-3nm-tien-tien-1522727\" target=\"_blank\">Apple A17 Pro 6 nhn</a>",
                            "<a target=\"_blank\" href=\"https://www.thegioididong.com/hoi-dap/toc-do-cpu-la-gi-co-y-nghia-gi-trong-cac-thiet-bi-dien-tu-1299483\">Tc  CPU:</a>3.78 GHz",
                            "Chip  ha (GPU):<a href=\"https://www.thegioididong.com/hoi-dap/tim-hieu-chip-xu-ly-apple-a14-bionic-hieu-nang-manh-den-1302095\" target=\"_blank\">Apple GPU 6 nhn</a>",
                            "<a target=\"_blank\" href=\"https://www.thegioididong.com/hoi-dap/ram-la-gi-co-y-nghia-gi-trong-cac-thiet-bi-dien-t-1216259\">RAM:</a>8 GB",
                            "Dung lng lu tr:256 GB",
                            "Dung lng cn li (kh dng) khong:241 GB",
                            "Danh b:Khng gii hn"
                        ],
                        "style": "unordered"
                    },
                    "type": "list"
                }
            ],
            "version": "2.24.3"
        },
        "description_plaintext": "Thng s k thut Bi vit nh gi Cu hnh &amp; B nh H iu hnh:iOS 17 Chip x l (CPU):Apple A17 Pro 6 nhn Tc  CPU:3.78 GHz Chip  ha (GPU):Apple GPU 6 nhn RAM:8 GB Dung lng lu tr:256 GB Dung lng cn li (kh dng) khong:241 GB Danh b:Khng gii hn",
        "search_document": "",
        "search_vector": "'15':4A '17':23C '241':62C '256':53C '256gb':6A '3.78':36C '6':31C,44C '8':47C 'a17':29C 'apple':28C,42C 'bi':11C 'b':65C 'b':17C 'chip':24C,38C 'cpu':27C,35C 'cn':57C 'cu':15C 'danh':64C 'dung':49C,55C 'dng':60C 'gb':48C,54C,63C 'ghz':37C 'gi':14C 'gii':67C 'gpu':41C,43C 'hnh':21C 'hnh':16C 'hn':68C 'h':19C 'ha':40C 'ios':22C 'iphone':3A 'khong':61C 'khng':66C 'kh':59C 'k':9C 'l':26C 'lu':51C 'lng':50C,56C 'li':58C 'nhn':32C,45C 'nh':18C 'pro':5A,30C 'ram':46C 's':8C 'thoi':2A 'thut':10C 'thng':7C 'tr':52C 'tc':33C 'uhjvzhvjdfzhcmlhbnq6mzy1':69A 'vit':12C 'x':25C 'in':1A 'iu':20C 'nh':13C '':39C '':34C",
        "search_index_dirty": false,
        "category": 49,
        "created_at": "2024-11-06T03:23:21.490Z",
        "updated_at": "2024-11-11T12:16:16.329Z",
        "weight": null,
        "default_variant": 365,
        "rating": 0.0,
        "tax_class": null
    }
},
{
    "model": "product.product",
    "pk": 145,
    "fields": {
        "private_metadata": {},
        "metadata": {},
        "external_reference": null,
        "seo_title": "",
        "seo_description": "",
        "product_type": 26,
        "name": "in thoi iPhone 15 128GB",
        "slug": "dien-thoai-iphone-15-128gb",
        "description": {
            "time": 1730863484231,
            "blocks": [
                {
                    "id": "SegAnS6akV",
                    "data": {
                        "items": [
                            "iOS 17",
                            "Chip x l (CPU):<a href=\"https://www.thegioididong.com/hoi-dap/chip-a16-bionic-giup-iphone-14-lan-at-hieu-nang-1461587\" target=\"_blank\">Apple A16 Bionic</a>",
                            "<a target=\"_blank\" href=\"https://www.thegioididong.com/hoi-dap/toc-do-cpu-la-gi-co-y-nghia-gi-trong-cac-thiet-bi-dien-tu-1299483\">Tc  CPU:</a>3.46 GHz",
                            "Chip  ha (GPU):<a href=\"https://www.thegioididong.com/hoi-dap/tim-hieu-chip-apple-a15-bionic-suc-manh-cuc-khung-duoc-he-1339072#subhmenuid3\" target=\"_blank\">Apple GPU 5 nhn</a>",
                            "<a target=\"_blank\" href=\"https://www.thegioididong.com/hoi-dap/ram-la-gi-co-y-nghia-gi-trong-cac-thiet-bi-dien-t-1216259\">RAM:</a>6 GB",
                            "Dung lng lu tr:128 GB",
                            "Dung lng cn li (kh dng) khong:113 GB",
                            "Danh b:Khng gii hn"
                        ],
                        "style": "unordered"
                    },
                    "type": "list"
                }
            ],
            "version": "2.24.3"
        },
        "description_plaintext": "iOS 17 Chip x l (CPU):Apple A16 Bionic Tc  CPU:3.46 GHz Chip  ha (GPU):Apple GPU 5 nhn RAM:6 GB Dung lng lu tr:128 GB Dung lng cn li (kh dng) khong:113 GB Danh b:Khng gii hn",
        "search_document": "",
        "search_vector": "'113':44C '128':35C '128gb':5A '15':4A '17':7C '3.46':18C '5':26C '6':29C 'a16':13C 'apple':12C,24C 'bionic':14C 'b':47C 'chip':8C,20C 'cpu':11C,17C 'cn':39C 'danh':46C 'dung':31C,37C 'dng':42C 'gb':30C,36C,45C 'ghz':19C 'gii':49C 'gpu':23C,25C 'hn':50C 'ha':22C 'ios':6C 'iphone':3A 'khong':43C 'khng':48C 'kh':41C 'l':10C 'lu':33C 'lng':32C,38C 'li':40C 'nhn':27C 'ram':28C 'thoi':2A 'tr':34C 'tc':15C 'uhjvzhvjdfzhcmlhbnq6mzy2':51A 'x':9C 'in':1A '':21C '':16C",
        "search_index_dirty": false,
        "category": 49,
        "created_at": "2024-11-06T03:24:44.404Z",
        "updated_at": "2024-11-06T03:25:07.553Z",
        "weight": null,
        "default_variant": 366,
        "rating": 0.0,
        "tax_class": null
    }
},
{
    "model": "product.product",
    "pk": 147,
    "fields": {
        "private_metadata": {},
        "metadata": {},
        "external_reference": null,
        "seo_title": "",
        "seo_description": "",
        "product_type": 26,
        "name": "in thoi Samsung Galaxy Z Fold6 5G 12GB/256GB",
        "slug": "dien-thoai-samsung-galaxy-z-fold6-5g-12gb256gb",
        "description": {
            "time": 1730863591371,
            "blocks": [
                {
                    "id": "1D0qIZTO9V",
                    "data": {
                        "items": [
                            "Android 14",
                            "Chip x l (CPU):Snapdragon 8 Gen 3 for Galaxy",
                            "<a target=\"_blank\" href=\"https://www.thegioididong.com/hoi-dap/toc-do-cpu-la-gi-co-y-nghia-gi-trong-cac-thiet-bi-dien-tu-1299483\">Tc  CPU:</a>3.39 GHz",
                            "Chip  ha (GPU):Adreno 750",
                            "<a target=\"_blank\" href=\"https://www.thegioididong.com/hoi-dap/ram-la-gi-co-y-nghia-gi-trong-cac-thiet-bi-dien-t-1216259\">RAM:</a>12 GB",
                            "Dung lng lu tr:256 GB",
                            "Dung lng cn li (kh dng) khong:216.1 GB",
                            "Danh b:Khng gii hn"
                        ],
                        "style": "unordered"
                    },
                    "type": "list"
                }
            ],
            "version": "2.24.3"
        },
        "description_plaintext": "Android 14 Chip x l (CPU):Snapdragon 8 Gen 3 for Galaxy Tc  CPU:3.39 GHz Chip  ha (GPU):Adreno 750 RAM:12 GB Dung lng lu tr:256 GB Dung lng cn li (kh dng) khong:216.1 GB Danh b:Khng gii hn",
        "search_document": "",
        "search_vector": "'12':33C '12gb/256gb':8A '14':10C '216.1':48C '256':39C '3':18C '3.39':24C '5g':7A '750':31C '8':16C 'adreno':30C 'android':9C 'b':51C 'chip':11C,26C 'cpu':14C,23C 'cn':43C 'danh':50C 'dung':35C,41C 'dng':46C 'fold6':6A 'for':19C 'galaxy':4A,20C 'gb':34C,40C,49C 'gen':17C 'ghz':25C 'gii':53C 'gpu':29C 'hn':54C 'ha':28C 'khong':47C 'khng':52C 'kh':45C 'l':13C 'lu':37C 'lng':36C,42C 'li':44C 'ram':32C 'samsung':3A 'snapdragon':15C 'thoi':2A 'tr':38C 'tc':21C 'uhjvzhvjdfzhcmlhbnq6mzy4':55A 'x':12C 'z':5A 'in':1A '':27C '':22C",
        "search_index_dirty": false,
        "category": 49,
        "created_at": "2024-11-06T03:26:31.551Z",
        "updated_at": "2024-11-29T08:16:07.773Z",
        "weight": null,
        "default_variant": 368,
        "rating": 0.0,
        "tax_class": null
    }
},
{
    "model": "product.product",
    "pk": 148,
    "fields": {
        "private_metadata": {},
        "metadata": {},
        "external_reference": null,
        "seo_title": "",
        "seo_description": "",
        "product_type": 26,
        "name": "in thoi vivo V40 Lite 8GB/256GB ",
        "slug": "dien-thoai-vivo-v40-lite-8gb256gb",
        "description": {
            "time": 1730907473828,
            "blocks": [
                {
                    "id": "B4Zs6eaxJP",
                    "data": {
                        "items": [
                            "Android 14",
                            "Chip x l (CPU):<a href=\"https://www.thegioididong.com/hoi-dap/snapdragon-685-cpu-moi-nhat-cua-qualcomm-danh-cho-1522217\" target=\"_blank\">Snapdragon 685 8 nhn</a>",
                            "<a target=\"_blank\" href=\"https://www.thegioididong.com/hoi-dap/toc-do-cpu-la-gi-co-y-nghia-gi-trong-cac-thiet-bi-dien-tu-1299483\">Tc  CPU:</a>2.8 GHz",
                            "Chip  ha (GPU):<a href=\"https://www.thegioididong.com/hoi-dap/tim-hieu-chip-qualcomm-snapdragon-665-1177729\" target=\"_blank\">Adreno 610</a>",
                            "<a target=\"_blank\" href=\"https://www.thegioididong.com/hoi-dap/ram-la-gi-co-y-nghia-gi-trong-cac-thiet-bi-dien-t-1216259\">RAM:</a>8 GB",
                            "Dung lng lu tr:256 GB",
                            "Dung lng cn li (kh dng) khong:228 GB",
                            "Th nh:<a href=\"https://www.thegioididong.com/the-nho-dien-thoai\" target=\"_blank\">MicroSD, h tr ti a 1 TB</a>",
                            "Danh b:Khng gii hn"
                        ],
                        "style": "unordered"
                    },
                    "type": "list"
                }
            ],
            "version": "2.24.3"
        },
        "description_plaintext": "Android 14 Chip x l (CPU):Snapdragon 685 8 nhn Tc  CPU:2.8 GHz Chip  ha (GPU):Adreno 610 RAM:8 GB Dung lng lu tr:256 GB Dung lng cn li (kh dng) khong:228 GB Th nh:MicroSD, h tr ti a 1 TB Danh b:Khng gii hn",
        "search_document": "",
        "search_vector": "'1':53C '14':8C '2.8':20C '228':44C '256':35C '610':27C '685':14C '8':15C,29C '8gb/256gb':6A 'adreno':26C 'android':7C 'b':56C 'chip':9C,22C 'cpu':12C,19C 'cn':39C 'danh':55C 'dung':31C,37C 'dng':42C 'gb':30C,36C,45C 'ghz':21C 'gii':58C 'gpu':25C 'hn':59C 'ha':24C 'h':49C 'khong':43C 'khng':57C 'kh':41C 'lite':5A 'l':11C 'lu':33C 'lng':32C,38C 'li':40C 'microsd':48C 'nhn':16C 'nh':47C 'ram':28C 'snapdragon':13C 'tb':54C 'thoi':2A 'th':46C 'tr':50C 'tr':34C 'tc':17C 'ti':51C 'uhjvzhvjdfzhcmlhbnq6mzy5':60A 'v40':4A 'vivo':3A 'x':10C 'in':1A 'a':52C '':23C '':18C",
        "search_index_dirty": false,
        "category": 49,
        "created_at": "2024-11-06T03:28:12.345Z",
        "updated_at": "2024-11-06T15:37:54.593Z",
        "weight": null,
        "default_variant": 369,
        "rating": 0.0,
        "tax_class": null
    }
},
{
    "model": "product.product",
    "pk": 149,
    "fields": {
        "private_metadata": {},
        "metadata": {},
        "external_reference": null,
        "seo_title": "",
        "seo_description": "",
        "product_type": 26,
        "name": "in thoi iPhone 11",
        "slug": "dien-thoai-iphone-11-64gb",
        "description": {
            "time": 1732105620052,
            "blocks": [
                {
                    "id": "VwOc7hNLtn",
                    "data": {
                        "text": "in thoi iPhone 11 64GB sieu hot ch c ti trang&nbsp;web ca chng ti, hy nhanh tay rt em n&nbsp; v lin tay"
                    },
                    "type": "paragraph"
                }
            ],
            "version": "2.28.0"
        },
        "description_plaintext": "in thoi iPhone 11 64GB sieu hot ch c ti trang&nbsp;web ca chng ti, hy nhanh tay rt em n&nbsp; v lin tay",
        "search_document": "",
        "search_vector": "'/dntus9abj/image/upload/v1731989669/ziqcbcop6zktlvgz7db8.jpg':451B '/dntus9abj/image/upload/v1732013898/kuerhxtulxsnlzjrwq2q.webp':616B '/dntus9abj/image/upload/v1732014108/xfwxsfbfbf3om41yjnit.webp':897B '/embed/angdt0shmbs':442B '/embed/finffowtxws':448B '/watch?v=angdt0shmbs':439B '/watch?v=finffowtxws':445B '10/9/2019':118B '11':4A,8C,41B,86B,129B,142B,151B,155B,169B,199B,310B,357B,424B,453B,535B,586B,630B,831B,845B,917B '12':645B '1tb':1053A,1056B '2':145B '2019':790B '256gb':1051A,1054B '3':136B '3110mah':524B '4':319B '4k':236B '5':1000B '512tb':1052A,1055B '6':857B '6.1':477B '60fps':237B '64gb':9C 'a13':192B,472B 'android':293B 'apple':32B,119B,362B,430B,656B,788B,849B,941B 'bionic':193B,473B 'bit':184B,344B,813B,882B 'bi':1018B 'bn':957B 'bn':704B 'bn':400B,553B,623B,635B,834B,926B,947B,989B 'bn':138B,261B,685B,859B,879B,1019B 'bng':822B 'bo':641B,651B,696B,719B,760B 'bt':800B 'bng':381B 'bn':284B,764B 'b':765B 'b':366B,470B,541B 'b':929B 'b':806B 'bi':179B,399B,429B 'bc':241B 'cam':1035B 'camera':228B,505B,815B 'cao':100B,147B,247B,265B,304B,502B,527B 'cellphones':959B,962B,1007B,1033B 'chi':349B,756B 'chia':314B 'chip':191B,803B 'chipset':471B 'cho':490B,1039B 'chuyn':963B,1013B 'chun':999B 'chnh':121B,347B,360B,564B,593B,631B,643B,669B,698B,713B,976B 'chng':18C,338B 'chng':57B 'cht':111B,245B,302B,482B,588B,707B,908B,974B,994B 'chc':766B 'chn':767B 'ch':639B,694B 'ch':12C,665B 'chnh':755B 'chn':388B,559B,581B,922B 'ch':316B 'con':190B,802B 'cc':50B,108B,196B,206B,259B,307B,607B,648B,666B,687B,710B,721B,730B,737B,741B,747B,966B 'cn':427B,432B 'c':13C,53B,105B,277B,301B,324B,341B,498B,568B,761B,791B,835B,948B 'cng':514B,610B,969B 'cng':481B,907B,978B 'c':43B,87B,170B,358B 'cng':339B,554B,716B 'cnh':280B,705B 'c':55B 'cp':148B,251B,794B 'cu':899B 'cu':97B,609B 'cn':556B 'cy':82B 'cng':134B 'c':773B 'ca':17C,337B,422B,488B,530B,655B,709B,746B,829B,891B,940B,1029B 'ca':955B,1005B 'cc':61B 'do':383B,621B 'dung':522B,809B 'di':285B,466B 'dng':37B,125B,560B,584B,626B,675B,722B 'd':29B,158B,533B 'dng':70B,178B,269B,386B,532B,1032B 'di':345B,819B 'dn':101B,596B,985B 'd':93B 'dch':996B 'dng':274B,601B,894B 'em':24C 'full':486B 'gia':739B,772B 'gian':465B 'gi':54B,279B,335B,796B,944B 'giy':1045B 'gip':525B 'gii':210B,612B,1024B 'git':224B 'gn':408B 'gp':214B 'gc':728B 'gm':132B 'ham':577B 'hay':223B 'hd':487B 'hin':484B,910B 'hin':30B,94B,418B,506B,551B,971B 'hiu':59B,218B,456B,598B,754B,903B 'hot':11C 'hon':923B 'hn':682B 'hng':353B,420B,592B,956B,1006B,1042B 'hnh':642B,652B,697B 'hng':361B,368B,565B,594B,632B,644B,670B,699B,714B,977B 'hy':20C 'hnh':222B,256B,475B,493B,900B 'ht':46B,176B 'hn':286B,720B 'ho':924B 'hp':984B 'h':92B 'h':226B,503B,953B,1003B 'hp':65B,510B,518B 'hu':404B,455B,854B,933B 'ifan':51B 'inch':478B 'iphone':3A,7C,40B,85B,128B,141B,150B,154B,168B,198B,309B,356B,423B,452B,534B,585B,629B,678B,783B,830B,844B,916B 'khi':387B,852B 'khuyn':982B 'kh':458B 'khc':321B,343B,689B,740B,861B,986B 'khch':352B,1041B 'kh':215B 'khng':91B,106B,213B,394B,426B,431B,590B,603B,691B,725B,927B 'khn':216B 'kh':232B 'kho':355B,838B,951B 'km':113B,587B 'kt':379B,517B,1036B 'k':276B 'k':62B 'k':744B,827B 'lag':225B 'lan':115B 'lcd':476B 'like':200B 'likenew':311B,425B 'lin':27C 'loi':320B,331B,359B,392B,419B 'l':89B,135B,140B,149B,318B,348B,363B,536B,634B,661B,778B,801B,814B,821B,865B,876B,919B 'ln':884B 'l':620B,805B 'ln':396B 'lng':112B,246B,272B,303B,483B,523B,589B,708B,810B,909B,975B,995B 'lt':864B 'li':88B,299B 'ln':840B,863B 'l':958B 'ln':68B 'li':181B 'la':558B,921B 'mang':187B,238B,1037B 'max':157B 'mint':870B 'model':146B,308B 'mua':84B,389B,546B,582B,625B,1046B 'm':212B,298B,496B,579B,622B,664B,775B,915B,925B 'mn':255B,474B 'mu':860B,880B 'my':378B,489B 'm':377B 'mi':983B 'mnh':189B 'mt':495B,914B 'mnh':194B,459B,901B,937B 'mu':197B,290B 'mc':1028B 'mt':35B,167B,842B 'm':195B,460B,902B,938B 'mi':1026B 'mt':75B,405B,537B,617B,920B 'mi':38B,410B,516B 'mc':278B,943B 'nam':659B,703B,780B 'namvi':376B 'nay':306B 'new':201B 'nghim':267B,492B,529B,571B,993B 'nghip':1014B 'ngh':515B,970B 'ngoi':413B,987B 'ngun':727B 'ngy':117B,165B,305B 'ng':1010B 'ngi':69B,177B,268B,385B,531B,575B,892B,1030B 'nhanh':21C 'nhau':322B,862B 'nhin':72B,334B,417B 'nhiu':36B,162B,289B,398B,428B,574B,674B,792B,979B 'nhu':96B,608B 'nhn':1011B 'nh':185B,220B,409B 'nhng':39B 'nht':547B,573B,768B,1050B 'nhn':637B,672B,692B 'nht':684B 'nh':807B 'nh':52B,467B 'nhng':180B,240B,364B,511B,539B,619B,877B,1043B 'ny':393B,421B,563B,633B,700B,843B,939B 'nng':250B,264B,526B,793B 'nt':230B,480B,913B 'nn':294B,555B,624B,928B 'n':25C,131B,435B 'nm':163B,789B 'nng':60B,233B,457B,513B,904B 'ni':76B 'nc':688B 'ni':799B 'na':436B 'phin':137B,260B,858B,878B 'phi':890B 'phn':313B,330B,369B,964B 'ph':64B 'pht':1044B 'phi':56B,395B,583B,591B 'phn':501B 'phn':67B,980B 'phm':110B,127B,391B,562B,628B,668B,677B,712B,724B,732B,749B,787B,935B,968B 'phi':370B,965B 'pin':253B,521B,811B 'pro':152B,156B 'qua':161B,930B 'quan':48B 'quay':234B 'quyn':654B,663B 'qu':981B 'qu':889B,1040B 'qu':599B 'quc':683B,738B,771B 'ra':34B,124B,166B,841B,988B 'ram':808B 'res.cloudinary.com':450B,615B,896B 'res.cloudinary.com/dntus9abj/image/upload/v1731989669/ziqcbcop6zktlvgz7db8.jpg':449B 'res.cloudinary.com/dntus9abj/image/upload/v1732013898/kuerhxtulxsnlzjrwq2q.webp':614B 'res.cloudinary.com/dntus9abj/image/upload/v1732014108/xfwxsfbfbf3om41yjnit.webp':895B 'ring':183B,325B,371B 'r':726B 'rt':23C 'rt':847B 'r':578B 'sang':887B 'sao':1001B 'sau':186B,818B 'series':42B,130B,171B 'sieu':10C 'siu':786B 'smartphone':542B,936B 'so':257B,287B,781B,823B 'sut':219B 'sng':1021B 'snh':824B 's':249B 'sn':109B,126B,390B,433B,561B,627B,667B,676B,711B,723B,731B,748B,934B,967B 'sc':229B,479B,912B 'sm':1047B 'sn':1020B 's':104B,323B,340B,401B,636B,918B,990B 's':743B,826B 's':403B,454B,853B,932B 's':273B,600B,893B 's':47B,342B,886B 'tay':22C,28C,680B,734B 'tham':354B,837B,950B 'thit':365B,540B 'thoi':2A,6C,292B,407B 'thu':45B,175B 'thut':745B,828B 'thnh':315B,336B 'thng':646B 'th':785B 'thng':742B,825B 'thc':380B 'thng':143B 'thp':602B 'thn':557B 'thc':1027B 'th':182B 'th':774B,836B,949B 'th':98B,373B,485B,911B 'thng':227B,504B,954B,1004B 'thi':271B,464B,549B 'thc':122B 'tin':81B 'tiu':1031B 'tip':173B 'tit':350B,757B 'tot':883B 'trang':15C,469B 'tranh':281B 'trong':188B,463B,538B,618B,797B,839B 'trung':544B,649B 'trn':114B 'tr':211B,613B 'trc':262B,816B 'trng':99B,374B 'tri':160B,266B,491B,528B,570B,992B 'trng':866B 'tr':221B 'trng':888B 'tung':123B 'tuy':71B,416B 'tuyt':414B,1048B 'tc':207B 'tm':49B,650B 'tm':74B 'tch':509B 'tm':871B 'tn':78B,297B 'tnh':512B 'ti':19C 'tn':397B 't':1022B 'tng':500B 'ti':14C,31B,95B,372B,552B,647B,657B,701B,769B,952B,960B,1002B 'to':1017B 'tm':543B 'tn':856B 't':328B 'tt':205B,572B 'tng':133B 'ti':597B,735B,855B,1038B 'tc':174B 't':164B,681B,736B 'tng':326B,770B 'uy':77B,296B 'u':653B 'video':235B,244B 'vin':252B,520B,1012B 'vic':103B,611B 'vit':375B,658B,702B,779B 'vn/a':382B,566B,595B,671B,715B,750B 'v':58B,79B,144B,153B,209B,231B,243B,254B,270B,282B,332B,497B,686B,729B,817B,832B,872B 'vng':873B 'vo':116B 'v':576B 'vn':1023B 'vn':44B,172B,202B 'v':412B 'v':26C,217B 'vi':66B,258B,288B,411B,519B,782B,898B,942B,973B,1008B 'vi':1049B 'v':208B,997B 'va':295B,300B 'web':16C 'www.youtube.com':438B,441B,444B,447B 'www.youtube.com/embed/angdt0shmbs':440B 'www.youtube.com/embed/finffowtxws':446B 'www.youtube.com/watch?v=angdt0shmbs':437B 'www.youtube.com/watch?v=finffowtxws':443B 'xanh':869B 'xin':1034B 'xr':784B,833B 'xut':434B 'xch':679B,733B 'xn':248B 'x':804B 'yu':317B,327B 'i':851B 't':107B 'en':868B 'in':1A,5C 'y':660B,874B '':931B '':867B 'iu':90B 'im':550B 'in':291B,406B 'o':1016B 'ng':80B,275B,545B,795B 'p':203B,604B,1025B 'y':346B,777B,820B,961B '':33B,120B,159B,263B,580B,752B,846B 'i':946B '':139B,384B,706B,798B 'ng':333B 'c':312B,367B,402B,468B,508B,569B,606B,638B,673B,693B,717B,753B,762B,848B,885B,991B,1015B 'i':507B,972B 't':998B 'm':718B,759B 'c':662B,812B,881B 'p':415B 'n':102B,239B 'u':690B,751B,875B '':73B,83B,329B,351B,567B,758B 'nh':462B,906B '':283B,499B,640B,695B,763B 'i':1009B 'u':850B,945B 'nh':242B,494B 'n':63B,461B,905B '':548B,776B 'ng':204B,605B",
        "search_index_dirty": false,
        "category": 49,
        "created_at": "2024-11-09T07:48:29.558Z",
        "updated_at": "2024-12-03T08:38:44.126Z",
        "weight": null,
        "default_variant": 370,
        "rating": 0.0,
        "tax_class": null
    }
},
{
    "model": "product.product",
    "pk": 153,
    "fields": {
        "private_metadata": {},
        "metadata": {},
        "external_reference": null,
        "seo_title": "",
        "seo_description": "",
        "product_type": 20,
        "name": "Giy th thao m chn siu nh",
        "slug": "giay-the-thao-em-chan-sieu-nhe",
        "description": {
            "time": 1732202242423,
            "blocks": [
                {
                    "id": "6dunMDKNPO",
                    "data": {
                        "text": "<span style=\"color: rgb(201, 33, 39); font-family: SVN-poppins, sans-serif; font-style: italic; letter-spacing: normal;\"><b><font size=\"2\">- Mu giy chn i cho Chng v Nng.</font></b></span>"
                    },
                    "type": "paragraph"
                },
                {
                    "id": "-ND2zbtfLu",
                    "data": {
                        "text": "<span style=\"color: rgb(201, 33, 39); font-family: SVN-poppins, sans-serif; font-style: italic; letter-spacing: normal;\"><b><font size=\"2\">- Chng trt, siu nh, m chn, khng khun, kh mi.</font></b></span>"
                    },
                    "type": "paragraph"
                }
            ],
            "version": "2.28.0"
        },
        "description_plaintext": "- Mu giy chn i cho Chng v Nng. - Chng trt, siu nh, m chn, khng khun, kh mi.",
        "search_document": "",
        "search_vector": "'/dntus9abj/image/upload/v1732202130/vbwn81vbrueadxwrgcfx.jpg':86B '/dntus9abj/image/upload/v1732202381/f8e27wzogocvzmuy4m2t.webp':89B '40000840':90A 'b':53B 'cho':12C 'chuyn':83B 'chng':13C 'chn':5A,10C,21C,40B,65B 'chng':16C 'c':56B 'cm':33B,77B 'cu':58B 'di':82B 'duy':48B 'giy':1A,9C,72B 'gic':34B,78B 'gip':47B,66B 'hi':45B 'khi':37B,81B 'khun':23C 'khng':22C 'kh':31B 'kh':51B 'kh':41B 'kh':24C 'k':27B 'kt':57B 'ln':39B 'li':94A,98A,100B,102B 'li':76B 'mang':75B 'mi':36B,68B,80B 'mi':25C 'mi':63B 'mu':8C 'mt':54B 'mm':62B 'm':44B 'nh':7A,19C,29B,74B 'nng':15C 'nng':42B 'res.cloudinary.com':85B,88B 'res.cloudinary.com/dntus9abj/image/upload/v1732202130/vbwn81vbrueadxwrgcfx.jpg':84B 'res.cloudinary.com/dntus9abj/image/upload/v1732202381/f8e27wzogocvzmuy4m2t.webp':87B 'ro':52B 's':92A,96A,99B,101B 's-xanh-li':91A 's-en-li':95A 'siu':6A,18C,28B,73B 's':50B 'thao':3A 'thit':26B 'thong':30B 'thoi':35B,67B,79B 'thm':43B 'th':2A 'tinh':59B 'tr':49B 'trt':17C 'to':32B 't':60B 'tt':46B 'v':14C,61B 'vi':55B 'vn':69B 'xanh':93A 'i':11C 'm':4A,20C 'm':64B 'en':97A '':71B 'i':38B 'ng':70B",
        "search_index_dirty": false,
        "category": 38,
        "created_at": "2024-11-21T15:01:27.617Z",
        "updated_at": "2024-11-26T10:15:08.418Z",
        "weight": null,
        "default_variant": 383,
        "rating": 0.0,
        "tax_class": null
    }
},
{
    "model": "product.productchannellisting",
    "pk": 98,
    "fields": {
        "published_at": "2024-11-04T08:33:13.392Z",
        "is_published": true,
        "product": 137,
        "channel": 3,
        "visible_in_listings": true,
        "available_for_purchase_at": "2024-11-04T08:33:13.396Z",
        "currency": "VND",
        "discounted_price_amount": "70000.000",
        "discounted_price_dirty": false
    }
},
{
    "model": "product.productchannellisting",
    "pk": 99,
    "fields": {
        "published_at": "2024-11-04T08:32:07.071Z",
        "is_published": true,
        "product": 136,
        "channel": 3,
        "visible_in_listings": true,
        "available_for_purchase_at": "2024-11-04T08:32:07.076Z",
        "currency": "VND",
        "discounted_price_amount": "500000.000",
        "discounted_price_dirty": false
    }
},
{
    "model": "product.productchannellisting",
    "pk": 100,
    "fields": {
        "published_at": "2024-11-20T04:11:51.247Z",
        "is_published": true,
        "product": 135,
        "channel": 3,
        "visible_in_listings": true,
        "available_for_purchase_at": "2024-11-20T04:11:51.251Z",
        "currency": "VND",
        "discounted_price_amount": "70000.000",
        "discounted_price_dirty": false
    }
},
{
    "model": "product.productchannellisting",
    "pk": 101,
    "fields": {
        "published_at": "2024-11-04T08:46:56.630Z",
        "is_published": true,
        "product": 138,
        "channel": 3,
        "visible_in_listings": true,
        "available_for_purchase_at": "2024-11-04T08:46:56.635Z",
        "currency": "VND",
        "discounted_price_amount": "16000000.000",
        "discounted_price_dirty": false
    }
},
{
    "model": "product.productchannellisting",
    "pk": 103,
    "fields": {
        "published_at": "2024-11-04T08:53:16.165Z",
        "is_published": true,
        "product": 140,
        "channel": 3,
        "visible_in_listings": true,
        "available_for_purchase_at": "2024-11-04T08:53:16.169Z",
        "currency": "VND",
        "discounted_price_amount": "28000000.000",
        "discounted_price_dirty": false
    }
},
{
    "model": "product.productchannellisting",
    "pk": 104,
    "fields": {
        "published_at": "2024-11-04T08:55:30.660Z",
        "is_published": true,
        "product": 141,
        "channel": 3,
        "visible_in_listings": true,
        "available_for_purchase_at": "2024-11-04T08:55:30.663Z",
        "currency": "VND",
        "discounted_price_amount": "12000000.000",
        "discounted_price_dirty": false
    }
},
{
    "model": "product.productchannellisting",
    "pk": 105,
    "fields": {
        "published_at": "2024-11-04T09:01:44.290Z",
        "is_published": true,
        "product": 142,
        "channel": 3,
        "visible_in_listings": true,
        "available_for_purchase_at": "2024-11-04T09:01:44.295Z",
        "currency": "VND",
        "discounted_price_amount": "14200000.000",
        "discounted_price_dirty": false
    }
},
{
    "model": "product.productchannellisting",
    "pk": 106,
    "fields": {
        "published_at": "2024-11-06T03:19:17.016Z",
        "is_published": true,
        "product": 143,
        "channel": 3,
        "visible_in_listings": true,
        "available_for_purchase_at": "2024-11-06T03:19:17.021Z",
        "currency": "VND",
        "discounted_price_amount": "17500000.000",
        "discounted_price_dirty": false
    }
},
{
    "model": "product.productchannellisting",
    "pk": 107,
    "fields": {
        "published_at": "2024-11-06T03:23:21.829Z",
        "is_published": true,
        "product": 144,
        "channel": 3,
        "visible_in_listings": true,
        "available_for_purchase_at": "2024-11-06T03:23:21.836Z",
        "currency": "VND",
        "discounted_price_amount": "14195000.000",
        "discounted_price_dirty": false
    }
},
{
    "model": "product.productchannellisting",
    "pk": 108,
    "fields": {
        "published_at": "2024-11-06T03:24:44.780Z",
        "is_published": true,
        "product": 145,
        "channel": 3,
        "visible_in_listings": true,
        "available_for_purchase_at": "2024-11-06T03:24:44.785Z",
        "currency": "VND",
        "discounted_price_amount": "10500000.000",
        "discounted_price_dirty": false
    }
},
{
    "model": "product.productchannellisting",
    "pk": 109,
    "fields": {
        "published_at": "2024-11-06T03:26:31.904Z",
        "is_published": true,
        "product": 147,
        "channel": 3,
        "visible_in_listings": true,
        "available_for_purchase_at": "2024-11-06T03:26:31.908Z",
        "currency": "VND",
        "discounted_price_amount": "12250000.000",
        "discounted_price_dirty": false
    }
},
{
    "model": "product.productchannellisting",
    "pk": 110,
    "fields": {
        "published_at": "2024-11-06T03:28:12.712Z",
        "is_published": true,
        "product": 148,
        "channel": 3,
        "visible_in_listings": true,
        "available_for_purchase_at": "2024-11-06T03:28:12.718Z",
        "currency": "VND",
        "discounted_price_amount": "4245000.000",
        "discounted_price_dirty": false
    }
},
{
    "model": "product.productchannellisting",
    "pk": 111,
    "fields": {
        "published_at": "2024-11-09T07:48:29.925Z",
        "is_published": true,
        "product": 149,
        "channel": 3,
        "visible_in_listings": true,
        "available_for_purchase_at": "2024-11-09T07:48:29.932Z",
        "currency": "VND",
        "discounted_price_amount": "4495000.000",
        "discounted_price_dirty": false
    }
},
{
    "model": "product.productchannellisting",
    "pk": 114,
    "fields": {
        "published_at": "2024-11-21T15:01:28.032Z",
        "is_published": true,
        "product": 153,
        "channel": 3,
        "visible_in_listings": true,
        "available_for_purchase_at": "2024-11-21T15:01:28.036Z",
        "currency": "VND",
        "discounted_price_amount": "89900.000",
        "discounted_price_dirty": false
    }
},
{
    "model": "product.productchannellisting",
    "pk": 115,
    "fields": {
        "published_at": "2024-11-21T15:01:28.032Z",
        "is_published": true,
        "product": 153,
        "channel": 1,
        "visible_in_listings": true,
        "available_for_purchase_at": "2024-11-21T15:01:28.054Z",
        "currency": "USD",
        "discounted_price_amount": "100.000",
        "discounted_price_dirty": false
    }
},
{
    "model": "product.productvariant",
    "pk": 353,
    "fields": {
        "sort_order": 0,
        "private_metadata": {},
        "metadata": {},
        "external_reference": null,
        "sku": null,
        "name": "Size S - en - Da",
        "product": 135,
        "track_inventory": true,
        "is_preorder": false,
        "preorder_end_date": null,
        "preorder_global_threshold": null,
        "quantity_limit_per_customer": null,
        "created_at": "2022-05-13T21:30:50.614Z",
        "updated_at": "2024-11-22T04:12:12.805Z",
        "weight": "0.0:g"
    }
},
{
    "model": "product.productvariant",
    "pk": 354,
    "fields": {
        "sort_order": 1,
        "private_metadata": {},
        "metadata": {},
        "external_reference": null,
        "sku": "128223581",
        "name": " Size S - Xanh dng - Li",
        "product": 135,
        "track_inventory": true,
        "is_preorder": false,
        "preorder_end_date": null,
        "preorder_global_threshold": null,
        "quantity_limit_per_customer": null,
        "created_at": "2022-05-13T21:30:50.694Z",
        "updated_at": "2024-11-21T05:00:44.408Z",
        "weight": "0.0:g"
    }
},
{
    "model": "product.productvariant",
    "pk": 355,
    "fields": {
        "sort_order": 2,
        "private_metadata": {},
        "metadata": {},
        "external_reference": null,
        "sku": "128223582",
        "name": "Size S - en",
        "product": 135,
        "track_inventory": true,
        "is_preorder": false,
        "preorder_end_date": null,
        "preorder_global_threshold": null,
        "quantity_limit_per_customer": null,
        "created_at": "2022-05-13T21:30:50.756Z",
        "updated_at": "2024-11-22T03:35:03.957Z",
        "weight": "0.0:g"
    }
},
{
    "model": "product.productvariant",
    "pk": 358,
    "fields": {
        "sort_order": 0,
        "private_metadata": {},
        "metadata": {},
        "external_reference": null,
        "sku": "200",
        "name": "S",
        "product": 136,
        "track_inventory": true,
        "is_preorder": false,
        "preorder_end_date": null,
        "preorder_global_threshold": null,
        "quantity_limit_per_customer": 100,
        "created_at": "2024-11-02T09:16:07.663Z",
        "updated_at": "2024-11-03T12:36:23.016Z",
        "weight": "500.0:g"
    }
},
{
    "model": "product.productvariant",
    "pk": 359,
    "fields": {
        "sort_order": 0,
        "private_metadata": {},
        "metadata": {},
        "external_reference": null,
        "sku": "1000",
        "name": "Size S",
        "product": 137,
        "track_inventory": true,
        "is_preorder": false,
        "preorder_end_date": null,
        "preorder_global_threshold": null,
        "quantity_limit_per_customer": 100,
        "created_at": "2024-11-02T09:22:17.926Z",
        "updated_at": "2024-11-20T10:29:16.819Z",
        "weight": "2000.0:g"
    }
},
{
    "model": "product.productvariant",
    "pk": 360,
    "fields": {
        "sort_order": 0,
        "private_metadata": {},
        "metadata": {},
        "external_reference": null,
        "sku": "100",
        "name": "100",
        "product": 138,
        "track_inventory": true,
        "is_preorder": false,
        "preorder_end_date": null,
        "preorder_global_threshold": null,
        "quantity_limit_per_customer": null,
        "created_at": "2024-11-04T08:46:56.859Z",
        "updated_at": "2024-11-04T08:46:56.887Z",
        "weight": null
    }
},
{
    "model": "product.productvariant",
    "pk": 361,
    "fields": {
        "sort_order": 0,
        "private_metadata": {},
        "metadata": {},
        "external_reference": null,
        "sku": null,
        "name": "UHJvZHVjdFZhcmlhbnQ6MzYx",
        "product": 140,
        "track_inventory": true,
        "is_preorder": false,
        "preorder_end_date": null,
        "preorder_global_threshold": null,
        "quantity_limit_per_customer": null,
        "created_at": "2024-11-04T08:53:16.259Z",
        "updated_at": "2024-11-04T08:53:16.284Z",
        "weight": null
    }
},
{
    "model": "product.productvariant",
    "pk": 362,
    "fields": {
        "sort_order": 0,
        "private_metadata": {},
        "metadata": {},
        "external_reference": null,
        "sku": null,
        "name": "UHJvZHVjdFZhcmlhbnQ6MzYy",
        "product": 141,
        "track_inventory": true,
        "is_preorder": false,
        "preorder_end_date": null,
        "preorder_global_threshold": null,
        "quantity_limit_per_customer": null,
        "created_at": "2024-11-04T08:55:30.898Z",
        "updated_at": "2024-11-04T12:00:16.717Z",
        "weight": "3000.0:g"
    }
},
{
    "model": "product.productvariant",
    "pk": 363,
    "fields": {
        "sort_order": 0,
        "private_metadata": {},
        "metadata": {},
        "external_reference": null,
        "sku": null,
        "name": "UHJvZHVjdFZhcmlhbnQ6MzYz",
        "product": 142,
        "track_inventory": true,
        "is_preorder": false,
        "preorder_end_date": null,
        "preorder_global_threshold": null,
        "quantity_limit_per_customer": null,
        "created_at": "2024-11-04T09:01:44.503Z",
        "updated_at": "2024-11-04T09:01:44.521Z",
        "weight": null
    }
},
{
    "model": "product.productvariant",
    "pk": 364,
    "fields": {
        "sort_order": 0,
        "private_metadata": {},
        "metadata": {},
        "external_reference": null,
        "sku": null,
        "name": "UHJvZHVjdFZhcmlhbnQ6MzY0",
        "product": 143,
        "track_inventory": true,
        "is_preorder": false,
        "preorder_end_date": null,
        "preorder_global_threshold": null,
        "quantity_limit_per_customer": null,
        "created_at": "2024-11-06T03:19:17.254Z",
        "updated_at": "2024-11-06T03:19:40.291Z",
        "weight": null
    }
},
{
    "model": "product.productvariant",
    "pk": 365,
    "fields": {
        "sort_order": 0,
        "private_metadata": {},
        "metadata": {},
        "external_reference": null,
        "sku": null,
        "name": "UHJvZHVjdFZhcmlhbnQ6MzY1",
        "product": 144,
        "track_inventory": true,
        "is_preorder": false,
        "preorder_end_date": null,
        "preorder_global_threshold": null,
        "quantity_limit_per_customer": null,
        "created_at": "2024-11-06T03:23:22.063Z",
        "updated_at": "2024-11-06T03:23:22.091Z",
        "weight": null
    }
},
{
    "model": "product.productvariant",
    "pk": 366,
    "fields": {
        "sort_order": 0,
        "private_metadata": {},
        "metadata": {},
        "external_reference": null,
        "sku": null,
        "name": "UHJvZHVjdFZhcmlhbnQ6MzY2",
        "product": 145,
        "track_inventory": true,
        "is_preorder": false,
        "preorder_end_date": null,
        "preorder_global_threshold": null,
        "quantity_limit_per_customer": null,
        "created_at": "2024-11-06T03:24:44.853Z",
        "updated_at": "2024-11-11T12:15:56.754Z",
        "weight": null
    }
},
{
    "model": "product.productvariant",
    "pk": 368,
    "fields": {
        "sort_order": 0,
        "private_metadata": {},
        "metadata": {},
        "external_reference": null,
        "sku": null,
        "name": "UHJvZHVjdFZhcmlhbnQ6MzY4",
        "product": 147,
        "track_inventory": true,
        "is_preorder": false,
        "preorder_end_date": null,
        "preorder_global_threshold": null,
        "quantity_limit_per_customer": null,
        "created_at": "2024-11-06T03:26:31.987Z",
        "updated_at": "2024-11-11T12:15:45.152Z",
        "weight": null
    }
},
{
    "model": "product.productvariant",
    "pk": 369,
    "fields": {
        "sort_order": 0,
        "private_metadata": {},
        "metadata": {},
        "external_reference": null,
        "sku": null,
        "name": "UHJvZHVjdFZhcmlhbnQ6MzY5",
        "product": 148,
        "track_inventory": true,
        "is_preorder": false,
        "preorder_end_date": null,
        "preorder_global_threshold": null,
        "quantity_limit_per_customer": null,
        "created_at": "2024-11-06T03:28:12.791Z",
        "updated_at": "2024-11-11T12:14:34.798Z",
        "weight": null
    }
},
{
    "model": "product.productvariant",
    "pk": 370,
    "fields": {
        "sort_order": 0,
        "private_metadata": {},
        "metadata": {},
        "external_reference": null,
        "sku": null,
        "name": "256GB",
        "product": 149,
        "track_inventory": false,
        "is_preorder": false,
        "preorder_end_date": null,
        "preorder_global_threshold": null,
        "quantity_limit_per_customer": null,
        "created_at": "2024-11-09T07:48:30.149Z",
        "updated_at": "2024-12-03T08:38:35.132Z",
        "weight": null
    }
},
{
    "model": "product.productvariant",
    "pk": 371,
    "fields": {
        "sort_order": 1,
        "private_metadata": {},
        "metadata": {},
        "external_reference": null,
        "sku": null,
        "name": "512TB",
        "product": 149,
        "track_inventory": true,
        "is_preorder": false,
        "preorder_end_date": null,
        "preorder_global_threshold": null,
        "quantity_limit_per_customer": null,
        "created_at": "2024-11-13T08:32:21.669Z",
        "updated_at": "2024-11-20T12:24:17.621Z",
        "weight": null
    }
},
{
    "model": "product.productvariant",
    "pk": 380,
    "fields": {
        "sort_order": 1,
        "private_metadata": {},
        "metadata": {},
        "external_reference": null,
        "sku": null,
        "name": "Size M",
        "product": 137,
        "track_inventory": true,
        "is_preorder": false,
        "preorder_end_date": null,
        "preorder_global_threshold": null,
        "quantity_limit_per_customer": null,
        "created_at": "2024-11-20T10:29:48.900Z",
        "updated_at": "2024-11-20T10:30:37.608Z",
        "weight": null
    }
},
{
    "model": "product.productvariant",
    "pk": 381,
    "fields": {
        "sort_order": 2,
        "private_metadata": {},
        "metadata": {},
        "external_reference": null,
        "sku": null,
        "name": "1TB",
        "product": 149,
        "track_inventory": true,
        "is_preorder": false,
        "preorder_end_date": null,
        "preorder_global_threshold": null,
        "quantity_limit_per_customer": null,
        "created_at": "2024-11-20T12:25:29.855Z",
        "updated_at": "2024-11-20T12:25:29.855Z",
        "weight": null
    }
},
{
    "model": "product.productvariant",
    "pk": 382,
    "fields": {
        "sort_order": 3,
        "private_metadata": {},
        "metadata": {},
        "external_reference": null,
        "sku": null,
        "name": "Size L - Trng - Da",
        "product": 135,
        "track_inventory": false,
        "is_preorder": false,
        "preorder_end_date": null,
        "preorder_global_threshold": null,
        "quantity_limit_per_customer": null,
        "created_at": "2024-11-21T05:02:02.447Z",
        "updated_at": "2024-11-21T05:02:30.487Z",
        "weight": null
    }
},
{
    "model": "product.productvariant",
    "pk": 383,
    "fields": {
        "sort_order": 1,
        "private_metadata": {},
        "metadata": {},
        "external_reference": null,
        "sku": null,
        "name": "S-en-Li",
        "product": 153,
        "track_inventory": true,
        "is_preorder": false,
        "preorder_end_date": null,
        "preorder_global_threshold": null,
        "quantity_limit_per_customer": null,
        "created_at": "2024-11-21T15:37:11.912Z",
        "updated_at": "2024-11-25T17:34:31.114Z",
        "weight": "1000.0:g"
    }
},
{
    "model": "product.productvariant",
    "pk": 384,
    "fields": {
        "sort_order": 0,
        "private_metadata": {},
        "metadata": {},
        "external_reference": null,
        "sku": "40000840",
        "name": "S-Xanh-Li",
        "product": 153,
        "track_inventory": false,
        "is_preorder": false,
        "preorder_end_date": null,
        "preorder_global_threshold": null,
        "quantity_limit_per_customer": null,
        "created_at": "2024-11-21T15:41:48.314Z",
        "updated_at": "2024-11-25T17:36:09.776Z",
        "weight": "1000.0:g"
    }
},
{
    "model": "product.productvariantchannellisting",
    "pk": 15,
    "fields": {
        "variant": 353,
        "channel": 3,
        "currency": "VND",
        "price_amount": "6000000.000",
        "cost_price_amount": null,
        "discounted_price_amount": "600000.000",
        "preorder_quantity_threshold": null
    }
},
{
    "model": "product.productvariantchannellisting",
    "pk": 16,
    "fields": {
        "variant": 354,
        "channel": 3,
        "currency": "VND",
        "price_amount": "6000000.000",
        "cost_price_amount": null,
        "discounted_price_amount": "600000.000",
        "preorder_quantity_threshold": null
    }
},
{
    "model": "product.productvariantchannellisting",
    "pk": 17,
    "fields": {
        "variant": 355,
        "channel": 3,
        "currency": "VND",
        "price_amount": "4000000.000",
        "cost_price_amount": null,
        "discounted_price_amount": "400000.000",
        "preorder_quantity_threshold": null
    }
},
{
    "model": "product.productvariantchannellisting",
    "pk": 20,
    "fields": {
        "variant": 358,
        "channel": 3,
        "currency": "VND",
        "price_amount": "500000.000",
        "cost_price_amount": null,
        "discounted_price_amount": "500000.000",
        "preorder_quantity_threshold": null
    }
},
{
    "model": "product.productvariantchannellisting",
    "pk": 21,
    "fields": {
        "variant": 359,
        "channel": 3,
        "currency": "VND",
        "price_amount": "700000.000",
        "cost_price_amount": "600000.000",
        "discounted_price_amount": "70000.000",
        "preorder_quantity_threshold": null
    }
},
{
    "model": "product.productvariantchannellisting",
    "pk": 22,
    "fields": {
        "variant": 360,
        "channel": 3,
        "currency": "VND",
        "price_amount": "16000000.000",
        "cost_price_amount": "19600000.000",
        "discounted_price_amount": "16000000.000",
        "preorder_quantity_threshold": null
    }
},
{
    "model": "product.productvariantchannellisting",
    "pk": 23,
    "fields": {
        "variant": 361,
        "channel": 3,
        "currency": "VND",
        "price_amount": "28000000.000",
        "cost_price_amount": "30000000.000",
        "discounted_price_amount": "28000000.000",
        "preorder_quantity_threshold": null
    }
},
{
    "model": "product.productvariantchannellisting",
    "pk": 24,
    "fields": {
        "variant": 362,
        "channel": 3,
        "currency": "VND",
        "price_amount": "12000000.000",
        "cost_price_amount": "15000000.000",
        "discounted_price_amount": "12000000.000",
        "preorder_quantity_threshold": null
    }
},
{
    "model": "product.productvariantchannellisting",
    "pk": 25,
    "fields": {
        "variant": 363,
        "channel": 3,
        "currency": "VND",
        "price_amount": "14200000.000",
        "cost_price_amount": "17000000.000",
        "discounted_price_amount": "14200000.000",
        "preorder_quantity_threshold": null
    }
},
{
    "model": "product.productvariantchannellisting",
    "pk": 26,
    "fields": {
        "variant": 364,
        "channel": 3,
        "currency": "VND",
        "price_amount": "35000000.000",
        "cost_price_amount": "30000000.000",
        "discounted_price_amount": "17500000.000",
        "preorder_quantity_threshold": null
    }
},
{
    "model": "product.productvariantchannellisting",
    "pk": 27,
    "fields": {
        "variant": 365,
        "channel": 3,
        "currency": "VND",
        "price_amount": "28390000.000",
        "cost_price_amount": "22000000.000",
        "discounted_price_amount": "14195000.000",
        "preorder_quantity_threshold": null
    }
},
{
    "model": "product.productvariantchannellisting",
    "pk": 28,
    "fields": {
        "variant": 366,
        "channel": 3,
        "currency": "VND",
        "price_amount": "21000000.000",
        "cost_price_amount": "16000000.000",
        "discounted_price_amount": "10500000.000",
        "preorder_quantity_threshold": null
    }
},
{
    "model": "product.productvariantchannellisting",
    "pk": 29,
    "fields": {
        "variant": 368,
        "channel": 3,
        "currency": "VND",
        "price_amount": "24500000.000",
        "cost_price_amount": "20000000.000",
        "discounted_price_amount": "12250000.000",
        "preorder_quantity_threshold": null
    }
},
{
    "model": "product.productvariantchannellisting",
    "pk": 30,
    "fields": {
        "variant": 369,
        "channel": 3,
        "currency": "VND",
        "price_amount": "8490000.000",
        "cost_price_amount": "5000000.000",
        "discounted_price_amount": "4245000.000",
        "preorder_quantity_threshold": null
    }
},
{
    "model": "product.productvariantchannellisting",
    "pk": 31,
    "fields": {
        "variant": 370,
        "channel": 3,
        "currency": "VND",
        "price_amount": "8990000.000",
        "cost_price_amount": "5000000.000",
        "discounted_price_amount": "4495000.000",
        "preorder_quantity_threshold": null
    }
},
{
    "model": "product.productvariantchannellisting",
    "pk": 32,
    "fields": {
        "variant": 371,
        "channel": 3,
        "currency": "VND",
        "price_amount": "10000000.000",
        "cost_price_amount": "7000000.000",
        "discounted_price_amount": "5000000.000",
        "preorder_quantity_threshold": null
    }
},
{
    "model": "product.productvariantchannellisting",
    "pk": 49,
    "fields": {
        "variant": 380,
        "channel": 3,
        "currency": "VND",
        "price_amount": "700000.000",
        "cost_price_amount": "600000.000",
        "discounted_price_amount": "70000.000",
        "preorder_quantity_threshold": null
    }
},
{
    "model": "product.productvariantchannellisting",
    "pk": 50,
    "fields": {
        "variant": 381,
        "channel": 3,
        "currency": "VND",
        "price_amount": "10000000.000",
        "cost_price_amount": "4000000.000",
        "discounted_price_amount": "5000000.000",
        "preorder_quantity_threshold": null
    }
},
{
    "model": "product.productvariantchannellisting",
    "pk": 51,
    "fields": {
        "variant": 382,
        "channel": 3,
        "currency": "VND",
        "price_amount": "700000.000",
        "cost_price_amount": "600000.000",
        "discounted_price_amount": "70000.000",
        "preorder_quantity_threshold": null
    }
},
{
    "model": "product.productvariantchannellisting",
    "pk": 52,
    "fields": {
        "variant": 383,
        "channel": 3,
        "currency": "VND",
        "price_amount": "899000.000",
        "cost_price_amount": "599000.000",
        "discounted_price_amount": "89900.000",
        "preorder_quantity_threshold": null
    }
},
{
    "model": "product.productvariantchannellisting",
    "pk": 53,
    "fields": {
        "variant": 383,
        "channel": 1,
        "currency": "USD",
        "price_amount": "100.000",
        "cost_price_amount": "60.000",
        "discounted_price_amount": "100.000",
        "preorder_quantity_threshold": null
    }
},
{
    "model": "product.productvariantchannellisting",
    "pk": 54,
    "fields": {
        "variant": 384,
        "channel": 3,
        "currency": "VND",
        "price_amount": "899000.000",
        "cost_price_amount": null,
        "discounted_price_amount": "89900.000",
        "preorder_quantity_threshold": null
    }
},
{
    "model": "product.productvariantchannellisting",
    "pk": 55,
    "fields": {
        "variant": 384,
        "channel": 1,
        "currency": "USD",
        "price_amount": "100.000",
        "cost_price_amount": null,
        "discounted_price_amount": "100.000",
        "preorder_quantity_threshold": null
    }
},
{
    "model": "product.variantchannellistingpromotionrule",
    "pk": 17,
    "fields": {
        "variant_channel_listing": 21,
        "promotion_rule": "8a7d7495-5973-41f1-aa2c-8e253c0eeec1",
        "discount_amount": "630000.000",
        "currency": "VND"
    }
},
{
    "model": "product.variantchannellistingpromotionrule",
    "pk": 18,
    "fields": {
        "variant_channel_listing": 49,
        "promotion_rule": "8a7d7495-5973-41f1-aa2c-8e253c0eeec1",
        "discount_amount": "630000.000",
        "currency": "VND"
    }
},
{
    "model": "product.variantchannellistingpromotionrule",
    "pk": 19,
    "fields": {
        "variant_channel_listing": 15,
        "promotion_rule": "8a7d7495-5973-41f1-aa2c-8e253c0eeec1",
        "discount_amount": "5400000.000",
        "currency": "VND"
    }
},
{
    "model": "product.variantchannellistingpromotionrule",
    "pk": 23,
    "fields": {
        "variant_channel_listing": 26,
        "promotion_rule": "af0ba725-ccb3-410e-9e7d-1d42f77a6fc8",
        "discount_amount": "17500000.000",
        "currency": "VND"
    }
},
{
    "model": "product.variantchannellistingpromotionrule",
    "pk": 24,
    "fields": {
        "variant_channel_listing": 27,
        "promotion_rule": "af0ba725-ccb3-410e-9e7d-1d42f77a6fc8",
        "discount_amount": "14195000.000",
        "currency": "VND"
    }
},
{
    "model": "product.variantchannellistingpromotionrule",
    "pk": 25,
    "fields": {
        "variant_channel_listing": 28,
        "promotion_rule": "af0ba725-ccb3-410e-9e7d-1d42f77a6fc8",
        "discount_amount": "10500000.000",
        "currency": "VND"
    }
},
{
    "model": "product.variantchannellistingpromotionrule",
    "pk": 26,
    "fields": {
        "variant_channel_listing": 29,
        "promotion_rule": "af0ba725-ccb3-410e-9e7d-1d42f77a6fc8",
        "discount_amount": "12250000.000",
        "currency": "VND"
    }
},
{
    "model": "product.variantchannellistingpromotionrule",
    "pk": 27,
    "fields": {
        "variant_channel_listing": 30,
        "promotion_rule": "af0ba725-ccb3-410e-9e7d-1d42f77a6fc8",
        "discount_amount": "4245000.000",
        "currency": "VND"
    }
},
{
    "model": "product.variantchannellistingpromotionrule",
    "pk": 28,
    "fields": {
        "variant_channel_listing": 31,
        "promotion_rule": "af0ba725-ccb3-410e-9e7d-1d42f77a6fc8",
        "discount_amount": "4495000.000",
        "currency": "VND"
    }
},
{
    "model": "product.variantchannellistingpromotionrule",
    "pk": 29,
    "fields": {
        "variant_channel_listing": 32,
        "promotion_rule": "af0ba725-ccb3-410e-9e7d-1d42f77a6fc8",
        "discount_amount": "5000000.000",
        "currency": "VND"
    }
},
{
    "model": "product.variantchannellistingpromotionrule",
    "pk": 30,
    "fields": {
        "variant_channel_listing": 50,
        "promotion_rule": "af0ba725-ccb3-410e-9e7d-1d42f77a6fc8",
        "discount_amount": "5000000.000",
        "currency": "VND"
    }
},
{
    "model": "product.variantchannellistingpromotionrule",
    "pk": 31,
    "fields": {
        "variant_channel_listing": 52,
        "promotion_rule": "8a7d7495-5973-41f1-aa2c-8e253c0eeec1",
        "discount_amount": "809100.000",
        "currency": "VND"
    }
},
{
    "model": "product.variantchannellistingpromotionrule",
    "pk": 32,
    "fields": {
        "variant_channel_listing": 54,
        "promotion_rule": "8a7d7495-5973-41f1-aa2c-8e253c0eeec1",
        "discount_amount": "809100.000",
        "currency": "VND"
    }
},
{
    "model": "product.variantchannellistingpromotionrule",
    "pk": 33,
    "fields": {
        "variant_channel_listing": 16,
        "promotion_rule": "8a7d7495-5973-41f1-aa2c-8e253c0eeec1",
        "discount_amount": "5400000.000",
        "currency": "VND"
    }
},
{
    "model": "product.variantchannellistingpromotionrule",
    "pk": 34,
    "fields": {
        "variant_channel_listing": 17,
        "promotion_rule": "8a7d7495-5973-41f1-aa2c-8e253c0eeec1",
        "discount_amount": "3600000.000",
        "currency": "VND"
    }
},
{
    "model": "product.variantchannellistingpromotionrule",
    "pk": 35,
    "fields": {
        "variant_channel_listing": 51,
        "promotion_rule": "8a7d7495-5973-41f1-aa2c-8e253c0eeec1",
        "discount_amount": "630000.000",
        "currency": "VND"
    }
},
{
    "model": "product.productmedia",
    "pk": 51,
    "fields": {
        "sort_order": 2,
        "private_metadata": {},
        "metadata": {},
        "product": 135,
        "image": "products/giay-the-thao-nam-bn0074-2.jpg-BAIpMjE9T0WdZZgRQHUTggC7_4d77b732.webp",
        "alt": "",
        "type": "IMAGE",
        "external_url": null,
        "oembed_data": {},
        "to_remove": false
    }
},
{
    "model": "product.productmedia",
    "pk": 52,
    "fields": {
        "sort_order": 1,
        "private_metadata": {},
        "metadata": {},
        "product": 135,
        "image": "products/giay-nam-the-thao-dep-unisex-thoai-mai-tre-trung_b9e115_500cb39e.jpg",
        "alt": "",
        "type": "IMAGE",
        "external_url": null,
        "oembed_data": {},
        "to_remove": false
    }
},
{
    "model": "product.productmedia",
    "pk": 53,
    "fields": {
        "sort_order": 0,
        "private_metadata": {},
        "metadata": {},
        "product": 135,
        "image": "products/000_vn000bvx2ln_1_115d0ad0fd694944a4c76f94c0739f21_larg_39091387.webp",
        "alt": "",
        "type": "IMAGE",
        "external_url": null,
        "oembed_data": {},
        "to_remove": false
    }
},
{
    "model": "product.productmedia",
    "pk": 54,
    "fields": {
        "sort_order": 0,
        "private_metadata": {},
        "metadata": {},
        "product": 136,
        "image": "products/mwc_1_ef537206.jpg",
        "alt": "",
        "type": "IMAGE",
        "external_url": null,
        "oembed_data": {},
        "to_remove": false
    }
},
{
    "model": "product.productmedia",
    "pk": 55,
    "fields": {
        "sort_order": 0,
        "private_metadata": {},
        "metadata": {},
        "product": 137,
        "image": "products/giay-nam-the-thao-dep-unisex-thoai-mai-tre-trung_b9e115_d4cdd313.jpg",
        "alt": "",
        "type": "IMAGE",
        "external_url": null,
        "oembed_data": {},
        "to_remove": false
    }
},
{
    "model": "product.productmedia",
    "pk": 56,
    "fields": {
        "sort_order": 1,
        "private_metadata": {},
        "metadata": {},
        "product": 137,
        "image": "products/giay-nam-the-thao-dep-unisex-thoai-mai-tre-trung_b9e115_da18070e.jpg",
        "alt": "",
        "type": "IMAGE",
        "external_url": null,
        "oembed_data": {},
        "to_remove": false
    }
},
{
    "model": "product.productmedia",
    "pk": 57,
    "fields": {
        "sort_order": 0,
        "private_metadata": {},
        "metadata": {},
        "product": 138,
        "image": "products/hp-15-fd0234tu-i5-9q969pa-4-1-750x500_347e6011.jpg",
        "alt": "",
        "type": "IMAGE",
        "external_url": null,
        "oembed_data": {},
        "to_remove": false
    }
},
{
    "model": "product.productmedia",
    "pk": 58,
    "fields": {
        "sort_order": 1,
        "private_metadata": {},
        "metadata": {},
        "product": 138,
        "image": "products/hp-15-fd0234tu-i5-9q969pa-3-1-750x500_4312423e.jpg",
        "alt": "",
        "type": "IMAGE",
        "external_url": null,
        "oembed_data": {},
        "to_remove": false
    }
},
{
    "model": "product.productmedia",
    "pk": 59,
    "fields": {
        "sort_order": 2,
        "private_metadata": {},
        "metadata": {},
        "product": 138,
        "image": "products/hp-15-fd0234tu-i5-9q969pa-2-1-750x500_755a65c1.jpg",
        "alt": "",
        "type": "IMAGE",
        "external_url": null,
        "oembed_data": {},
        "to_remove": false
    }
},
{
    "model": "product.productmedia",
    "pk": 60,
    "fields": {
        "sort_order": 3,
        "private_metadata": {},
        "metadata": {},
        "product": 138,
        "image": "products/hp-15-fd0234tu-i5-9q969pa-1-1-750x500_f13e8d31.jpg",
        "alt": "",
        "type": "IMAGE",
        "external_url": null,
        "oembed_data": {},
        "to_remove": false
    }
},
{
    "model": "product.productmedia",
    "pk": 61,
    "fields": {
        "sort_order": 1,
        "private_metadata": {},
        "metadata": {},
        "product": 140,
        "image": "products/lenovo-ideapad-slim-3-15iah8-i5-83er00evn-glr-9-750x500_d6180c3a.jpg",
        "alt": "",
        "type": "IMAGE",
        "external_url": null,
        "oembed_data": {},
        "to_remove": false
    }
},
{
    "model": "product.productmedia",
    "pk": 62,
    "fields": {
        "sort_order": 2,
        "private_metadata": {},
        "metadata": {},
        "product": 140,
        "image": "products/lenovo-ideapad-slim-3-15iah8-i5-83er00evn-glr-7-750x500_9422915f.jpg",
        "alt": "",
        "type": "IMAGE",
        "external_url": null,
        "oembed_data": {},
        "to_remove": false
    }
},
{
    "model": "product.productmedia",
    "pk": 63,
    "fields": {
        "sort_order": 3,
        "private_metadata": {},
        "metadata": {},
        "product": 140,
        "image": "products/lenovo-ideapad-slim-3-15iah8-i5-83er00evn-glr-4-750x500_f0c4a2ad.jpg",
        "alt": "",
        "type": "IMAGE",
        "external_url": null,
        "oembed_data": {},
        "to_remove": false
    }
},
{
    "model": "product.productmedia",
    "pk": 64,
    "fields": {
        "sort_order": 4,
        "private_metadata": {},
        "metadata": {},
        "product": 140,
        "image": "products/lenovo-ideapad-slim-3-15iah8-i5-83er00evn-glr-3-750x500_09fb885e.jpg",
        "alt": "",
        "type": "IMAGE",
        "external_url": null,
        "oembed_data": {},
        "to_remove": false
    }
},
{
    "model": "product.productmedia",
    "pk": 65,
    "fields": {
        "sort_order": 0,
        "private_metadata": {},
        "metadata": {},
        "product": 140,
        "image": "products/lenovo-ideapad-slim-3-15iah8-i5-83er00evn-glr-2-750x500_ae2f63d4.jpg",
        "alt": "",
        "type": "IMAGE",
        "external_url": null,
        "oembed_data": {},
        "to_remove": false
    }
},
{
    "model": "product.productmedia",
    "pk": 66,
    "fields": {
        "sort_order": 5,
        "private_metadata": {},
        "metadata": {},
        "product": 140,
        "image": "products/lenovo-ideapad-slim-3-15iah8-i5-83er00evn-glr-1-750x500_665f1411.jpg",
        "alt": "",
        "type": "IMAGE",
        "external_url": null,
        "oembed_data": {},
        "to_remove": false
    }
},
{
    "model": "product.productmedia",
    "pk": 67,
    "fields": {
        "sort_order": 1,
        "private_metadata": {},
        "metadata": {},
        "product": 141,
        "image": "products/lenovo-ideapad-slim-3-15iah8-i5-83er00evn-glr-9-750x500_f5b8fae9.jpg",
        "alt": "",
        "type": "IMAGE",
        "external_url": null,
        "oembed_data": {},
        "to_remove": false
    }
},
{
    "model": "product.productmedia",
    "pk": 68,
    "fields": {
        "sort_order": 2,
        "private_metadata": {},
        "metadata": {},
        "product": 141,
        "image": "products/lenovo-ideapad-slim-3-15iah8-i5-83er00evn-glr-7-750x500_b15ec220.jpg",
        "alt": "",
        "type": "IMAGE",
        "external_url": null,
        "oembed_data": {},
        "to_remove": false
    }
},
{
    "model": "product.productmedia",
    "pk": 69,
    "fields": {
        "sort_order": 3,
        "private_metadata": {},
        "metadata": {},
        "product": 141,
        "image": "products/lenovo-ideapad-slim-3-15iah8-i5-83er00evn-glr-4-750x500_b442d887.jpg",
        "alt": "",
        "type": "IMAGE",
        "external_url": null,
        "oembed_data": {},
        "to_remove": false
    }
},
{
    "model": "product.productmedia",
    "pk": 70,
    "fields": {
        "sort_order": 0,
        "private_metadata": {},
        "metadata": {},
        "product": 141,
        "image": "products/lenovo-ideapad-slim-3-15iah8-i5-83er00evn-glr-3-750x500_692187bf.jpg",
        "alt": "",
        "type": "IMAGE",
        "external_url": null,
        "oembed_data": {},
        "to_remove": false
    }
},
{
    "model": "product.productmedia",
    "pk": 71,
    "fields": {
        "sort_order": 4,
        "private_metadata": {},
        "metadata": {},
        "product": 141,
        "image": "products/lenovo-ideapad-slim-3-15iah8-i5-83er00evn-glr-2-750x500_311a2001.jpg",
        "alt": "",
        "type": "IMAGE",
        "external_url": null,
        "oembed_data": {},
        "to_remove": false
    }
},
{
    "model": "product.productmedia",
    "pk": 72,
    "fields": {
        "sort_order": 5,
        "private_metadata": {},
        "metadata": {},
        "product": 141,
        "image": "products/lenovo-ideapad-slim-3-15iah8-i5-83er00evn-glr-1-750x500_baac37fb.jpg",
        "alt": "",
        "type": "IMAGE",
        "external_url": null,
        "oembed_data": {},
        "to_remove": false
    }
},
{
    "model": "product.productmedia",
    "pk": 73,
    "fields": {
        "sort_order": 0,
        "private_metadata": {},
        "metadata": {},
        "product": 142,
        "image": "products/acer-aspire-lite-14-51m-59bn-i5-nxktxsv001-glr-3-750x50_9ab1a1ba.jpg",
        "alt": "",
        "type": "IMAGE",
        "external_url": null,
        "oembed_data": {},
        "to_remove": false
    }
},
{
    "model": "product.productmedia",
    "pk": 74,
    "fields": {
        "sort_order": 1,
        "private_metadata": {},
        "metadata": {},
        "product": 142,
        "image": "products/acer-aspire-lite-14-51m-59bn-i5-nxktxsv001-glr-2-750x50_d950ae46.jpg",
        "alt": "",
        "type": "IMAGE",
        "external_url": null,
        "oembed_data": {},
        "to_remove": false
    }
},
{
    "model": "product.productmedia",
    "pk": 75,
    "fields": {
        "sort_order": 2,
        "private_metadata": {},
        "metadata": {},
        "product": 142,
        "image": "products/acer-aspire-lite-14-51m-59bn-i5-nxktxsv001-glr-1-750x50_116a1fe5.jpg",
        "alt": "",
        "type": "IMAGE",
        "external_url": null,
        "oembed_data": {},
        "to_remove": false
    }
},
{
    "model": "product.productmedia",
    "pk": 76,
    "fields": {
        "sort_order": 0,
        "private_metadata": {},
        "metadata": {},
        "product": 143,
        "image": "products/iphone-16-pro-max-titan-sa-mac-6-638638962370086021-750_b98ec65a.jpg",
        "alt": "",
        "type": "IMAGE",
        "external_url": null,
        "oembed_data": {},
        "to_remove": false
    }
},
{
    "model": "product.productmedia",
    "pk": 77,
    "fields": {
        "sort_order": 1,
        "private_metadata": {},
        "metadata": {},
        "product": 143,
        "image": "products/iphone-16-pro-max-titan-sa-mac-5-638638962363556047-750_50df8cd2.jpg",
        "alt": "",
        "type": "IMAGE",
        "external_url": null,
        "oembed_data": {},
        "to_remove": false
    }
},
{
    "model": "product.productmedia",
    "pk": 78,
    "fields": {
        "sort_order": 2,
        "private_metadata": {},
        "metadata": {},
        "product": 143,
        "image": "products/iphone-16-pro-max-titan-sa-mac-4-638638962357240755-750_c29ecc4a.jpg",
        "alt": "",
        "type": "IMAGE",
        "external_url": null,
        "oembed_data": {},
        "to_remove": false
    }
},
{
    "model": "product.productmedia",
    "pk": 79,
    "fields": {
        "sort_order": 3,
        "private_metadata": {},
        "metadata": {},
        "product": 143,
        "image": "products/iphone-16-pro-max-titan-sa-mac-3-638638962351331027-750_d120d606.jpg",
        "alt": "",
        "type": "IMAGE",
        "external_url": null,
        "oembed_data": {},
        "to_remove": false
    }
},
{
    "model": "product.productmedia",
    "pk": 80,
    "fields": {
        "sort_order": 4,
        "private_metadata": {},
        "metadata": {},
        "product": 143,
        "image": "products/iphone-16-pro-max-titan-sa-mac-2-638638962343879149-750_e09ff153.jpg",
        "alt": "",
        "type": "IMAGE",
        "external_url": null,
        "oembed_data": {},
        "to_remove": false
    }
},
{
    "model": "product.productmedia",
    "pk": 81,
    "fields": {
        "sort_order": 5,
        "private_metadata": {},
        "metadata": {},
        "product": 143,
        "image": "products/iphone-16-pro-max-titan-sa-mac-1-638638962337813406-750_bb0cfe85.jpg",
        "alt": "",
        "type": "IMAGE",
        "external_url": null,
        "oembed_data": {},
        "to_remove": false
    }
},
{
    "model": "product.productmedia",
    "pk": 82,
    "fields": {
        "sort_order": 0,
        "private_metadata": {},
        "metadata": {},
        "product": 144,
        "image": "products/iphone-16-pro-max-titan-sa-mac-6-638638962370086021-750_469ab46a.jpg",
        "alt": "",
        "type": "IMAGE",
        "external_url": null,
        "oembed_data": {},
        "to_remove": false
    }
},
{
    "model": "product.productmedia",
    "pk": 83,
    "fields": {
        "sort_order": 1,
        "private_metadata": {},
        "metadata": {},
        "product": 144,
        "image": "products/iphone-16-pro-max-titan-sa-mac-5-638638962363556047-750_727d6abe.jpg",
        "alt": "",
        "type": "IMAGE",
        "external_url": null,
        "oembed_data": {},
        "to_remove": false
    }
},
{
    "model": "product.productmedia",
    "pk": 84,
    "fields": {
        "sort_order": 2,
        "private_metadata": {},
        "metadata": {},
        "product": 144,
        "image": "products/iphone-16-pro-max-titan-sa-mac-2-638638962343879149-750_f6cd77e3.jpg",
        "alt": "",
        "type": "IMAGE",
        "external_url": null,
        "oembed_data": {},
        "to_remove": false
    }
},
{
    "model": "product.productmedia",
    "pk": 85,
    "fields": {
        "sort_order": 3,
        "private_metadata": {},
        "metadata": {},
        "product": 144,
        "image": "products/iphone-16-pro-max-titan-sa-mac-1-638638962337813406-750_86119d39.jpg",
        "alt": "",
        "type": "IMAGE",
        "external_url": null,
        "oembed_data": {},
        "to_remove": false
    }
},
{
    "model": "product.productmedia",
    "pk": 86,
    "fields": {
        "sort_order": 0,
        "private_metadata": {},
        "metadata": {},
        "product": 145,
        "image": "products/iphone-16-pro-max-titan-sa-mac-4-638638962357240755-750_2dd617f9.jpg",
        "alt": "",
        "type": "IMAGE",
        "external_url": null,
        "oembed_data": {},
        "to_remove": false
    }
},
{
    "model": "product.productmedia",
    "pk": 87,
    "fields": {
        "sort_order": 1,
        "private_metadata": {},
        "metadata": {},
        "product": 145,
        "image": "products/iphone-16-pro-max-titan-sa-mac-3-638638962351331027-750_87e61dd4.jpg",
        "alt": "",
        "type": "IMAGE",
        "external_url": null,
        "oembed_data": {},
        "to_remove": false
    }
},
{
    "model": "product.productmedia",
    "pk": 88,
    "fields": {
        "sort_order": 2,
        "private_metadata": {},
        "metadata": {},
        "product": 145,
        "image": "products/iphone-16-pro-max-titan-sa-mac-1-638638962337813406-750_bf357645.jpg",
        "alt": "",
        "type": "IMAGE",
        "external_url": null,
        "oembed_data": {},
        "to_remove": false
    }
},
{
    "model": "product.productmedia",
    "pk": 89,
    "fields": {
        "sort_order": 0,
        "private_metadata": {},
        "metadata": {},
        "product": 147,
        "image": "products/samsung-galaxy-z-fold6-xam-8-750x500_47648d18.jpg",
        "alt": "",
        "type": "IMAGE",
        "external_url": null,
        "oembed_data": {},
        "to_remove": false
    }
},
{
    "model": "product.productmedia",
    "pk": 90,
    "fields": {
        "sort_order": 1,
        "private_metadata": {},
        "metadata": {},
        "product": 147,
        "image": "products/samsung-galaxy-z-fold6-xam-3-1-750x500_12bde8fe.jpg",
        "alt": "",
        "type": "IMAGE",
        "external_url": null,
        "oembed_data": {},
        "to_remove": false
    }
},
{
    "model": "product.productmedia",
    "pk": 91,
    "fields": {
        "sort_order": 0,
        "private_metadata": {},
        "metadata": {},
        "product": 148,
        "image": "products/samsung-galaxy-z-fold6-xam-12-750x500_a5d8c6fc.jpg",
        "alt": "",
        "type": "IMAGE",
        "external_url": null,
        "oembed_data": {},
        "to_remove": false
    }
},
{
    "model": "product.productmedia",
    "pk": 92,
    "fields": {
        "sort_order": 1,
        "private_metadata": {},
        "metadata": {},
        "product": 148,
        "image": "products/samsung-galaxy-z-fold6-xam-3-1-750x500_1398cd22.jpg",
        "alt": "",
        "type": "IMAGE",
        "external_url": null,
        "oembed_data": {},
        "to_remove": false
    }
},
{
    "model": "product.productmedia",
    "pk": 93,
    "fields": {
        "sort_order": 2,
        "private_metadata": {},
        "metadata": {},
        "product": 148,
        "image": "products/samsung-galaxy-z-fold6-xam-2-1-750x500_53167ea8.jpg",
        "alt": "",
        "type": "IMAGE",
        "external_url": null,
        "oembed_data": {},
        "to_remove": false
    }
},
{
    "model": "product.productmedia",
    "pk": 94,
    "fields": {
        "sort_order": 3,
        "private_metadata": {},
        "metadata": {},
        "product": 148,
        "image": "products/samsung-galaxy-z-fold6-xam-8-750x500_64b0801b.jpg",
        "alt": "",
        "type": "IMAGE",
        "external_url": null,
        "oembed_data": {},
        "to_remove": false
    }
},
{
    "model": "product.productmedia",
    "pk": 95,
    "fields": {
        "sort_order": 4,
        "private_metadata": {},
        "metadata": {},
        "product": 148,
        "image": "products/11076230_375009099367587_342484645172935856_n_0e3a4021.jpg",
        "alt": "",
        "type": "IMAGE",
        "external_url": null,
        "oembed_data": {},
        "to_remove": false
    }
},
{
    "model": "product.productmedia",
    "pk": 96,
    "fields": {
        "sort_order": 2,
        "private_metadata": {},
        "metadata": {},
        "product": 149,
        "image": "products/iphone-15-pro-black-1-750x500_b52f2e15.jpg",
        "alt": "",
        "type": "IMAGE",
        "external_url": null,
        "oembed_data": {},
        "to_remove": false
    }
},
{
    "model": "product.productmedia",
    "pk": 97,
    "fields": {
        "sort_order": 7,
        "private_metadata": {},
        "metadata": {},
        "product": 149,
        "image": "products/iphone-16-pro-max-titan-sa-mac-6-638638962370086021-750_b58d481a.jpg",
        "alt": "",
        "type": "IMAGE",
        "external_url": null,
        "oembed_data": {},
        "to_remove": false
    }
},
{
    "model": "product.productmedia",
    "pk": 101,
    "fields": {
        "sort_order": 0,
        "private_metadata": {},
        "metadata": {},
        "product": 149,
        "image": "products/cac-dong-iphone-11-hien-nay-gia-thanh-cuoi-nam-98-800x4_27a810e8.png",
        "alt": "",
        "type": "IMAGE",
        "external_url": null,
        "oembed_data": {},
        "to_remove": false
    }
},
{
    "model": "product.productmedia",
    "pk": 102,
    "fields": {
        "sort_order": 3,
        "private_metadata": {},
        "metadata": {},
        "product": 149,
        "image": "products/cac-dong-iphone-11-hien-nay-gia-thanh-cuoi-nam-95-800x4_e54257ee.png",
        "alt": "",
        "type": "IMAGE",
        "external_url": null,
        "oembed_data": {},
        "to_remove": false
    }
},
{
    "model": "product.productmedia",
    "pk": 103,
    "fields": {
        "sort_order": 4,
        "private_metadata": {},
        "metadata": {},
        "product": 149,
        "image": "products/cac-dong-iphone-11-hien-nay-gia-thanh-cuoi-nam-98-800x4_3b48b661.png",
        "alt": "",
        "type": "IMAGE",
        "external_url": null,
        "oembed_data": {},
        "to_remove": false
    }
},
{
    "model": "product.productmedia",
    "pk": 104,
    "fields": {
        "sort_order": 5,
        "private_metadata": {},
        "metadata": {},
        "product": 149,
        "image": "products/cac-dong-iphone-11-hien-nay-gia-thanh-cuoi-nam.3-800x46_aaec0691.jpg",
        "alt": "",
        "type": "IMAGE",
        "external_url": null,
        "oembed_data": {},
        "to_remove": false
    }
},
{
    "model": "product.productmedia",
    "pk": 105,
    "fields": {
        "sort_order": 8,
        "private_metadata": {},
        "metadata": {},
        "product": 149,
        "image": "products/cac-dong-iphone-11-hien-nay-gia-thanh-cuoi-nam.6-800x46_6560998b.jpg",
        "alt": "",
        "type": "IMAGE",
        "external_url": null,
        "oembed_data": {},
        "to_remove": false
    }
},
{
    "model": "product.productmedia",
    "pk": 106,
    "fields": {
        "sort_order": 6,
        "private_metadata": {},
        "metadata": {},
        "product": 149,
        "image": "products/cac-dong-iphone-11-hien-nay-gia-thanh-cuoi-nam.5-800x53_10b2fc1c.jpg",
        "alt": "",
        "type": "IMAGE",
        "external_url": null,
        "oembed_data": {},
        "to_remove": false
    }
},
{
    "model": "product.productmedia",
    "pk": 107,
    "fields": {
        "sort_order": 1,
        "private_metadata": {},
        "metadata": {},
        "product": 149,
        "image": "products/iphone-11-note-new_7a46871a.jpg",
        "alt": "",
        "type": "IMAGE",
        "external_url": null,
        "oembed_data": {},
        "to_remove": false
    }
},
{
    "model": "product.productmedia",
    "pk": 112,
    "fields": {
        "sort_order": 1,
        "private_metadata": {},
        "metadata": {},
        "product": 153,
        "image": "products/17098013468013981_512_5829ac99.webp",
        "alt": "",
        "type": "IMAGE",
        "external_url": null,
        "oembed_data": {},
        "to_remove": false
    }
},
{
    "model": "product.productmedia",
    "pk": 113,
    "fields": {
        "sort_order": 4,
        "private_metadata": {},
        "metadata": {},
        "product": 153,
        "image": "products/17098013435462806_512_0d7600fd.webp",
        "alt": "",
        "type": "IMAGE",
        "external_url": null,
        "oembed_data": {},
        "to_remove": false
    }
},
{
    "model": "product.productmedia",
    "pk": 115,
    "fields": {
        "sort_order": 2,
        "private_metadata": {},
        "metadata": {},
        "product": 153,
        "image": "products/17098013376109194_512_e04cbe5b.webp",
        "alt": "",
        "type": "IMAGE",
        "external_url": null,
        "oembed_data": {},
        "to_remove": false
    }
},
{
    "model": "product.productmedia",
    "pk": 116,
    "fields": {
        "sort_order": 5,
        "private_metadata": {},
        "metadata": {},
        "product": 153,
        "image": "products/170980133489394_512_0855d2e8.webp",
        "alt": "",
        "type": "IMAGE",
        "external_url": null,
        "oembed_data": {},
        "to_remove": false
    }
},
{
    "model": "product.productmedia",
    "pk": 117,
    "fields": {
        "sort_order": 7,
        "private_metadata": {},
        "metadata": {},
        "product": 153,
        "image": "products/17123072324127745_512_049e7aad.webp",
        "alt": "",
        "type": "IMAGE",
        "external_url": null,
        "oembed_data": {},
        "to_remove": false
    }
},
{
    "model": "product.productmedia",
    "pk": 118,
    "fields": {
        "sort_order": 3,
        "private_metadata": {},
        "metadata": {},
        "product": 153,
        "image": "products/17098013294138661_512_a5fb7eaa.webp",
        "alt": "",
        "type": "IMAGE",
        "external_url": null,
        "oembed_data": {},
        "to_remove": false
    }
},
{
    "model": "product.productmedia",
    "pk": 119,
    "fields": {
        "sort_order": 8,
        "private_metadata": {},
        "metadata": {},
        "product": 153,
        "image": "products/17089155835002259_cfd768dc.webp",
        "alt": "",
        "type": "IMAGE",
        "external_url": null,
        "oembed_data": {},
        "to_remove": false
    }
},
{
    "model": "product.productmedia",
    "pk": 120,
    "fields": {
        "sort_order": 9,
        "private_metadata": {},
        "metadata": {},
        "product": 153,
        "image": "products/1708915591199363_512_a6bc83fd.webp",
        "alt": "",
        "type": "IMAGE",
        "external_url": null,
        "oembed_data": {},
        "to_remove": false
    }
},
{
    "model": "product.productmedia",
    "pk": 121,
    "fields": {
        "sort_order": 6,
        "private_metadata": {},
        "metadata": {},
        "product": 153,
        "image": "products/17089156029767141_512_6eb7747f.webp",
        "alt": "",
        "type": "IMAGE",
        "external_url": null,
        "oembed_data": {},
        "to_remove": false
    }
},
{
    "model": "product.productmedia",
    "pk": 122,
    "fields": {
        "sort_order": 0,
        "private_metadata": {},
        "metadata": {},
        "product": 153,
        "image": "",
        "alt": "[Sn phm hc vin lp quay] Quay gii thiu Giy",
        "type": "VIDEO",
        "external_url": "https://www.youtube.com/watch?v=GdlSWFyYA8s",
        "oembed_data": {
            "url": "https://www.youtube.com/watch?v=GdlSWFyYA8s",
            "html": "<iframe width=\"1920\" height=\"1080\" src=\"https://www.youtube.com/embed/GdlSWFyYA8s?feature=oembed\" frameborder=\"0\" allow=\"accelerometer; autoplay; clipboard-write; encrypted-media; gyroscope; picture-in-picture; web-share\" referrerpolicy=\"strict-origin-when-cross-origin\" allowfullscreen title=\"[Sn phm hc vin lp quay] Quay gii thiu Giy\"></iframe>",
            "type": "video",
            "title": "[Sn phm hc vin lp quay] Quay gii thiu Giy",
            "width": 1920,
            "height": 1080,
            "version": "1.0",
            "author_url": "https://www.youtube.com/@TuThanhBlog",
            "author_name": "T Thanh Blog",
            "provider_url": "https://www.youtube.com/",
            "provider_name": "YouTube",
            "thumbnail_url": "https://i.ytimg.com/vi/GdlSWFyYA8s/hqdefault.jpg",
            "thumbnail_width": 480,
            "thumbnail_height": 360
        },
        "to_remove": false
    }
},
{
    "model": "product.variantmedia",
    "pk": 2,
    "fields": {
        "variant": 355,
        "media": 53
    }
},
{
    "model": "product.variantmedia",
    "pk": 3,
    "fields": {
        "variant": 353,
        "media": 52
    }
},
{
    "model": "product.variantmedia",
    "pk": 13,
    "fields": {
        "variant": 353,
        "media": 51
    }
},
{
    "model": "product.variantmedia",
    "pk": 14,
    "fields": {
        "variant": 384,
        "media": 122
    }
},
{
    "model": "product.variantmedia",
    "pk": 16,
    "fields": {
        "variant": 384,
        "media": 117
    }
},
{
    "model": "product.variantmedia",
    "pk": 17,
    "fields": {
        "variant": 384,
        "media": 121
    }
},
{
    "model": "product.variantmedia",
    "pk": 18,
    "fields": {
        "variant": 384,
        "media": 116
    }
},
{
    "model": "product.variantmedia",
    "pk": 25,
    "fields": {
        "variant": 383,
        "media": 119
    }
},
{
    "model": "product.variantmedia",
    "pk": 26,
    "fields": {
        "variant": 383,
        "media": 117
    }
},
{
    "model": "product.variantmedia",
    "pk": 27,
    "fields": {
        "variant": 383,
        "media": 115
    }
},
{
    "model": "product.variantmedia",
    "pk": 28,
    "fields": {
        "variant": 383,
        "media": 118
    }
},
{
    "model": "product.variantmedia",
    "pk": 29,
    "fields": {
        "variant": 383,
        "media": 121
    }
},
{
    "model": "product.collectionproduct",
    "pk": 1,
    "fields": {
        "sort_order": null,
        "collection": 1,
        "product": 145
    }
},
{
    "model": "product.collectionproduct",
    "pk": 2,
    "fields": {
        "sort_order": null,
        "collection": 1,
        "product": 140
    }
},
{
    "model": "product.collectionproduct",
    "pk": 3,
    "fields": {
        "sort_order": null,
        "collection": 2,
        "product": 137
    }
},
{
    "model": "product.collectionproduct",
    "pk": 4,
    "fields": {
        "sort_order": null,
        "collection": 2,
        "product": 142
    }
},
{
    "model": "product.collectionproduct",
    "pk": 5,
    "fields": {
        "sort_order": null,
        "collection": 3,
        "product": 145
    }
},
{
    "model": "product.collectionproduct",
    "pk": 6,
    "fields": {
        "sort_order": null,
        "collection": 3,
        "product": 148
    }
},
{
    "model": "product.collectionproduct",
    "pk": 7,
    "fields": {
        "sort_order": null,
        "collection": 3,
        "product": 136
    }
},
{
    "model": "product.collectionproduct",
    "pk": 8,
    "fields": {
        "sort_order": null,
        "collection": 3,
        "product": 140
    }
},
{
    "model": "product.collectionproduct",
    "pk": 9,
    "fields": {
        "sort_order": null,
        "collection": 3,
        "product": 141
    }
},
{
    "model": "product.collectionproduct",
    "pk": 10,
    "fields": {
        "sort_order": null,
        "collection": 3,
        "product": 142
    }
},
{
    "model": "product.collectionproduct",
    "pk": 11,
    "fields": {
        "sort_order": null,
        "collection": 3,
        "product": 143
    }
},
{
    "model": "product.collection",
    "pk": 1,
    "fields": {
        "private_metadata": {},
        "metadata": {},
        "seo_title": "",
        "seo_description": "",
        "name": "Khuyn mi Online, gi siu r",
        "slug": "sale-products",
        "background_image": "",
        "background_image_alt": "",
        "description": null
    }
},
{
    "model": "product.collection",
    "pk": 2,
    "fields": {
        "private_metadata": {},
        "metadata": {},
        "seo_title": "",
        "seo_description": "",
        "name": "Gi  cho bn",
        "slug": "featured-products",
        "background_image": "",
        "background_image_alt": "",
        "description": null
    }
},
{
    "model": "product.collection",
    "pk": 3,
    "fields": {
        "private_metadata": {},
        "metadata": {},
        "seo_title": "",
        "seo_description": "",
        "name": "Sale chn ng b h",
        "slug": "sale-chan-dong-bo-ho",
        "background_image": "",
        "background_image_alt": "",
        "description": null
    }
},
{
    "model": "product.collectionchannellisting",
    "pk": 1,
    "fields": {
        "published_at": "2024-11-09T09:42:29.197Z",
        "is_published": true,
        "collection": 1,
        "channel": 3
    }
},
{
    "model": "product.collectionchannellisting",
    "pk": 2,
    "fields": {
        "published_at": null,
        "is_published": false,
        "collection": 1,
        "channel": 1
    }
},
{
    "model": "product.collectionchannellisting",
    "pk": 3,
    "fields": {
        "published_at": "2024-11-09T09:52:04.145Z",
        "is_published": true,
        "collection": 2,
        "channel": 3
    }
},
{
    "model": "product.collectionchannellisting",
    "pk": 4,
    "fields": {
        "published_at": null,
        "is_published": false,
        "collection": 2,
        "channel": 1
    }
},
{
    "model": "product.collectionchannellisting",
    "pk": 5,
    "fields": {
        "published_at": "2024-11-16T09:57:41.760Z",
        "is_published": true,
        "collection": 3,
        "channel": 3
    }
},
{
    "model": "product.collectionchannellisting",
    "pk": 6,
    "fields": {
        "published_at": null,
        "is_published": false,
        "collection": 3,
        "channel": 1
    }
},
{
    "model": "attribute.attribute",
    "pk": 45,
    "fields": {
        "private_metadata": {},
        "metadata": {},
        "external_reference": null,
        "slug": "bo-xu-ly",
        "name": "B x l",
        "type": "product-type",
        "input_type": "rich-text",
        "entity_type": null,
        "unit": null,
        "value_required": false,
        "is_variant_only": false,
        "visible_in_storefront": true,
        "filterable_in_storefront": false,
        "filterable_in_dashboard": false,
        "storefront_search_position": 0,
        "available_in_grid": false,
        "max_sort_order": null
    }
},
{
    "model": "attribute.attribute",
    "pk": 46,
    "fields": {
        "private_metadata": {},
        "metadata": {},
        "external_reference": null,
        "slug": "dung-luong",
        "name": "Dung lng",
        "type": "product-type",
        "input_type": "dropdown",
        "entity_type": null,
        "unit": null,
        "value_required": true,
        "is_variant_only": false,
        "visible_in_storefront": true,
        "filterable_in_storefront": true,
        "filterable_in_dashboard": true,
        "storefront_search_position": 0,
        "available_in_grid": true,
        "max_sort_order": 2
    }
},
{
    "model": "attribute.attribute",
    "pk": 47,
    "fields": {
        "private_metadata": {},
        "metadata": {},
        "external_reference": null,
        "slug": "mo-ta-chi-tiet-san-pham",
        "name": "M t chi tit sn phm",
        "type": "product-type",
        "input_type": "rich-text",
        "entity_type": null,
        "unit": null,
        "value_required": false,
        "is_variant_only": false,
        "visible_in_storefront": true,
        "filterable_in_storefront": false,
        "filterable_in_dashboard": false,
        "storefront_search_position": 0,
        "available_in_grid": false,
        "max_sort_order": null
    }
},
{
    "model": "attribute.attribute",
    "pk": 48,
    "fields": {
        "private_metadata": {},
        "metadata": {},
        "external_reference": null,
        "slug": "san-pham-lien-quan",
        "name": "Sn phm thng mua cng",
        "type": "product-type",
        "input_type": "reference",
        "entity_type": "Product",
        "unit": null,
        "value_required": false,
        "is_variant_only": false,
        "visible_in_storefront": true,
        "filterable_in_storefront": false,
        "filterable_in_dashboard": false,
        "storefront_search_position": 0,
        "available_in_grid": false,
        "max_sort_order": null
    }
},
{
    "model": "attribute.attribute",
    "pk": 51,
    "fields": {
        "private_metadata": {},
        "metadata": {},
        "external_reference": null,
        "slug": "kich-thuoc",
        "name": "Kch thc",
        "type": "product-type",
        "input_type": "dropdown",
        "entity_type": null,
        "unit": null,
        "value_required": true,
        "is_variant_only": false,
        "visible_in_storefront": true,
        "filterable_in_storefront": true,
        "filterable_in_dashboard": true,
        "storefront_search_position": 0,
        "available_in_grid": true,
        "max_sort_order": 2
    }
},
{
    "model": "attribute.attribute",
    "pk": 52,
    "fields": {
        "private_metadata": {},
        "metadata": {},
        "external_reference": null,
        "slug": "mau-sac",
        "name": "Mu sc",
        "type": "product-type",
        "input_type": "swatch",
        "entity_type": null,
        "unit": null,
        "value_required": false,
        "is_variant_only": false,
        "visible_in_storefront": true,
        "filterable_in_storefront": true,
        "filterable_in_dashboard": true,
        "storefront_search_position": 0,
        "available_in_grid": true,
        "max_sort_order": 3
    }
},
{
    "model": "attribute.attribute",
    "pk": 53,
    "fields": {
        "private_metadata": {},
        "metadata": {},
        "external_reference": null,
        "slug": "chat-lieu-giay",
        "name": "Cht liu",
        "type": "product-type",
        "input_type": "dropdown",
        "entity_type": null,
        "unit": null,
        "value_required": false,
        "is_variant_only": false,
        "visible_in_storefront": true,
        "filterable_in_storefront": true,
        "filterable_in_dashboard": true,
        "storefront_search_position": 0,
        "available_in_grid": true,
        "max_sort_order": 1
    }
},
{
    "model": "attribute.attribute",
    "pk": 57,
    "fields": {
        "private_metadata": {},
        "metadata": {},
        "external_reference": null,
        "slug": "bai-viet-lien-quan",
        "name": "Bi vit lin quan",
        "type": "product-type",
        "input_type": "reference",
        "entity_type": "Page",
        "unit": null,
        "value_required": false,
        "is_variant_only": false,
        "visible_in_storefront": true,
        "filterable_in_storefront": false,
        "filterable_in_dashboard": false,
        "storefront_search_position": 0,
        "available_in_grid": false,
        "max_sort_order": null
    }
},
{
    "model": "attribute.attribute",
    "pk": 58,
    "fields": {
        "private_metadata": {},
        "metadata": {},
        "external_reference": null,
        "slug": "hinh-dai-dien",
        "name": "Hnh i din",
        "type": "page-type",
        "input_type": "rich-text",
        "entity_type": null,
        "unit": null,
        "value_required": false,
        "is_variant_only": false,
        "visible_in_storefront": true,
        "filterable_in_storefront": false,
        "filterable_in_dashboard": false,
        "storefront_search_position": 0,
        "available_in_grid": false,
        "max_sort_order": null
    }
},
{
    "model": "attribute.attributevalue",
    "pk": 142,
    "fields": {
        "external_reference": null,
        "name": "Cng ngh CPU:Intel Core i5 Raptor Lake - 1334U S nhn:10 S lung:12 Tc  CPU:1.3GHz Tc  ti a:Turbo Boost 4.6 GHz B nh m:12 MB",
        "value": "",
        "slug": "138_45",
        "file_url": null,
        "content_type": null,
        "attribute": 45,
        "rich_text": {
            "time": 1731473500716,
            "blocks": [
                {
                    "id": "WCcMjKvDeL",
                    "data": {
                        "items": [
                            "Cng ngh CPU:Intel Core i5 Raptor Lake - 1334U",
                            "S nhn:10",
                            "S lung:12",
                            "Tc  CPU:1.3GHz",
                            "Tc  ti a:<a href=\"https://www.thegioididong.com/hoi-dap/turbo-boost-la-gi-cai-dat-turbo-boost-nhu-the-nao-884498\" target=\"_blank\">Turbo Boost 4.6 GHz</a>",
                            "B nh m:12 MB"
                        ],
                        "style": "unordered"
                    },
                    "type": "list"
                }
            ],
            "version": "2.24.3"
        },
        "plain_text": null,
        "boolean": null,
        "date_time": null,
        "reference_product": null,
        "reference_variant": null,
        "reference_page": null,
        "sort_order": null
    }
},
{
    "model": "attribute.attributevalue",
    "pk": 144,
    "fields": {
        "external_reference": null,
        "name": "RAM:16 GB Loi RAM:LPDDR5 (Onboard) Tc  Bus RAM:4800 MHz H tr RAM ti a:Khng h tr nng cp  cng:512 GB SSD NVMe PCIe 4.0 (C th tho ra, lp thanh khc ti a 1 TB)",
        "value": "",
        "slug": "140_45",
        "file_url": null,
        "content_type": null,
        "attribute": 45,
        "rich_text": {
            "time": 1731327403103,
            "blocks": [
                {
                    "id": "ax03C-dEgi",
                    "data": {
                        "items": [
                            "RAM:<a href=\"https://www.thegioididong.com/hoi-dap/ram-lap-top-la-gi-dung-luong-bao-nhieu-la-du-1172167\" target=\"_blank\">16 GB</a>",
                            "Loi RAM:LPDDR5 (Onboard)",
                            "Tc  Bus RAM:4800 MHz",
                            "H tr RAM ti a:Khng h tr nng cp",
                            " cng:512 GB SSD NVMe PCIe 4.0 (C th tho ra, lp thanh khc ti a 1 TB)"
                        ],
                        "style": "unordered"
                    },
                    "type": "list"
                }
            ],
            "version": "2.24.3"
        },
        "plain_text": null,
        "boolean": null,
        "date_time": null,
        "reference_product": null,
        "reference_variant": null,
        "reference_page": null,
        "sort_order": null
    }
},
{
    "model": "attribute.attributevalue",
    "pk": 145,
    "fields": {
        "external_reference": null,
        "name": "Cng ngh CPU:Intel Core i5 Alder Lake&nbsp;- 1235U S nhn:10 S lung:12 Tc  CPU:1.3GHz Tc  ti a:Turbo Boost 4.4 GHz B nh m:12 MB",
        "value": "",
        "slug": "141_45",
        "file_url": null,
        "content_type": null,
        "attribute": 45,
        "rich_text": {
            "time": 1730710606871,
            "blocks": [
                {
                    "id": "ykTU7OQXfK",
                    "data": {
                        "items": [
                            "Cng ngh CPU:<a href=\"https://www.thegioididong.com/hoi-dap/intel-the-he-12-alder-lake-tren-laptop-cau-hinh-va-thoi-1396454\" target=\"_blank\">Intel Core i5 Alder Lake</a>&nbsp;- 1235U",
                            "S nhn:10",
                            "S lung:12",
                            "Tc  CPU:1.3GHz",
                            "Tc  ti a:<a href=\"https://www.thegioididong.com/hoi-dap/turbo-boost-la-gi-cai-dat-turbo-boost-nhu-the-nao-884498\" target=\"_blank\">Turbo Boost 4.4 GHz</a>",
                            "B nh m:12 MB"
                        ],
                        "style": "unordered"
                    },
                    "type": "list"
                }
            ],
            "version": "2.24.3"
        },
        "plain_text": null,
        "boolean": null,
        "date_time": null,
        "reference_product": null,
        "reference_variant": null,
        "reference_page": null,
        "sort_order": null
    }
},
{
    "model": "attribute.attributevalue",
    "pk": 146,
    "fields": {
        "external_reference": null,
        "name": "Cng giao tip:USB Type-C1 x USB 2.0Jack tai nghe 3.5 mm2 x USB 3.2HDMI Kt ni khng dy:Wi-Fi 6E (802.11ax)Bluetooth 5.3 Webcam:HD webcam Tnh nng khc: bn chun qun i MIL STD 810HBn l m ",
        "value": "",
        "slug": "142_45",
        "file_url": null,
        "content_type": null,
        "attribute": 45,
        "rich_text": {
            "time": 1730710938088,
            "blocks": [
                {
                    "id": "6Mu4xZsnDt",
                    "data": {
                        "items": [
                            "Cng giao tip:<a href=\"https://www.thegioididong.com/hoi-dap/usb-type-c-chua-n-mu-c-co-ng-ke-t-no-i-mo-i-723760\" target=\"_blank\">USB Type-C</a>1 x USB 2.0<a href=\"https://www.thegioididong.com/hoi-dap/tim-hieu-ve-jack-tai-nghe-35mm-tren-smartphone-co-con-la-1340595\" target=\"_blank\">Jack tai nghe 3.5 mm</a><a href=\"https://www.thegioididong.com/hoi-dap/usb-32-la-gi-co-nhung-gi-dac-biet-1261132\" target=\"_blank\">2 x USB 3.2</a><a href=\"https://www.thegioididong.com/hoi-dap/hoi-dap-hdmi-la-gi-930605\" target=\"_blank\">HDMI</a>",
                            "Kt ni khng dy:<a href=\"https://www.thegioididong.com/hoi-dap/wifi-6e-la-gi-nhung-dieu-ban-can-biet-ve-wifi-6e-1320985\" target=\"_blank\">Wi-Fi 6E (802.11ax)</a>Bluetooth 5.3",
                            "Webcam:<a href=\"https://www.thegioididong.com/hoi-dap/webcam-la-gi-951409\" target=\"_blank\">HD webcam</a>",
                            "Tnh nng khc:<a href=\"https://www.thegioididong.com/hoi-dap/tieu-chuan-do-ben-quan-doi-my-mil-std-810h-la-gi-1331788\" target=\"_blank\"> bn chun qun i MIL STD 810H</a><a href=\"https://www.thegioididong.com/hoi-dap/loi-ich-cua-ban-le-laptop-mo-180-do-1356380\" target=\"_blank\">Bn l m 180 </a><a href=\"https://www.thegioididong.com/hoi-dap/fingerprint-sensor-la-gi-va-co-tac-dung-gi-904389\" target=\"_blank\">Bo mt vn tay</a><a href=\"https://www.thegioididong.com/hoi-dap/cong-tac-khoa-camera-la-gi-1355331\" target=\"_blank\">Cng tc kha camera</a>",
                            "n bn phm:Khng c n"
                        ],
                        "style": "unordered"
                    },
                    "type": "list"
                }
            ],
            "version": "2.24.3"
        },
        "plain_text": null,
        "boolean": null,
        "date_time": null,
        "reference_product": null,
        "reference_variant": null,
        "reference_page": null,
        "sort_order": null
    }
},
{
    "model": "attribute.attributevalue",
    "pk": 147,
    "fields": {
        "external_reference": null,
        "name": "256GB",
        "value": "",
        "slug": "256gb",
        "file_url": null,
        "content_type": null,
        "attribute": 46,
        "rich_text": null,
        "plain_text": null,
        "boolean": null,
        "date_time": null,
        "reference_product": null,
        "reference_variant": null,
        "reference_page": null,
        "sort_order": 0
    }
},
{
    "model": "attribute.attributevalue",
    "pk": 148,
    "fields": {
        "external_reference": null,
        "name": "512TB",
        "value": "",
        "slug": "512tb",
        "file_url": null,
        "content_type": null,
        "attribute": 46,
        "rich_text": null,
        "plain_text": null,
        "boolean": null,
        "date_time": null,
        "reference_product": null,
        "reference_variant": null,
        "reference_page": null,
        "sort_order": 1
    }
},
{
    "model": "attribute.attributevalue",
    "pk": 149,
    "fields": {
        "external_reference": null,
        "name": "1TB",
        "value": "",
        "slug": "1tb",
        "file_url": null,
        "content_type": null,
        "attribute": 46,
        "rich_text": null,
        "plain_text": null,
        "boolean": null,
        "date_time": null,
        "reference_product": null,
        "reference_variant": null,
        "reference_page": null,
        "sort_order": 2
    }
},
{
    "model": "attribute.attributevalue",
    "pk": 150,
    "fields": {
        "external_reference": null,
        "name": "D hin ti Apple  ra mt nhiu dng mi nhng&nbsp;iPhone 11 series c&nbsp;vn thu ht s quan tm cc iFan nh c gi c phi chng v hiu nng cc k n, ph hp vi phn ln ngi dng. Tuy n",
        "value": "",
        "slug": "149_47",
        "file_url": null,
        "content_type": null,
        "attribute": 47,
        "rich_text": {
            "time": 1732105620034,
            "blocks": [
                {
                    "id": "Jv4dJOGeNB",
                    "data": {
                        "content": [
                            [
                                "Quay phim camera sau:",
                                "<span style=\"font-weight: normal; color: rgb(0, 112, 255);\"><font style=\"color: rgb(0, 112, 255);\"></font><font style=\"color: rgb(236, 120, 120);\"></font><font style=\"color: rgb(236, 120, 120);\"></font><font style=\"color: rgb(236, 120, 120);\"></font>HD 720p@30fpsFullHD 1080p@60fpsFullHD 1080p@30fpsFullHD 1080p@240fpsFullHD 1080p@120fps4K 2160p@60fps4K 2160p@30fps4K 2160p@24fps</span>"
                            ],
                            [
                                "n Flash camera sau:",
                                "C"
                            ]
                        ],
                        "stretched": false,
                        "withHeadings": true
                    },
                    "type": "table"
                },
                {
                    "id": "hxqzki1eyD",
                    "data": {
                        "text": "D hin ti Apple  ra mt nhiu dng mi nhng&nbsp;<a href=\"https://didongviet.vn/iphone-11.html\">iPhone 11 series c</a>&nbsp;vn thu ht s quan tm cc iFa<font style=\"color: rgb(0, 112, 255);\">n nh c gi c</font> phi chng v hiu nng cc k n, ph hp vi phn ln ngi dng. Tuy nhin,  tm mt ni uy tn v ng tin cy  mua iPhone 11 c li l iu khng h d. Hin ti nhu cu th trng cao dn n vic s c khng t cc sn phm cht lng km trn lan."
                    },
                    "type": "paragraph"
                },
                {
                    "id": "jhwLpLmh6H",
                    "data": {
                        "text": "Vo ngy<span>&nbsp;</span>10/9/2019, Apple &nbsp;chnh thc tung ra&nbsp;dng sn phm iPhone 11&nbsp;series. N&nbsp;gm&nbsp;tng cng l 3&nbsp;phin bn&nbsp; l: iPhone 11 thng v 2 model&nbsp;cao cp l iPhone 11 Pro v iPhone 11 Pro Max."
                    },
                    "type": "paragraph"
                },
                {
                    "id": "GiXdnpHkfl",
                    "data": {
                        "text": "D  tri qua nhiu nm t ngy ra mt, iPhone 11&nbsp;c series&nbsp;vn tip tc thu ht ngi dng bi nhng li th ring bit nh sau:"
                    },
                    "type": "paragraph"
                },
                {
                    "id": "BheToa6Az8",
                    "data": {
                        "text": "- Mang trong mnh con chip <font style=\"color: rgb(236, 120, 120);\">A13 </font>Bionic mnh m, cc mu iPhone 11 like new vn p ng tt cc tc v v gii tr m khng gp kh khn v hiu sut nh tr hnh hay git lag."
                    },
                    "type": "paragraph"
                },
                {
                    "id": "_Q0MZ1j2Tf",
                    "data": {
                        "text": "- H thng camera sc nt v kh nng quay video 4K 60fps mang n nhng bc nh v video cht lng cao xn s."
                    },
                    "type": "paragraph"
                },
                {
                    "id": "anGEwooBAu",
                    "data": {
                        "text": "- Nng cp vin pin v mn hnh so vi cc phin bn trc  nng cao tri nghim ngi dng v thi lng s dng ng k."
                    },
                    "type": "paragraph"
                },
                {
                    "id": "sdgyz890tZ",
                    "data": {
                        "text": "- C mc gi cnh tranh v  bn di hn so vi nhiu mu in thoi Android nn va uy tn m li va c cht lng cao.<br><br>"
                    },
                    "type": "paragraph"
                },
                {
                    "id": "6z7tqSXhFs",
                    "data": {
                        "text": "<font style=\"color: rgb(0, 188, 212);\">Ngy nay, cc model iPhone 11 likenew c phn chia thnh ch yu l 4 loi khc nhau. S c ring tng yu t  phn loi v ng nhin gi thnh ca chng cng s c s khc bit. Di y chnh l chi tit  khch hng tham kho.</font>"
                    },
                    "type": "paragraph"
                },
                {
                    "id": "71ww2kRoIg",
                    "data": {
                        "text": "iPhone 11 c loi chnh hng Apple&nbsp;l nhng thit b c<font style=\"color: rgb(236, 120, 120);\"> hng phn phi ring</font> ti th trng Vit Namvi m my kt thc bng VN/A. Do , ngi dng khi chn mua sn phm loi ny khng phi ln tn nhiu bi bn s c s hu mt in thoi gn nh mi vi v ngoi tuyt p.&nbsp;Tuy nhin, hin loi hng ny ca iPhone 11 likenew khng cn nhiu bi Apple khng cn sn xut n na."
                    },
                    "type": "paragraph"
                },
                {
                    "id": "Ryropq9Snv",
                    "data": {
                        "embed": "https://www.youtube.com/embed/ANgDT0shMBs",
                        "width": 580,
                        "height": 320,
                        "source": "https://www.youtube.com/watch?v=ANgDT0shMBs",
                        "caption": "",
                        "service": "youtube"
                    },
                    "type": "embed"
                },
                {
                    "id": "XriABhF_pJ",
                    "data": {
                        "embed": "https://www.youtube.com/embed/finffOwTxWs",
                        "width": 580,
                        "height": 320,
                        "source": "https://www.youtube.com/watch?v=finffOwTxWs",
                        "caption": "",
                        "service": "youtube"
                    },
                    "type": "embed"
                },
                {
                    "id": "Mg8bjHcf6v",
                    "data": {
                        "file": {
                            "ulr": "https://res.cloudinary.com/dntus9abj/image/upload/v1731989669/ziqcbcop6zktlvgz7db8.jpg",
                            "url": "https://res.cloudinary.com/dntus9abj/image/upload/v1731989669/ziqcbcop6zktlvgz7db8.jpg"
                        },
                        "caption": "",
                        "stretched": false,
                        "withBorder": false,
                        "withBackground": false
                    },
                    "type": "image"
                },
                {
                    "id": "WjwON58Z84",
                    "data": {
                        "text": "iPhone 11<span>&nbsp;</span>s hu hiu nng kh mnh m, n nh trong thi gian di nh c trang b chipset A13 Bionic. Mn hnh LCD 6.1 inch sc nt cng cht lng hin th Full HD ca my cho tri nghim hnh nh mt m v c  tng phn cao. H thng camera hin i c tch hp nhng tnh nng cng ngh mi kt hp vi vin Pin dung lng 3110mAh, gip nng cao tri nghim ca ngi dng."
                    },
                    "type": "paragraph"
                },
                {
                    "id": "nGKxzRijXc",
                    "data": {
                        "text": "D iPhone 11 l mt trong nhng thit b smartphone tm trung ng mua nht  thi im hin ti, bn cng nn cn thn la chn dng sn phm ny chnh hng VN/A  c c tri nghim tt nht. Nhiu ngi v ham r m  chn mua phi dng iPhone 11 km cht lng, khng phi hng chnh hng VN/A, dn ti hiu qu s dng thp, khng p ng c cc nhu cu cng vic, gii tr."
                    },
                    "type": "paragraph"
                },
                {
                    "id": "ny072r00PA",
                    "data": {
                        "file": {
                            "ulr": "https://res.cloudinary.com/dntus9abj/image/upload/v1732013898/kuerhxtulxsnlzjrwq2q.webp",
                            "url": "https://res.cloudinary.com/dntus9abj/image/upload/v1732013898/kuerhxtulxsnlzjrwq2q.webp"
                        },
                        "caption": "",
                        "stretched": false,
                        "withBorder": false,
                        "withBackground": false
                    },
                    "type": "image"
                },
                {
                    "id": "e0Rev0IV77",
                    "data": {
                        "text": "Mt trong nhng l do m bn nn mua dng sn phm iPhone 11 chnh hng ny l bn s nhn c ch <span>&nbsp;</span>bo hnh chnh hng 12 thng<span>&nbsp;</span>ti cc trung tm bo hnh u quyn ca Apple ti Vit Nam. y l c quyn m ch cc sn phm chnh hng VN/A nhn c. Nhiu dng sn phm iPhone xch tay t Hn Quc, Nht Bn v cc nc khc u khng nhn c ch  bo hnh chnh hng ny ti Vit Nam."
                    },
                    "type": "paragraph"
                },
                {
                    "id": "2VGgPCw2BJ",
                    "data": {
                        "text": "Bn cnh , cht lng ca cc sn phm chnh hng VN/A cng c m bo hn cc dng sn phm khng r ngun gc v cc sn phm xch tay ti t cc quc gia khc. Cc thng s k thut ca cc sn phm VN/A u  c hiu chnh chi tit  m bo c c  bn b, chc chn nht ti tng quc gia c th m  y l Vit Nam."
                    },
                    "type": "paragraph"
                },
                {
                    "id": "NpMz5LdkiZ",
                    "data": {
                        "text": "So vi iPhone XR th siu phm Apple nm 2019 c nhiu nng cp ng gi, trong  ni bt l con chip x l, b nh RAM, dung lng pin, c bit l camera trc v sau. Di y l bng so snh thng s k thut ca iPhone 11 v XR bn c th tham kho:"
                    },
                    "type": "paragraph"
                },
                {
                    "id": "fNIhBdhplH",
                    "data": {
                        "text": "Trong ln ra mt ny, iPhone 11  rt c Apple u i khi s hu ti tn 6 phin bn mu khc nhau ln lt l: Trng, , en, Xanh Mint, Tm v Vng. y u l nhng phin bn mu c bit tot ln c s sang trng, qu phi ca ngi s dng."
                    },
                    "type": "paragraph"
                },
                {
                    "id": "zFHodtR9FR",
                    "data": {
                        "file": {
                            "ulr": "https://res.cloudinary.com/dntus9abj/image/upload/v1732014108/xfwxsfbfbf3om41yjnit.webp",
                            "url": "https://res.cloudinary.com/dntus9abj/image/upload/v1732014108/xfwxsfbfbf3om41yjnit.webp"
                        },
                        "caption": "",
                        "stretched": false,
                        "withBorder": false,
                        "withBackground": false
                    },
                    "type": "image"
                },
                {
                    "id": "kepZfBKWeL",
                    "data": {
                        "text": "Vi cu hnh mnh m, hiu nng n nh cng cht lng hin th sc nt, mt m, iPhone 11 s l<font style=\"color: rgb(236, 120, 120);\"> mt la chn hon ho m bn khng nn b qua.  s hu sn phm smartphone mnh m ny ca Apple vi mc gi u i, bn c th </font>tham kho ti h thng ca hng bn l CellphoneS. Ti y, CellphoneS chuyn phn phi cc sn phm cng ngh hin i vi cht lng chnh hng cng nhiu phn qu khuyn mi hp dn khc."
                    },
                    "type": "paragraph"
                },
                {
                    "id": "A3kPiKsRJ-",
                    "data": {
                        "text": "Ngoi ra, bn s c tri nghim cht lng dch v t chun 5 sao ti h thng ca hng CellphoneS. Vi i ng nhn vin chuyn nghip c o to bi bn, sn sng t vn, gii p mi thc mc ca ngi tiu dng, <mark style=\"background-color: rgb(139, 195, 74);\">CellphoneS xin cam kt mang ti cho qu khch hng nhng pht giy mua sm tuyt vi nht.</mark>&nbsp;"
                    },
                    "type": "paragraph"
                }
            ],
            "version": "2.28.0"
        },
        "plain_text": null,
        "boolean": null,
        "date_time": null,
        "reference_product": null,
        "reference_variant": null,
        "reference_page": null,
        "sort_order": null
    }
},
{
    "model": "attribute.attributevalue",
    "pk": 156,
    "fields": {
        "external_reference": null,
        "name": "S",
        "value": "",
        "slug": "s",
        "file_url": null,
        "content_type": null,
        "attribute": 51,
        "rich_text": null,
        "plain_text": null,
        "boolean": null,
        "date_time": null,
        "reference_product": null,
        "reference_variant": null,
        "reference_page": null,
        "sort_order": 0
    }
},
{
    "model": "attribute.attributevalue",
    "pk": 157,
    "fields": {
        "external_reference": null,
        "name": "M",
        "value": "",
        "slug": "m",
        "file_url": null,
        "content_type": null,
        "attribute": 51,
        "rich_text": null,
        "plain_text": null,
        "boolean": null,
        "date_time": null,
        "reference_product": null,
        "reference_variant": null,
        "reference_page": null,
        "sort_order": 1
    }
},
{
    "model": "attribute.attributevalue",
    "pk": 158,
    "fields": {
        "external_reference": null,
        "name": "L",
        "value": "",
        "slug": "l",
        "file_url": null,
        "content_type": null,
        "attribute": 51,
        "rich_text": null,
        "plain_text": null,
        "boolean": null,
        "date_time": null,
        "reference_product": null,
        "reference_variant": null,
        "reference_page": null,
        "sort_order": 2
    }
},
{
    "model": "attribute.attributevalue",
    "pk": 159,
    "fields": {
        "external_reference": null,
        "name": "Trng",
        "value": "#FFFFFF",
        "slug": "trang",
        "file_url": null,
        "content_type": null,
        "attribute": 52,
        "rich_text": null,
        "plain_text": null,
        "boolean": null,
        "date_time": null,
        "reference_product": null,
        "reference_variant": null,
        "reference_page": null,
        "sort_order": 0
    }
},
{
    "model": "attribute.attributevalue",
    "pk": 160,
    "fields": {
        "external_reference": null,
        "name": "Xanh",
        "value": "#0000FF",
        "slug": "xanh",
        "file_url": "",
        "content_type": "",
        "attribute": 52,
        "rich_text": null,
        "plain_text": null,
        "boolean": null,
        "date_time": null,
        "reference_product": null,
        "reference_variant": null,
        "reference_page": null,
        "sort_order": 1
    }
},
{
    "model": "attribute.attributevalue",
    "pk": 161,
    "fields": {
        "external_reference": null,
        "name": "en",
        "value": "#000000",
        "slug": "den",
        "file_url": null,
        "content_type": null,
        "attribute": 52,
        "rich_text": null,
        "plain_text": null,
        "boolean": null,
        "date_time": null,
        "reference_product": null,
        "reference_variant": null,
        "reference_page": null,
        "sort_order": 2
    }
},
{
    "model": "attribute.attributevalue",
    "pk": 163,
    "fields": {
        "external_reference": null,
        "name": "i giy chy b m i c s dng cht liu ti ch.Tin xa hn mt cht v nhanh hn mt cht sau mi bui chy. i giy chy b adidas ny gip bn tin bc chinh phc mc tiu nh cm gic n h",
        "value": "",
        "slug": "135_47",
        "file_url": null,
        "content_type": null,
        "attribute": 47,
        "rich_text": {
            "time": 1732245194038,
            "blocks": [
                {
                    "id": "a8G55sctLd",
                    "data": {
                        "text": "<font style=\"color: rgb(236, 120, 120);\"></font><font style=\"color: rgb(236, 120, 120);\"></font><font style=\"color: rgb(236, 120, 120);\"></font>i giy chy b m i c s dng cht liu ti ch.Tin xa hn mt cht v nhanh hn mt cht sau mi bui chy. i giy chy b adidas ny gip bn tin bc chinh phc mc tiu nh cm gic n hi ca lp m Bounce 2.0 siu nh di lng bn chn. Thn giy bng vi li gip i chn bn lun mt m v thoi mi t u n cui bui chy, cng  ngoi siu bm gip bn t tin si bc khi rn luyn sc bn."
                    },
                    "type": "paragraph"
                },
                {
                    "id": "_W8Nf64JB0",
                    "data": {
                        "text": "<span style=\"box-sizing: border-box; font-size: 16px;\">Sn phm ny c cha ti thiu 20% cht liu ti ch. Bng cch ti s dng cc cht liu  c to ra, chng ti gp phn gim thiu lng ph v hn ch ph thuc vo cc ngun ti nguyn hu hn, cng nh gim pht thi t cc sn phm m chng ti sn xut.</span>"
                    },
                    "type": "paragraph"
                },
                {
                    "id": "quhu1e4pXs",
                    "data": {
                        "file": {
                            "ulr": "https://res.cloudinary.com/dntus9abj/image/upload/v1732104798/i589wxikdc0rzd0pr00m.webp",
                            "url": "https://res.cloudinary.com/dntus9abj/image/upload/v1732104798/i589wxikdc0rzd0pr00m.webp"
                        },
                        "caption": "",
                        "stretched": false,
                        "withBorder": false,
                        "withBackground": false
                    },
                    "type": "image"
                },
                {
                    "id": "zspFzmsR7B",
                    "data": {
                        "file": {
                            "ulr": "https://res.cloudinary.com/dntus9abj/image/upload/v1732104804/fuyffyhlxvmcpltus2yd.webp",
                            "url": "https://res.cloudinary.com/dntus9abj/image/upload/v1732104804/fuyffyhlxvmcpltus2yd.webp"
                        },
                        "caption": "",
                        "stretched": false,
                        "withBorder": false,
                        "withBackground": false
                    },
                    "type": "image"
                },
                {
                    "id": "V5HErdm5Y4",
                    "data": {
                        "file": {
                            "ulr": "https://res.cloudinary.com/dntus9abj/image/upload/v1732104815/gudljkuztkn0fw4t2nha.webp",
                            "url": "https://res.cloudinary.com/dntus9abj/image/upload/v1732104815/gudljkuztkn0fw4t2nha.webp"
                        },
                        "caption": "",
                        "stretched": false,
                        "withBorder": false,
                        "withBackground": false
                    },
                    "type": "image"
                },
                {
                    "id": "t_bW83GsOB",
                    "data": {
                        "items": [
                            "<span style=\"box-sizing: border-box; font-size: 16px;\">Dng regular fit</span>",
                            "<span style=\"box-sizing: border-box; font-size: 16px;\">C dy giy</span>",
                            "<span style=\"box-sizing: border-box; font-size: 16px;\">Thn giy bng vi li</span>",
                            "<span style=\"box-sizing: border-box; font-size: 16px;\">Lp lt bng vi dt</span>",
                            "<span style=\"box-sizing: border-box; font-size: 16px;\">Lt giy OrthoLite</span>",
                            "<span style=\"box-sizing: border-box; font-size: 16px;\"> gia Bounce 2.0</span>"
                        ],
                        "style": "unordered"
                    },
                    "type": "list"
                },
                {
                    "id": "8NkeRAhTTl",
                    "data": {
                        "items": [
                            "<span style=\"box-sizing: border-box; font-size: 16px;\">Trng lng: 324 g (size UK 8.5)</span>",
                            "<span style=\"box-sizing: border-box; font-size: 16px;\">Chnh lch  cao  gia: 10 mm (gt giy 35 mm / mi giy 25 mm)</span>",
                            "<span style=\"box-sizing: border-box; font-size: 16px;\"> ngoi Adiwear</span>",
                            "<span style=\"box-sizing: border-box; font-size: 16px;\">C cha ti thiu 20% thnh phn ti ch</span>",
                            "<span style=\"box-sizing: border-box; font-size: 16px;\">Mu sn phm: Legend Ink / Cloud White / Core Black</span>",
                            "<span style=\"box-sizing: border-box; font-size: 16px;\">M sn phm:<span>&nbsp;</span><a href=\"https://giayauthentic.com/giay-adidas-ultrarun-5-ie8792\"><span style=\"box-sizing: border-box; color: rgb(52, 152, 219);\">IE8792</span></a></span>"
                        ],
                        "style": "unordered"
                    },
                    "type": "list"
                }
            ],
            "version": "2.28.0"
        },
        "plain_text": null,
        "boolean": null,
        "date_time": null,
        "reference_product": null,
        "reference_variant": null,
        "reference_page": null,
        "sort_order": null
    }
},
{
    "model": "attribute.attributevalue",
    "pk": 164,
    "fields": {
        "external_reference": null,
        "name": "Da",
        "value": "",
        "slug": "da",
        "file_url": null,
        "content_type": null,
        "attribute": 53,
        "rich_text": null,
        "plain_text": null,
        "boolean": null,
        "date_time": null,
        "reference_product": null,
        "reference_variant": null,
        "reference_page": null,
        "sort_order": 0
    }
},
{
    "model": "attribute.attributevalue",
    "pk": 165,
    "fields": {
        "external_reference": null,
        "name": "Li",
        "value": "",
        "slug": "luoi",
        "file_url": null,
        "content_type": null,
        "attribute": 53,
        "rich_text": null,
        "plain_text": null,
        "boolean": null,
        "date_time": null,
        "reference_product": null,
        "reference_variant": null,
        "reference_page": null,
        "sort_order": 1
    }
},
{
    "model": "attribute.attributevalue",
    "pk": 166,
    "fields": {
        "external_reference": null,
        "name": "Giy tp luyn 361 N W582234407-5",
        "value": "",
        "slug": "135_136",
        "file_url": null,
        "content_type": null,
        "attribute": 48,
        "rich_text": null,
        "plain_text": null,
        "boolean": null,
        "date_time": null,
        "reference_product": 136,
        "reference_variant": null,
        "reference_page": null,
        "sort_order": null
    }
},
{
    "model": "attribute.attributevalue",
    "pk": 167,
    "fields": {
        "external_reference": null,
        "name": "Giy nam th thao p",
        "value": "",
        "slug": "135_135",
        "file_url": null,
        "content_type": null,
        "attribute": 48,
        "rich_text": null,
        "plain_text": null,
        "boolean": null,
        "date_time": null,
        "reference_product": 135,
        "reference_variant": null,
        "reference_page": null,
        "sort_order": null
    }
},
{
    "model": "attribute.attributevalue",
    "pk": 168,
    "fields": {
        "external_reference": null,
        "name": "in thoi iPhone 15 128GB",
        "value": "",
        "slug": "135_145",
        "file_url": null,
        "content_type": null,
        "attribute": 48,
        "rich_text": null,
        "plain_text": null,
        "boolean": null,
        "date_time": null,
        "reference_product": 145,
        "reference_variant": null,
        "reference_page": null,
        "sort_order": null
    }
},
{
    "model": "attribute.attributevalue",
    "pk": 169,
    "fields": {
        "external_reference": null,
        "name": "in thoi iPhone 15 Pro 256GB",
        "value": "",
        "slug": "135_144",
        "file_url": null,
        "content_type": null,
        "attribute": 48,
        "rich_text": null,
        "plain_text": null,
        "boolean": null,
        "date_time": null,
        "reference_product": 144,
        "reference_variant": null,
        "reference_page": null,
        "sort_order": null
    }
},
{
    "model": "attribute.attributevalue",
    "pk": 170,
    "fields": {
        "external_reference": null,
        "name": "Giy Th Thao Nam TA2740",
        "value": "",
        "slug": "135_137",
        "file_url": null,
        "content_type": null,
        "attribute": 48,
        "rich_text": null,
        "plain_text": null,
        "boolean": null,
        "date_time": null,
        "reference_product": 137,
        "reference_variant": null,
        "reference_page": null,
        "sort_order": null
    }
},
{
    "model": "attribute.attributevalue",
    "pk": 171,
    "fields": {
        "external_reference": null,
        "name": "Laptop Acer Aspire Lite 14 51M 59BN i5 1235U/16GB/512GB/Win11 (NX.KTXSV.001)",
        "value": "",
        "slug": "135_141",
        "file_url": null,
        "content_type": null,
        "attribute": 48,
        "rich_text": null,
        "plain_text": null,
        "boolean": null,
        "date_time": null,
        "reference_product": 141,
        "reference_variant": null,
        "reference_page": null,
        "sort_order": null
    }
},
{
    "model": "attribute.attributevalue",
    "pk": 172,
    "fields": {
        "external_reference": null,
        "name": "Laptop Lenovo Ideapad Slim 3 15IAH8 i5 12450H/16GB/512GB/Win11 (83ER000EVN)",
        "value": "",
        "slug": "135_140",
        "file_url": null,
        "content_type": null,
        "attribute": 48,
        "rich_text": null,
        "plain_text": null,
        "boolean": null,
        "date_time": null,
        "reference_product": 140,
        "reference_variant": null,
        "reference_page": null,
        "sort_order": null
    }
},
{
    "model": "attribute.attributevalue",
    "pk": 173,
    "fields": {
        "external_reference": null,
        "name": "in thoi Samsung Galaxy Z Fold6 5G 12GB/256GB",
        "value": "",
        "slug": "135_147",
        "file_url": null,
        "content_type": null,
        "attribute": 48,
        "rich_text": null,
        "plain_text": null,
        "boolean": null,
        "date_time": null,
        "reference_product": 147,
        "reference_variant": null,
        "reference_page": null,
        "sort_order": null
    }
},
{
    "model": "attribute.attributevalue",
    "pk": 174,
    "fields": {
        "external_reference": null,
        "name": "- Thit k siu nh, thong kh to cm gic thoi mi khi i ln chn - Kh nng thm m hi tt gip duy tr s kh ro - B mt vi c kt cu tinh t v mm mi, m chn gip thoi mi vn ng. ",
        "value": "",
        "slug": "153_47",
        "file_url": null,
        "content_type": null,
        "attribute": 47,
        "rich_text": {
            "time": 1732616107793,
            "blocks": [
                {
                    "id": "7oPn5umPwQ",
                    "data": {
                        "text": "- Thit k siu nh, thong kh to cm gic thoi mi khi i ln chn"
                    },
                    "type": "paragraph"
                },
                {
                    "id": "NTbfTbZY4a",
                    "data": {
                        "text": "- Kh nng thm m hi tt gip duy tr s kh ro"
                    },
                    "type": "paragraph"
                },
                {
                    "id": "zuYh60trDk",
                    "data": {
                        "text": "- B mt vi c kt cu tinh t v mm mi, m chn gip thoi mi vn ng."
                    },
                    "type": "paragraph"
                },
                {
                    "id": "h6DkUyhjgM",
                    "data": {
                        "text": "-  giy siu nh mang li cm gic thoi mi khi di chuyn"
                    },
                    "type": "paragraph"
                },
                {
                    "id": "xsEFvRTyVv",
                    "data": {
                        "file": {
                            "ulr": "https://res.cloudinary.com/dntus9abj/image/upload/v1732202130/vbwn81vbrueadxwrgcfx.jpg",
                            "url": "https://res.cloudinary.com/dntus9abj/image/upload/v1732202130/vbwn81vbrueadxwrgcfx.jpg"
                        },
                        "caption": "",
                        "stretched": false,
                        "withBorder": false,
                        "withBackground": false
                    },
                    "type": "image"
                },
                {
                    "id": "mjN9TlyaYe",
                    "data": {
                        "file": {
                            "ulr": "https://res.cloudinary.com/dntus9abj/image/upload/v1732202381/f8e27wzogocvzmuy4m2t.webp",
                            "url": "https://res.cloudinary.com/dntus9abj/image/upload/v1732202381/f8e27wzogocvzmuy4m2t.webp"
                        },
                        "caption": "",
                        "stretched": false,
                        "withBorder": false,
                        "withBackground": false
                    },
                    "type": "image"
                }
            ],
            "version": "2.28.0"
        },
        "plain_text": null,
        "boolean": null,
        "date_time": null,
        "reference_product": null,
        "reference_variant": null,
        "reference_page": null,
        "sort_order": null
    }
},
{
    "model": "attribute.attributevalue",
    "pk": 175,
    "fields": {
        "external_reference": null,
        "name": "Giy Th Thao Nam TA2740",
        "value": "",
        "slug": "153_137",
        "file_url": null,
        "content_type": null,
        "attribute": 48,
        "rich_text": null,
        "plain_text": null,
        "boolean": null,
        "date_time": null,
        "reference_product": 137,
        "reference_variant": null,
        "reference_page": null,
        "sort_order": null
    }
},
{
    "model": "attribute.attributevalue",
    "pk": 176,
    "fields": {
        "external_reference": null,
        "name": "Giy tp luyn 361 N W582234407-5",
        "value": "",
        "slug": "153_136",
        "file_url": null,
        "content_type": null,
        "attribute": 48,
        "rich_text": null,
        "plain_text": null,
        "boolean": null,
        "date_time": null,
        "reference_product": 136,
        "reference_variant": null,
        "reference_page": null,
        "sort_order": null
    }
},
{
    "model": "attribute.attributevalue",
    "pk": 177,
    "fields": {
        "external_reference": null,
        "name": "Giy nam th thao siu bn p",
        "value": "",
        "slug": "153_135",
        "file_url": null,
        "content_type": null,
        "attribute": 48,
        "rich_text": null,
        "plain_text": null,
        "boolean": null,
        "date_time": null,
        "reference_product": 135,
        "reference_variant": null,
        "reference_page": null,
        "sort_order": null
    }
},
{
    "model": "attribute.attributevalue",
    "pk": 178,
    "fields": {
        "external_reference": null,
        "name": "in thoi iPhone 11",
        "value": "",
        "slug": "153_149",
        "file_url": null,
        "content_type": null,
        "attribute": 48,
        "rich_text": null,
        "plain_text": null,
        "boolean": null,
        "date_time": null,
        "reference_product": 149,
        "reference_variant": null,
        "reference_page": null,
        "sort_order": null
    }
},
{
    "model": "attribute.attributevalue",
    "pk": 179,
    "fields": {
        "external_reference": null,
        "name": "in thoi iPhone 15 128GB",
        "value": "",
        "slug": "153_145",
        "file_url": null,
        "content_type": null,
        "attribute": 48,
        "rich_text": null,
        "plain_text": null,
        "boolean": null,
        "date_time": null,
        "reference_product": 145,
        "reference_variant": null,
        "reference_page": null,
        "sort_order": null
    }
},
{
    "model": "attribute.attributevalue",
    "pk": 180,
    "fields": {
        "external_reference": null,
        "name": "in thoi iPhone 15 Pro 256GB",
        "value": "",
        "slug": "153_144",
        "file_url": null,
        "content_type": null,
        "attribute": 48,
        "rich_text": null,
        "plain_text": null,
        "boolean": null,
        "date_time": null,
        "reference_product": 144,
        "reference_variant": null,
        "reference_page": null,
        "sort_order": null
    }
},
{
    "model": "attribute.attributevalue",
    "pk": 181,
    "fields": {
        "external_reference": null,
        "name": "in thoi iPhone 16 Pro Max 256GB",
        "value": "",
        "slug": "153_143",
        "file_url": null,
        "content_type": null,
        "attribute": 48,
        "rich_text": null,
        "plain_text": null,
        "boolean": null,
        "date_time": null,
        "reference_product": 143,
        "reference_variant": null,
        "reference_page": null,
        "sort_order": null
    }
},
{
    "model": "attribute.attributevalue",
    "pk": 182,
    "fields": {
        "external_reference": null,
        "name": "in thoi vivo V40 Lite 8GB/256GB ",
        "value": "",
        "slug": "153_148",
        "file_url": null,
        "content_type": null,
        "attribute": 48,
        "rich_text": null,
        "plain_text": null,
        "boolean": null,
        "date_time": null,
        "reference_product": 148,
        "reference_variant": null,
        "reference_page": null,
        "sort_order": null
    }
},
{
    "model": "attribute.attributevalue",
    "pk": 183,
    "fields": {
        "external_reference": null,
        "name": "Giy th thao m chn siu nh",
        "value": "",
        "slug": "153_153",
        "file_url": null,
        "content_type": null,
        "attribute": 48,
        "rich_text": null,
        "plain_text": null,
        "boolean": null,
        "date_time": null,
        "reference_product": 153,
        "reference_variant": null,
        "reference_page": null,
        "sort_order": null
    }
},
{
    "model": "attribute.attributevalue",
    "pk": 184,
    "fields": {
        "external_reference": null,
        "name": "Nn mua MacBook Air hay Pro? Loi my no s ph hp vi bn? So snh  a ra la chn ng n",
        "value": "",
        "slug": "153_7",
        "file_url": null,
        "content_type": null,
        "attribute": 57,
        "rich_text": null,
        "plain_text": null,
        "boolean": null,
        "date_time": null,
        "reference_product": null,
        "reference_variant": null,
        "reference_page": 7,
        "sort_order": null
    }
},
{
    "model": "attribute.attributevalue",
    "pk": 185,
    "fields": {
        "external_reference": null,
        "name": "https://res.cloudinary.com/dntus9abj/image/upload/v1732527445/j3tftj8tfixedj1qh3dz.jpg",
        "value": "",
        "slug": "7_58",
        "file_url": null,
        "content_type": null,
        "attribute": 58,
        "rich_text": {
            "time": 1732527469445,
            "blocks": [
                {
                    "id": "CosFWpy-io",
                    "data": {
                        "file": {
                            "ulr": "https://res.cloudinary.com/dntus9abj/image/upload/v1732527445/j3tftj8tfixedj1qh3dz.jpg",
                            "url": "https://res.cloudinary.com/dntus9abj/image/upload/v1732527445/j3tftj8tfixedj1qh3dz.jpg"
                        },
                        "caption": "",
                        "stretched": false,
                        "withBorder": false,
                        "withBackground": false
                    },
                    "type": "image"
                }
            ],
            "version": "2.28.0"
        },
        "plain_text": null,
        "boolean": null,
        "date_time": null,
        "reference_product": null,
        "reference_variant": null,
        "reference_page": null,
        "sort_order": null
    }
},
{
    "model": "attribute.attributevalue",
    "pk": 186,
    "fields": {
        "external_reference": null,
        "name": " Chm sc khch hng",
        "value": "",
        "slug": "153_4",
        "file_url": null,
        "content_type": null,
        "attribute": 57,
        "rich_text": null,
        "plain_text": null,
        "boolean": null,
        "date_time": null,
        "reference_product": null,
        "reference_variant": null,
        "reference_page": 4,
        "sort_order": null
    }
},
{
    "model": "attribute.attributevalue",
    "pk": 187,
    "fields": {
        "external_reference": null,
        "name": "Hng dn mua hng v chnh sch vn chuyn",
        "value": "",
        "slug": "153_5",
        "file_url": null,
        "content_type": null,
        "attribute": 57,
        "rich_text": null,
        "plain_text": null,
        "boolean": null,
        "date_time": null,
        "reference_product": null,
        "reference_variant": null,
        "reference_page": 5,
        "sort_order": null
    }
},
{
    "model": "attribute.attributevalue",
    "pk": 188,
    "fields": {
        "external_reference": null,
        "name": "Chnh sch v hng dn mua hng tr gp",
        "value": "",
        "slug": "153_3",
        "file_url": null,
        "content_type": null,
        "attribute": 57,
        "rich_text": null,
        "plain_text": null,
        "boolean": null,
        "date_time": null,
        "reference_product": null,
        "reference_variant": null,
        "reference_page": 3,
        "sort_order": null
    }
},
{
    "model": "attribute.attributevalue",
    "pk": 189,
    "fields": {
        "external_reference": null,
        "name": "Quy trnh gii quyt tranh chp, khiu ni",
        "value": "",
        "slug": "153_6",
        "file_url": null,
        "content_type": null,
        "attribute": 57,
        "rich_text": null,
        "plain_text": null,
        "boolean": null,
        "date_time": null,
        "reference_product": null,
        "reference_variant": null,
        "reference_page": 6,
        "sort_order": null
    }
},
{
    "model": "attribute.attributevalue",
    "pk": 190,
    "fields": {
        "external_reference": null,
        "name": "https://res.cloudinary.com/dntus9abj/image/upload/v1732598457/pugsqe2waplflofjcwsm.jpg nh&nbsp;in thoi",
        "value": "",
        "slug": "8_58",
        "file_url": null,
        "content_type": null,
        "attribute": 58,
        "rich_text": {
            "time": 1732598470552,
            "blocks": [
                {
                    "id": "I8UyT0LdM7",
                    "data": {
                        "file": {
                            "ulr": "https://res.cloudinary.com/dntus9abj/image/upload/v1732598457/pugsqe2waplflofjcwsm.jpg",
                            "url": "https://res.cloudinary.com/dntus9abj/image/upload/v1732598457/pugsqe2waplflofjcwsm.jpg"
                        },
                        "caption": "nh&nbsp;in thoi",
                        "stretched": false,
                        "withBorder": false,
                        "withBackground": false
                    },
                    "type": "image"
                }
            ],
            "version": "2.28.0"
        },
        "plain_text": null,
        "boolean": null,
        "date_time": null,
        "reference_product": null,
        "reference_variant": null,
        "reference_page": null,
        "sort_order": null
    }
},
{
    "model": "attribute.attributevalue",
    "pk": 191,
    "fields": {
        "external_reference": null,
        "name": "Ti sao in thoi OPPO li bn chy nht hin nay? Bi vit ny s tr li cu hi !",
        "value": "",
        "slug": "153_8",
        "file_url": null,
        "content_type": null,
        "attribute": 57,
        "rich_text": null,
        "plain_text": null,
        "boolean": null,
        "date_time": null,
        "reference_product": null,
        "reference_variant": null,
        "reference_page": 8,
        "sort_order": null
    }
},
{
    "model": "attribute.attributevalue",
    "pk": 192,
    "fields": {
        "external_reference": null,
        "name": "https://res.cloudinary.com/dntus9abj/image/upload/v1732615297/wzibrpurhqzmuoxhdcuw.jpg",
        "value": "",
        "slug": "3_58",
        "file_url": null,
        "content_type": null,
        "attribute": 58,
        "rich_text": {
            "time": 1732615300205,
            "blocks": [
                {
                    "id": "P-m_mdQPkq",
                    "data": {
                        "file": {
                            "ulr": "https://res.cloudinary.com/dntus9abj/image/upload/v1732615297/wzibrpurhqzmuoxhdcuw.jpg",
                            "url": "https://res.cloudinary.com/dntus9abj/image/upload/v1732615297/wzibrpurhqzmuoxhdcuw.jpg"
                        },
                        "caption": "",
                        "stretched": false,
                        "withBorder": false,
                        "withBackground": false
                    },
                    "type": "image"
                }
            ],
            "version": "2.28.0"
        },
        "plain_text": null,
        "boolean": null,
        "date_time": null,
        "reference_product": null,
        "reference_variant": null,
        "reference_page": null,
        "sort_order": null
    }
},
{
    "model": "attribute.attributevalue",
    "pk": 193,
    "fields": {
        "external_reference": null,
        "name": "https://res.cloudinary.com/dntus9abj/image/upload/v1732615317/h3tzcfka4ro6kw8uwodd.jpg",
        "value": "",
        "slug": "4_58",
        "file_url": null,
        "content_type": null,
        "attribute": 58,
        "rich_text": {
            "time": 1732615318459,
            "blocks": [
                {
                    "id": "xPvsvX1GLv",
                    "data": {
                        "file": {
                            "ulr": "https://res.cloudinary.com/dntus9abj/image/upload/v1732615317/h3tzcfka4ro6kw8uwodd.jpg",
                            "url": "https://res.cloudinary.com/dntus9abj/image/upload/v1732615317/h3tzcfka4ro6kw8uwodd.jpg"
                        },
                        "caption": "",
                        "stretched": false,
                        "withBorder": false,
                        "withBackground": false
                    },
                    "type": "image"
                }
            ],
            "version": "2.28.0"
        },
        "plain_text": null,
        "boolean": null,
        "date_time": null,
        "reference_product": null,
        "reference_variant": null,
        "reference_page": null,
        "sort_order": null
    }
},
{
    "model": "attribute.attributevalue",
    "pk": 194,
    "fields": {
        "external_reference": null,
        "name": "https://res.cloudinary.com/dntus9abj/image/upload/v1732615379/llfjluau4mthmzhhpcyg.jpg",
        "value": "",
        "slug": "5_58",
        "file_url": null,
        "content_type": null,
        "attribute": 58,
        "rich_text": {
            "time": 1732615382041,
            "blocks": [
                {
                    "id": "bUyjO0HnsQ",
                    "data": {
                        "file": {
                            "ulr": "https://res.cloudinary.com/dntus9abj/image/upload/v1732615379/llfjluau4mthmzhhpcyg.jpg",
                            "url": "https://res.cloudinary.com/dntus9abj/image/upload/v1732615379/llfjluau4mthmzhhpcyg.jpg"
                        },
                        "caption": "",
                        "stretched": false,
                        "withBorder": false,
                        "withBackground": false
                    },
                    "type": "image"
                }
            ],
            "version": "2.28.0"
        },
        "plain_text": null,
        "boolean": null,
        "date_time": null,
        "reference_product": null,
        "reference_variant": null,
        "reference_page": null,
        "sort_order": null
    }
},
{
    "model": "attribute.attributevalue",
    "pk": 195,
    "fields": {
        "external_reference": null,
        "name": "https://res.cloudinary.com/dntus9abj/image/upload/v1732615430/yfue3kiiuz3kiwqbqloo.png",
        "value": "",
        "slug": "6_58",
        "file_url": null,
        "content_type": null,
        "attribute": 58,
        "rich_text": {
            "time": 1732615431459,
            "blocks": [
                {
                    "id": "bF8OaOcLoX",
                    "data": {
                        "file": {
                            "ulr": "https://res.cloudinary.com/dntus9abj/image/upload/v1732615430/yfue3kiiuz3kiwqbqloo.png",
                            "url": "https://res.cloudinary.com/dntus9abj/image/upload/v1732615430/yfue3kiiuz3kiwqbqloo.png"
                        },
                        "caption": "",
                        "stretched": false,
                        "withBorder": false,
                        "withBackground": false
                    },
                    "type": "image"
                }
            ],
            "version": "2.28.0"
        },
        "plain_text": null,
        "boolean": null,
        "date_time": null,
        "reference_product": null,
        "reference_variant": null,
        "reference_page": null,
        "sort_order": null
    }
},
{
    "model": "attribute.attributevalue",
    "pk": 196,
    "fields": {
        "external_reference": null,
        "name": "https://res.cloudinary.com/dntus9abj/image/upload/v1732616086/a0pk13sshqakunlykfqk.jpg",
        "value": "",
        "slug": "9_58",
        "file_url": null,
        "content_type": null,
        "attribute": 58,
        "rich_text": {
            "time": 1732616095091,
            "blocks": [
                {
                    "id": "XgNsKvY3LZ",
                    "data": {
                        "file": {
                            "ulr": "https://res.cloudinary.com/dntus9abj/image/upload/v1732616086/a0pk13sshqakunlykfqk.jpg",
                            "url": "https://res.cloudinary.com/dntus9abj/image/upload/v1732616086/a0pk13sshqakunlykfqk.jpg"
                        },
                        "caption": "",
                        "stretched": false,
                        "withBorder": false,
                        "withBackground": false
                    },
                    "type": "image"
                }
            ],
            "version": "2.28.0"
        },
        "plain_text": null,
        "boolean": null,
        "date_time": null,
        "reference_product": null,
        "reference_variant": null,
        "reference_page": null,
        "sort_order": null
    }
},
{
    "model": "attribute.attributevalue",
    "pk": 197,
    "fields": {
        "external_reference": null,
        "name": "Nhng li ch ca in thoi thng minh trong cuc sng bn khng nn b qua",
        "value": "",
        "slug": "153_9",
        "file_url": null,
        "content_type": null,
        "attribute": 57,
        "rich_text": null,
        "plain_text": null,
        "boolean": null,
        "date_time": null,
        "reference_product": null,
        "reference_variant": null,
        "reference_page": 9,
        "sort_order": null
    }
},
{
    "model": "attribute.attributevalue",
    "pk": 198,
    "fields": {
        "external_reference": null,
        "name": "",
        "value": "",
        "slug": "147_47",
        "file_url": null,
        "content_type": null,
        "attribute": 47,
        "rich_text": {
            "time": 1732868168223,
            "blocks": [],
            "version": "2.28.0"
        },
        "plain_text": null,
        "boolean": null,
        "date_time": null,
        "reference_product": null,
        "reference_variant": null,
        "reference_page": null,
        "sort_order": null
    }
},
{
    "model": "attribute.assignedpageattributevalue",
    "pk": 1,
    "fields": {
        "sort_order": 0,
        "value": 185,
        "page": 7
    }
},
{
    "model": "attribute.assignedpageattributevalue",
    "pk": 2,
    "fields": {
        "sort_order": 0,
        "value": 190,
        "page": 8
    }
},
{
    "model": "attribute.assignedpageattributevalue",
    "pk": 3,
    "fields": {
        "sort_order": 0,
        "value": 192,
        "page": 3
    }
},
{
    "model": "attribute.assignedpageattributevalue",
    "pk": 4,
    "fields": {
        "sort_order": 0,
        "value": 193,
        "page": 4
    }
},
{
    "model": "attribute.assignedpageattributevalue",
    "pk": 5,
    "fields": {
        "sort_order": 0,
        "value": 194,
        "page": 5
    }
},
{
    "model": "attribute.assignedpageattributevalue",
    "pk": 6,
    "fields": {
        "sort_order": 0,
        "value": 195,
        "page": 6
    }
},
{
    "model": "attribute.assignedpageattributevalue",
    "pk": 7,
    "fields": {
        "sort_order": 0,
        "value": 196,
        "page": 9
    }
},
{
    "model": "attribute.attributepage",
    "pk": 1,
    "fields": {
        "sort_order": null,
        "attribute": 58,
        "page_type": 4
    }
},
{
    "model": "attribute.attributepage",
    "pk": 2,
    "fields": {
        "sort_order": null,
        "attribute": 58,
        "page_type": 5
    }
},
{
    "model": "attribute.assignedproductattributevalue",
    "pk": 1,
    "fields": {
        "sort_order": 0,
        "value": 142,
        "product": 138
    }
},
{
    "model": "attribute.assignedproductattributevalue",
    "pk": 3,
    "fields": {
        "sort_order": 0,
        "value": 144,
        "product": 140
    }
},
{
    "model": "attribute.assignedproductattributevalue",
    "pk": 4,
    "fields": {
        "sort_order": 0,
        "value": 145,
        "product": 141
    }
},
{
    "model": "attribute.assignedproductattributevalue",
    "pk": 5,
    "fields": {
        "sort_order": 0,
        "value": 146,
        "product": 142
    }
},
{
    "model": "attribute.assignedproductattributevalue",
    "pk": 6,
    "fields": {
        "sort_order": 0,
        "value": 150,
        "product": 149
    }
},
{
    "model": "attribute.assignedproductattributevalue",
    "pk": 7,
    "fields": {
        "sort_order": 0,
        "value": 148,
        "product": 149
    }
},
{
    "model": "attribute.assignedproductattributevalue",
    "pk": 9,
    "fields": {
        "sort_order": 0,
        "value": 163,
        "product": 135
    }
},
{
    "model": "attribute.assignedproductattributevalue",
    "pk": 10,
    "fields": {
        "sort_order": 1,
        "value": 166,
        "product": 135
    }
},
{
    "model": "attribute.assignedproductattributevalue",
    "pk": 11,
    "fields": {
        "sort_order": 0,
        "value": 167,
        "product": 135
    }
},
{
    "model": "attribute.assignedproductattributevalue",
    "pk": 12,
    "fields": {
        "sort_order": 3,
        "value": 168,
        "product": 135
    }
},
{
    "model": "attribute.assignedproductattributevalue",
    "pk": 13,
    "fields": {
        "sort_order": 4,
        "value": 169,
        "product": 135
    }
},
{
    "model": "attribute.assignedproductattributevalue",
    "pk": 14,
    "fields": {
        "sort_order": 2,
        "value": 170,
        "product": 135
    }
},
{
    "model": "attribute.assignedproductattributevalue",
    "pk": 17,
    "fields": {
        "sort_order": 5,
        "value": 173,
        "product": 135
    }
},
{
    "model": "attribute.assignedproductattributevalue",
    "pk": 18,
    "fields": {
        "sort_order": 0,
        "value": 174,
        "product": 153
    }
},
{
    "model": "attribute.assignedproductattributevalue",
    "pk": 19,
    "fields": {
        "sort_order": 0,
        "value": 175,
        "product": 153
    }
},
{
    "model": "attribute.assignedproductattributevalue",
    "pk": 20,
    "fields": {
        "sort_order": 1,
        "value": 176,
        "product": 153
    }
},
{
    "model": "attribute.assignedproductattributevalue",
    "pk": 21,
    "fields": {
        "sort_order": 2,
        "value": 177,
        "product": 153
    }
},
{
    "model": "attribute.assignedproductattributevalue",
    "pk": 26,
    "fields": {
        "sort_order": 3,
        "value": 178,
        "product": 153
    }
},
{
    "model": "attribute.assignedproductattributevalue",
    "pk": 27,
    "fields": {
        "sort_order": 4,
        "value": 182,
        "product": 153
    }
},
{
    "model": "attribute.assignedproductattributevalue",
    "pk": 28,
    "fields": {
        "sort_order": 5,
        "value": 183,
        "product": 153
    }
},
{
    "model": "attribute.assignedproductattributevalue",
    "pk": 29,
    "fields": {
        "sort_order": 0,
        "value": 184,
        "product": 153
    }
},
{
    "model": "attribute.assignedproductattributevalue",
    "pk": 30,
    "fields": {
        "sort_order": 1,
        "value": 186,
        "product": 153
    }
},
{
    "model": "attribute.assignedproductattributevalue",
    "pk": 31,
    "fields": {
        "sort_order": 2,
        "value": 187,
        "product": 153
    }
},
{
    "model": "attribute.assignedproductattributevalue",
    "pk": 32,
    "fields": {
        "sort_order": 3,
        "value": 188,
        "product": 153
    }
},
{
    "model": "attribute.assignedproductattributevalue",
    "pk": 33,
    "fields": {
        "sort_order": 4,
        "value": 189,
        "product": 153
    }
},
{
    "model": "attribute.assignedproductattributevalue",
    "pk": 34,
    "fields": {
        "sort_order": 5,
        "value": 191,
        "product": 153
    }
},
{
    "model": "attribute.assignedproductattributevalue",
    "pk": 35,
    "fields": {
        "sort_order": 6,
        "value": 197,
        "product": 153
    }
},
{
    "model": "attribute.assignedproductattributevalue",
    "pk": 36,
    "fields": {
        "sort_order": 0,
        "value": 198,
        "product": 147
    }
},
{
    "model": "attribute.attributeproduct",
    "pk": 1,
    "fields": {
        "sort_order": 0,
        "attribute": 45,
        "product_type": 25
    }
},
{
    "model": "attribute.attributeproduct",
    "pk": 2,
    "fields": {
        "sort_order": 1,
        "attribute": 47,
        "product_type": 26
    }
},
{
    "model": "attribute.attributeproduct",
    "pk": 4,
    "fields": {
        "sort_order": 0,
        "attribute": 47,
        "product_type": 18
    }
},
{
    "model": "attribute.attributeproduct",
    "pk": 6,
    "fields": {
        "sort_order": 0,
        "attribute": 47,
        "product_type": 27
    }
},
{
    "model": "attribute.attributeproduct",
    "pk": 8,
    "fields": {
        "sort_order": 0,
        "attribute": 47,
        "product_type": 20
    }
},
{
    "model": "attribute.attributeproduct",
    "pk": 9,
    "fields": {
        "sort_order": 1,
        "attribute": 48,
        "product_type": 20
    }
},
{
    "model": "attribute.attributeproduct",
    "pk": 10,
    "fields": {
        "sort_order": 2,
        "attribute": 57,
        "product_type": 20
    }
},
{
    "model": "attribute.assignedvariantattributevalue",
    "pk": 5,
    "fields": {
        "sort_order": 0,
        "value": 156,
        "assignment": 5
    }
},
{
    "model": "attribute.assignedvariantattributevalue",
    "pk": 11,
    "fields": {
        "sort_order": 0,
        "value": 156,
        "assignment": 10
    }
},
{
    "model": "attribute.assignedvariantattributevalue",
    "pk": 13,
    "fields": {
        "sort_order": 0,
        "value": 157,
        "assignment": 11
    }
},
{
    "model": "attribute.assignedvariantattributevalue",
    "pk": 19,
    "fields": {
        "sort_order": 0,
        "value": 160,
        "assignment": 13
    }
},
{
    "model": "attribute.assignedvariantattributevalue",
    "pk": 21,
    "fields": {
        "sort_order": 0,
        "value": 161,
        "assignment": 14
    }
},
{
    "model": "attribute.assignedvariantattributevalue",
    "pk": 28,
    "fields": {
        "sort_order": 0,
        "value": 156,
        "assignment": 9
    }
},
{
    "model": "attribute.assignedvariantattributevalue",
    "pk": 30,
    "fields": {
        "sort_order": 0,
        "value": 156,
        "assignment": 7
    }
},
{
    "model": "attribute.assignedvariantattributevalue",
    "pk": 36,
    "fields": {
        "sort_order": 0,
        "value": 147,
        "assignment": 15
    }
},
{
    "model": "attribute.assignedvariantattributevalue",
    "pk": 37,
    "fields": {
        "sort_order": 0,
        "value": 148,
        "assignment": 16
    }
},
{
    "model": "attribute.assignedvariantattributevalue",
    "pk": 38,
    "fields": {
        "sort_order": 0,
        "value": 149,
        "assignment": 17
    }
},
{
    "model": "attribute.assignedvariantattributevalue",
    "pk": 42,
    "fields": {
        "sort_order": 0,
        "value": 164,
        "assignment": 18
    }
},
{
    "model": "attribute.assignedvariantattributevalue",
    "pk": 44,
    "fields": {
        "sort_order": 0,
        "value": 165,
        "assignment": 19
    }
},
{
    "model": "attribute.assignedvariantattributevalue",
    "pk": 51,
    "fields": {
        "sort_order": 0,
        "value": 164,
        "assignment": 22
    }
},
{
    "model": "attribute.assignedvariantattributevalue",
    "pk": 52,
    "fields": {
        "sort_order": 0,
        "value": 158,
        "assignment": 20
    }
},
{
    "model": "attribute.assignedvariantattributevalue",
    "pk": 53,
    "fields": {
        "sort_order": 0,
        "value": 159,
        "assignment": 21
    }
},
{
    "model": "attribute.assignedvariantattributevalue",
    "pk": 56,
    "fields": {
        "sort_order": 0,
        "value": 161,
        "assignment": 23
    }
},
{
    "model": "attribute.assignedvariantattributevalue",
    "pk": 58,
    "fields": {
        "sort_order": 0,
        "value": 165,
        "assignment": 26
    }
},
{
    "model": "attribute.assignedvariantattributevalue",
    "pk": 59,
    "fields": {
        "sort_order": 0,
        "value": 156,
        "assignment": 24
    }
},
{
    "model": "attribute.assignedvariantattributevalue",
    "pk": 60,
    "fields": {
        "sort_order": 0,
        "value": 161,
        "assignment": 25
    }
},
{
    "model": "attribute.assignedvariantattributevalue",
    "pk": 61,
    "fields": {
        "sort_order": 0,
        "value": 165,
        "assignment": 29
    }
},
{
    "model": "attribute.assignedvariantattributevalue",
    "pk": 62,
    "fields": {
        "sort_order": 0,
        "value": 156,
        "assignment": 27
    }
},
{
    "model": "attribute.assignedvariantattributevalue",
    "pk": 63,
    "fields": {
        "sort_order": 0,
        "value": 160,
        "assignment": 28
    }
},
{
    "model": "attribute.assignedvariantattribute",
    "pk": 5,
    "fields": {
        "variant": 353,
        "assignment": 5
    }
},
{
    "model": "attribute.assignedvariantattribute",
    "pk": 7,
    "fields": {
        "variant": 354,
        "assignment": 5
    }
},
{
    "model": "attribute.assignedvariantattribute",
    "pk": 9,
    "fields": {
        "variant": 355,
        "assignment": 5
    }
},
{
    "model": "attribute.assignedvariantattribute",
    "pk": 10,
    "fields": {
        "variant": 359,
        "assignment": 4
    }
},
{
    "model": "attribute.assignedvariantattribute",
    "pk": 11,
    "fields": {
        "variant": 380,
        "assignment": 4
    }
},
{
    "model": "attribute.assignedvariantattribute",
    "pk": 13,
    "fields": {
        "variant": 354,
        "assignment": 6
    }
},
{
    "model": "attribute.assignedvariantattribute",
    "pk": 14,
    "fields": {
        "variant": 355,
        "assignment": 6
    }
},
{
    "model": "attribute.assignedvariantattribute",
    "pk": 15,
    "fields": {
        "variant": 370,
        "assignment": 7
    }
},
{
    "model": "attribute.assignedvariantattribute",
    "pk": 16,
    "fields": {
        "variant": 371,
        "assignment": 7
    }
},
{
    "model": "attribute.assignedvariantattribute",
    "pk": 17,
    "fields": {
        "variant": 381,
        "assignment": 7
    }
},
{
    "model": "attribute.assignedvariantattribute",
    "pk": 18,
    "fields": {
        "variant": 353,
        "assignment": 8
    }
},
{
    "model": "attribute.assignedvariantattribute",
    "pk": 19,
    "fields": {
        "variant": 354,
        "assignment": 8
    }
},
{
    "model": "attribute.assignedvariantattribute",
    "pk": 20,
    "fields": {
        "variant": 382,
        "assignment": 5
    }
},
{
    "model": "attribute.assignedvariantattribute",
    "pk": 21,
    "fields": {
        "variant": 382,
        "assignment": 6
    }
},
{
    "model": "attribute.assignedvariantattribute",
    "pk": 22,
    "fields": {
        "variant": 382,
        "assignment": 8
    }
},
{
    "model": "attribute.assignedvariantattribute",
    "pk": 23,
    "fields": {
        "variant": 353,
        "assignment": 6
    }
},
{
    "model": "attribute.assignedvariantattribute",
    "pk": 24,
    "fields": {
        "variant": 383,
        "assignment": 5
    }
},
{
    "model": "attribute.assignedvariantattribute",
    "pk": 25,
    "fields": {
        "variant": 383,
        "assignment": 6
    }
},
{
    "model": "attribute.assignedvariantattribute",
    "pk": 26,
    "fields": {
        "variant": 383,
        "assignment": 8
    }
},
{
    "model": "attribute.assignedvariantattribute",
    "pk": 27,
    "fields": {
        "variant": 384,
        "assignment": 5
    }
},
{
    "model": "attribute.assignedvariantattribute",
    "pk": 28,
    "fields": {
        "variant": 384,
        "assignment": 6
    }
},
{
    "model": "attribute.assignedvariantattribute",
    "pk": 29,
    "fields": {
        "variant": 384,
        "assignment": 8
    }
},
{
    "model": "attribute.attributevariant",
    "pk": 4,
    "fields": {
        "sort_order": 1,
        "attribute": 51,
        "product_type": 18,
        "variant_selection": false
    }
},
{
    "model": "attribute.attributevariant",
    "pk": 5,
    "fields": {
        "sort_order": 1,
        "attribute": 51,
        "product_type": 20,
        "variant_selection": false
    }
},
{
    "model": "attribute.attributevariant",
    "pk": 6,
    "fields": {
        "sort_order": 2,
        "attribute": 52,
        "product_type": 20,
        "variant_selection": false
    }
},
{
    "model": "attribute.attributevariant",
    "pk": 7,
    "fields": {
        "sort_order": 0,
        "attribute": 46,
        "product_type": 26,
        "variant_selection": false
    }
},
{
    "model": "attribute.attributevariant",
    "pk": 8,
    "fields": {
        "sort_order": 3,
        "attribute": 53,
        "product_type": 20,
        "variant_selection": false
    }
},
{
    "model": "channel.channel",
    "pk": 1,
    "fields": {
        "private_metadata": {},
        "metadata": {},
        "name": "Default Channel",
        "is_active": true,
        "slug": "default-channel-old",
        "currency_code": "USD",
        "default_country": "VN",
        "allocation_strategy": "prioritize-high-stock",
        "order_mark_as_paid_strategy": "transaction_flow",
        "default_transaction_flow_strategy": "authorization",
        "automatically_confirm_all_new_orders": true,
        "allow_unpaid_orders": true,
        "automatically_fulfill_non_shippable_gift_card": true,
        "expire_orders_after": null,
        "delete_expired_orders_after": "60 00:00:00",
        "include_draft_order_in_voucher_usage": false,
        "use_legacy_error_flow_for_checkout": true,
        "automatically_complete_fully_paid_checkouts": false
    }
},
{
    "model": "channel.channel",
    "pk": 3,
    "fields": {
        "private_metadata": {},
        "metadata": {},
        "name": "Bn hng",
        "is_active": true,
        "slug": "hcm",
        "currency_code": "VND",
        "default_country": "VN",
        "allocation_strategy": "prioritize-sorting-order",
        "order_mark_as_paid_strategy": "transaction_flow",
        "default_transaction_flow_strategy": "authorization",
        "automatically_confirm_all_new_orders": true,
        "allow_unpaid_orders": true,
        "automatically_fulfill_non_shippable_gift_card": true,
        "expire_orders_after": null,
        "delete_expired_orders_after": "60 00:00:00",
        "include_draft_order_in_voucher_usage": false,
        "use_legacy_error_flow_for_checkout": true,
        "automatically_complete_fully_paid_checkouts": true
    }
},
{
    "model": "checkout.checkout",
    "pk": "0ece491c-50ce-4c05-ae2b-77e06a645f56",
    "fields": {
        "created_at": "2024-12-04T05:22:53.992Z",
        "last_change": "2024-12-04T05:23:06.632Z",
        "completing_started_at": null,
        "last_transaction_modified_at": "2024-12-04T05:23:04.123Z",
        "automatically_refundable": false,
        "user": null,
        "email": null,
        "channel": 3,
        "billing_address": null,
        "shipping_address": 479,
        "shipping_method": 40,
        "collection_point": null,
        "note": "",
        "currency": "VND",
        "country": "VN",
        "total_net_amount": "14195000.000",
        "total_gross_amount": "14195000.000",
        "base_total_amount": "14195000.000",
        "subtotal_net_amount": "14195000.000",
        "subtotal_gross_amount": "14195000.000",
        "base_subtotal_amount": "14195000.000",
        "shipping_price_net_amount": "0.000",
        "shipping_price_gross_amount": "0.000",
        "shipping_tax_rate": "0.0000",
        "authorize_status": "none",
        "charge_status": "none",
        "price_expiration": "2024-12-04T06:23:06.632Z",
        "discount_amount": "0.000",
        "discount_name": null,
        "translated_discount_name": null,
        "voucher_code": null,
        "is_voucher_usage_increased": false,
        "redirect_url": null,
        "tracking_code": null,
        "language_code": "en",
        "tax_exemption": false,
        "tax_error": null,
        "gift_cards": []
    }
},
{
    "model": "checkout.checkout",
    "pk": "260bc635-12e2-4092-943c-57bc5d2ae5d4",
    "fields": {
        "created_at": "2024-12-03T14:42:21.055Z",
        "last_change": "2024-12-03T15:54:38.353Z",
        "completing_started_at": null,
        "last_transaction_modified_at": "2024-12-03T15:54:35.160Z",
        "automatically_refundable": false,
        "user": null,
        "email": null,
        "channel": 3,
        "billing_address": null,
        "shipping_address": 478,
        "shipping_method": 40,
        "collection_point": null,
        "note": "",
        "currency": "VND",
        "country": "VN",
        "total_net_amount": "12500000.000",
        "total_gross_amount": "12500000.000",
        "base_total_amount": "12500000.000",
        "subtotal_net_amount": "12500000.000",
        "subtotal_gross_amount": "12500000.000",
        "base_subtotal_amount": "12500000.000",
        "shipping_price_net_amount": "0.000",
        "shipping_price_gross_amount": "0.000",
        "shipping_tax_rate": "0.0000",
        "authorize_status": "none",
        "charge_status": "none",
        "price_expiration": "2024-12-03T16:54:38.353Z",
        "discount_amount": "0.000",
        "discount_name": null,
        "translated_discount_name": null,
        "voucher_code": null,
        "is_voucher_usage_increased": false,
        "redirect_url": null,
        "tracking_code": null,
        "language_code": "en",
        "tax_exemption": false,
        "tax_error": null,
        "gift_cards": []
    }
},
{
    "model": "checkout.checkoutline",
    "pk": "1ad1b0ca-766b-493e-8883-91eb074d7e8a",
    "fields": {
        "private_metadata": {},
        "metadata": {},
        "old_id": null,
        "created_at": "2024-12-03T14:42:21.794Z",
        "checkout": "260bc635-12e2-4092-943c-57bc5d2ae5d4",
        "variant": 358,
        "quantity": 1,
        "is_gift": false,
        "price_override": null,
        "currency": "VND",
        "undiscounted_unit_price_amount": "500000.000",
        "total_price_net_amount": "500000.000",
        "total_price_gross_amount": "500000.000",
        "tax_rate": "0.0000"
    }
},
{
    "model": "checkout.checkoutline",
    "pk": "39232e13-a229-4d61-80d9-7f86398013bf",
    "fields": {
        "private_metadata": {},
        "metadata": {},
        "old_id": null,
        "created_at": "2024-12-03T15:54:25.447Z",
        "checkout": "260bc635-12e2-4092-943c-57bc5d2ae5d4",
        "variant": 362,
        "quantity": 1,
        "is_gift": false,
        "price_override": null,
        "currency": "VND",
        "undiscounted_unit_price_amount": "12000000.000",
        "total_price_net_amount": "12000000.000",
        "total_price_gross_amount": "12000000.000",
        "tax_rate": "0.0000"
    }
},
{
    "model": "checkout.checkoutline",
    "pk": "f7151636-b15b-4393-894e-5ada1ce0ce8d",
    "fields": {
        "private_metadata": {},
        "metadata": {},
        "old_id": null,
        "created_at": "2024-12-04T05:22:54.774Z",
        "checkout": "0ece491c-50ce-4c05-ae2b-77e06a645f56",
        "variant": 365,
        "quantity": 1,
        "is_gift": false,
        "price_override": null,
        "currency": "VND",
        "undiscounted_unit_price_amount": "28390000.000",
        "total_price_net_amount": "14195000.000",
        "total_price_gross_amount": "14195000.000",
        "tax_rate": "0.0000"
    }
},
{
    "model": "checkout.checkoutmetadata",
    "pk": 104,
    "fields": {
        "private_metadata": {},
        "metadata": {},
        "checkout": "260bc635-12e2-4092-943c-57bc5d2ae5d4"
    }
},
{
    "model": "checkout.checkoutmetadata",
    "pk": 105,
    "fields": {
        "private_metadata": {},
        "metadata": {},
        "checkout": "0ece491c-50ce-4c05-ae2b-77e06a645f56"
    }
},
{
    "model": "menu.menu",
    "pk": 1,
    "fields": {
        "private_metadata": {},
        "metadata": {},
        "name": "navbar",
        "slug": "navbar"
    }
},
{
    "model": "menu.menu",
    "pk": 2,
    "fields": {
        "private_metadata": {},
        "metadata": {},
        "name": "footer",
        "slug": "footer"
    }
},
{
    "model": "menu.menuitem",
    "pk": 6,
    "fields": {
        "sort_order": 1,
        "private_metadata": {},
        "metadata": {},
        "menu": 1,
        "name": "Giy n",
        "parent": null,
        "url": null,
        "category": 45,
        "collection": null,
        "page": null,
        "lft": 1,
        "rght": 2,
        "tree_id": 3,
        "level": 0
    }
},
{
    "model": "menu.menuitem",
    "pk": 7,
    "fields": {
        "sort_order": 2,
        "private_metadata": {},
        "metadata": {},
        "menu": 1,
        "name": "Giy nam",
        "parent": null,
        "url": null,
        "category": 27,
        "collection": null,
        "page": null,
        "lft": 1,
        "rght": 4,
        "tree_id": 4,
        "level": 0
    }
},
{
    "model": "menu.menuitem",
    "pk": 8,
    "fields": {
        "sort_order": null,
        "private_metadata": {},
        "metadata": {},
        "menu": 1,
        "name": "Giy th thao nng ng",
        "parent": 7,
        "url": null,
        "category": 38,
        "collection": null,
        "page": null,
        "lft": 2,
        "rght": 3,
        "tree_id": 4,
        "level": 1
    }
},
{
    "model": "menu.menuitem",
    "pk": 9,
    "fields": {
        "sort_order": 3,
        "private_metadata": {},
        "metadata": {},
        "menu": 1,
        "name": "Laptop",
        "parent": null,
        "url": null,
        "category": 46,
        "collection": null,
        "page": null,
        "lft": 1,
        "rght": 4,
        "tree_id": 5,
        "level": 0
    }
},
{
    "model": "menu.menuitem",
    "pk": 10,
    "fields": {
        "sort_order": null,
        "private_metadata": {},
        "metadata": {},
        "menu": 1,
        "name": "HP",
        "parent": 9,
        "url": null,
        "category": 47,
        "collection": null,
        "page": null,
        "lft": 2,
        "rght": 3,
        "tree_id": 5,
        "level": 1
    }
},
{
    "model": "menu.menuitem",
    "pk": 11,
    "fields": {
        "sort_order": 0,
        "private_metadata": {},
        "metadata": {},
        "menu": 1,
        "name": "in thoi",
        "parent": null,
        "url": null,
        "category": 48,
        "collection": null,
        "page": null,
        "lft": 1,
        "rght": 4,
        "tree_id": 6,
        "level": 0
    }
},
{
    "model": "menu.menuitem",
    "pk": 12,
    "fields": {
        "sort_order": null,
        "private_metadata": {},
        "metadata": {},
        "menu": 1,
        "name": "Iphone",
        "parent": 11,
        "url": null,
        "category": 49,
        "collection": null,
        "page": null,
        "lft": 2,
        "rght": 3,
        "tree_id": 6,
        "level": 1
    }
},
{
    "model": "menu.menuitem",
    "pk": 13,
    "fields": {
        "sort_order": 4,
        "private_metadata": {},
        "metadata": {},
        "menu": 1,
        "name": "Sale chn ng b h",
        "parent": null,
        "url": null,
        "category": null,
        "collection": 3,
        "page": null,
        "lft": 1,
        "rght": 2,
        "tree_id": 7,
        "level": 0
    }
},
{
    "model": "menu.menuitem",
    "pk": 14,
    "fields": {
        "sort_order": 1,
        "private_metadata": {},
        "metadata": {},
        "menu": 2,
        "name": "Chnh sch v hng dn mua hng tr gp",
        "parent": 18,
        "url": null,
        "category": null,
        "collection": null,
        "page": 3,
        "lft": 2,
        "rght": 3,
        "tree_id": 9,
        "level": 1
    }
},
{
    "model": "menu.menuitem",
    "pk": 15,
    "fields": {
        "sort_order": 2,
        "private_metadata": {},
        "metadata": {},
        "menu": 2,
        "name": " Chm sc khch hng",
        "parent": 18,
        "url": null,
        "category": null,
        "collection": null,
        "page": 4,
        "lft": 8,
        "rght": 9,
        "tree_id": 9,
        "level": 1
    }
},
{
    "model": "menu.menuitem",
    "pk": 16,
    "fields": {
        "sort_order": 3,
        "private_metadata": {},
        "metadata": {},
        "menu": 2,
        "name": "Hng dn mua hng v chnh sch vn chuyn",
        "parent": 18,
        "url": null,
        "category": null,
        "collection": null,
        "page": 5,
        "lft": 6,
        "rght": 7,
        "tree_id": 9,
        "level": 1
    }
},
{
    "model": "menu.menuitem",
    "pk": 17,
    "fields": {
        "sort_order": 4,
        "private_metadata": {},
        "metadata": {},
        "menu": 2,
        "name": "Quy trnh gii quyt tranh chp, khiu ni",
        "parent": 18,
        "url": null,
        "category": null,
        "collection": null,
        "page": 6,
        "lft": 4,
        "rght": 5,
        "tree_id": 9,
        "level": 1
    }
},
{
    "model": "menu.menuitem",
    "pk": 18,
    "fields": {
        "sort_order": 3,
        "private_metadata": {},
        "metadata": {},
        "menu": 2,
        "name": "H tr - dch v",
        "parent": null,
        "url": "https://url.com",
        "category": null,
        "collection": null,
        "page": null,
        "lft": 1,
        "rght": 10,
        "tree_id": 9,
        "level": 0
    }
},
{
    "model": "menu.menuitem",
    "pk": 19,
    "fields": {
        "sort_order": null,
        "private_metadata": {},
        "metadata": {},
        "menu": 2,
        "name": "Khuyn mi hp dn",
        "parent": 20,
        "url": null,
        "category": null,
        "collection": 1,
        "page": null,
        "lft": 2,
        "rght": 3,
        "tree_id": 11,
        "level": 1
    }
},
{
    "model": "menu.menuitem",
    "pk": 20,
    "fields": {
        "sort_order": 5,
        "private_metadata": {},
        "metadata": {},
        "menu": 2,
        "name": "Gim gi",
        "parent": null,
        "url": "https://testing.com",
        "category": null,
        "collection": null,
        "page": null,
        "lft": 1,
        "rght": 4,
        "tree_id": 11,
        "level": 0
    }
},
{
    "model": "order.order",
    "pk": "314edc47-2d40-4cc0-8824-00f9839f878d",
    "fields": {
        "private_metadata": {},
        "metadata": {},
        "external_reference": null,
        "number": 7,
        "use_old_id": false,
        "created_at": "2024-11-29T06:16:16.345Z",
        "updated_at": "2024-11-29T06:16:24.781Z",
        "expired_at": null,
        "status": "draft",
        "authorize_status": "none",
        "charge_status": "none",
        "user": null,
        "language_code": "en",
        "tracking_client_id": "",
        "billing_address": null,
        "shipping_address": null,
        "user_email": "",
        "original": null,
        "origin": "draft",
        "currency": "VND",
        "shipping_method": null,
        "collection_point": null,
        "shipping_method_name": null,
        "collection_point_name": null,
        "channel": 3,
        "shipping_price_net_amount": "0.000",
        "shipping_price_gross_amount": "0.000",
        "base_shipping_price_amount": "0.000",
        "undiscounted_base_shipping_price_amount": "0.000",
        "shipping_tax_rate": "0.0000",
        "shipping_tax_class": null,
        "shipping_tax_class_name": null,
        "shipping_tax_class_private_metadata": {},
        "shipping_tax_class_metadata": {},
        "checkout_token": "",
        "total_net_amount": "5000000.000",
        "undiscounted_total_net_amount": "10000000.000",
        "total_gross_amount": "5000000.000",
        "undiscounted_total_gross_amount": "10000000.000",
        "total_charged_amount": "0.000",
        "total_authorized_amount": "0.000",
        "subtotal_net_amount": "5000000.000",
        "subtotal_gross_amount": "5000000.000",
        "voucher": null,
        "voucher_code": null,
        "display_gross_prices": true,
        "customer_note": "",
        "weight": "1000.0:g",
        "redirect_url": null,
        "search_document": "",
        "search_vector": "'11':5C '512tb':6C '7':1A 'iphone':4C 'thoi':3C 'in':2C",
        "should_refresh_prices": false,
        "tax_exemption": false,
        "tax_error": null,
        "gift_cards": []
    }
},
{
    "model": "order.order",
    "pk": "93ae6386-007e-41a5-8a44-9c2ed5ae69de",
    "fields": {
        "private_metadata": {},
        "metadata": {},
        "external_reference": null,
        "number": 12,
        "use_old_id": false,
        "created_at": "2024-12-01T03:41:19.264Z",
        "updated_at": "2024-12-01T03:41:19.913Z",
        "expired_at": null,
        "status": "unfulfilled",
        "authorize_status": "none",
        "charge_status": "none",
        "user": 1,
        "language_code": "en",
        "tracking_client_id": "",
        "billing_address": 476,
        "shipping_address": 475,
        "user_email": "tranphuongk9@gmail.com",
        "original": null,
        "origin": "checkout",
        "currency": "VND",
        "shipping_method": 40,
        "collection_point": null,
        "shipping_method_name": "Min ph giao hng",
        "collection_point_name": null,
        "channel": 3,
        "shipping_price_net_amount": "0.000",
        "shipping_price_gross_amount": "0.000",
        "base_shipping_price_amount": "0.000",
        "undiscounted_base_shipping_price_amount": "0.000",
        "shipping_tax_rate": "0.0000",
        "shipping_tax_class": null,
        "shipping_tax_class_name": null,
        "shipping_tax_class_private_metadata": {},
        "shipping_tax_class_metadata": {},
        "checkout_token": "97693bbe-25a0-46d9-9221-8e9bd5cdc320",
        "total_net_amount": "269700.000",
        "undiscounted_total_net_amount": "899000.000",
        "total_gross_amount": "269700.000",
        "undiscounted_total_gross_amount": "899000.000",
        "total_charged_amount": "0.000",
        "total_authorized_amount": "0.000",
        "subtotal_net_amount": "269700.000",
        "subtotal_gross_amount": "269700.000",
        "voucher": null,
        "voucher_code": null,
        "display_gross_prices": true,
        "customer_note": "",
        "weight": "1000.0:g",
        "redirect_url": null,
        "search_document": "",
        "search_vector": "'+84335990819':21B '-43517e063226':40,46 '12':1A '2825d198f40a':52 '3b3ddc08':48 '3b3ddc08-793b-4d33-850a-2825d198f40a':47 '40000840':22C '4b18':38,44 '4d33':50 '628c':37,43 '793b':49 '80/25':8B '850a':51 '8958':39,45 'chn':27C 'ch':16B 'dng':9B 'f241c380':36,42 'f241c380-628c-4b18':35,41 'giy':23C 'huyn':18B 'hm':11B 'hc':19B 'h':15B 'li':33C 'minh':17B 'mn':20B 'nh':29C 'phuong':7B 'qung':10B 's':31C 's-xanh-li':30C 'siu':28C 'thao':25C 'th':24C 'tp':14B 'tran':6B 'tranphuongk9@gmail.com':2A,3A 'vhjhbnnhy3rpb25jdgvtomyyzdi2ymmzltk3zjmtngu0ni05mwywlwjmmgy2odrmyzc0mw':34 'vietnam':4B,12B 'vn':5B,13B 'xanh':32C 'm':26C",
        "should_refresh_prices": false,
        "tax_exemption": false,
        "tax_error": null,
        "gift_cards": []
    }
},
{
    "model": "order.order",
    "pk": "a1c006ab-890e-4474-83da-124efd1336a3",
    "fields": {
        "private_metadata": {},
        "metadata": {},
        "external_reference": null,
        "number": 10,
        "use_old_id": false,
        "created_at": "2024-11-29T08:34:00.289Z",
        "updated_at": "2024-11-29T08:52:23.103Z",
        "expired_at": null,
        "status": "fulfilled",
        "authorize_status": "partial",
        "charge_status": "partial",
        "user": 7,
        "language_code": "en",
        "tracking_client_id": "",
        "billing_address": 472,
        "shipping_address": 470,
        "user_email": "changkhochungtinh19932013@gmail.com",
        "original": null,
        "origin": "draft",
        "currency": "VND",
        "shipping_method": 41,
        "collection_point": null,
        "shipping_method_name": "Giao hng bi Grap Bike(HCM)",
        "collection_point_name": null,
        "channel": 3,
        "shipping_price_net_amount": "40000.000",
        "shipping_price_gross_amount": "40000.000",
        "base_shipping_price_amount": "40000.000",
        "undiscounted_base_shipping_price_amount": "40000.000",
        "shipping_tax_rate": "0.0000",
        "shipping_tax_class": null,
        "shipping_tax_class_name": null,
        "shipping_tax_class_private_metadata": {},
        "shipping_tax_class_metadata": {},
        "checkout_token": "",
        "total_net_amount": "1740000.000",
        "undiscounted_total_net_amount": "4540000.000",
        "total_gross_amount": "1740000.000",
        "undiscounted_total_gross_amount": "4540000.000",
        "total_charged_amount": "1000000.000",
        "total_authorized_amount": "0.000",
        "subtotal_net_amount": "1700000.000",
        "subtotal_gross_amount": "1700000.000",
        "voucher": null,
        "voucher_code": null,
        "display_gross_prices": true,
        "customer_note": "",
        "weight": "1500.0:g",
        "redirect_url": null,
        "search_document": "",
        "search_vector": "'+84335990819':16B,26B '-5':45C '10':1A '128223582':27C '200':38C '361':42C 'an':12B,23B 'bn':33C 'changkhochungtinh19932013@gmail.com':2A,3A 'dfgfdg':22B 'dtd':14B 'fdgdf':17B 'gdfg':18B 'giang':13B,24B 'giy':39C 'giy':28C 'luyn':41C 'nam':29C 'n':43C 'phng':5A 'rtert':6B 's':36C,46C 'size':35C 'siu':32C 'thao':31C 'th':30C 'trn':4A 'tp':40C 'vhjhbnnhy3rpb25jdgvtoja2njbmogflltnhmzctndywos05mdnjltq0yjnkotdmyzk2mg':47 'vietnam':9B,20B 'vn':10B,21B 'w582234407':44C 'en':37C 'p':34C 'tretert':25B 'tre':7B 'tret':8B 't':15B 'trt':11B,19B",
        "should_refresh_prices": false,
        "tax_exemption": false,
        "tax_error": null,
        "gift_cards": []
    }
},
{
    "model": "order.order",
    "pk": "e84e9e28-3e8e-438e-a18d-babef8d12748",
    "fields": {
        "private_metadata": {},
        "metadata": {},
        "external_reference": null,
        "number": 11,
        "use_old_id": false,
        "created_at": "2024-11-29T08:38:31.937Z",
        "updated_at": "2024-11-29T08:38:52.301Z",
        "expired_at": null,
        "status": "fulfilled",
        "authorize_status": "none",
        "charge_status": "none",
        "user": null,
        "language_code": "en",
        "tracking_client_id": "",
        "billing_address": 474,
        "shipping_address": 473,
        "user_email": "admin@brickmate.vn",
        "original": null,
        "origin": "checkout",
        "currency": "VND",
        "shipping_method": 40,
        "collection_point": null,
        "shipping_method_name": "Min ph giao hng",
        "collection_point_name": null,
        "channel": 3,
        "shipping_price_net_amount": "0.000",
        "shipping_price_gross_amount": "0.000",
        "base_shipping_price_amount": "0.000",
        "undiscounted_base_shipping_price_amount": "0.000",
        "shipping_tax_rate": "0.0000",
        "shipping_tax_class": null,
        "shipping_tax_class_name": null,
        "shipping_tax_class_private_metadata": {},
        "shipping_tax_class_metadata": {},
        "checkout_token": "3b75c42a-93bd-436b-8a9d-c016913c5bf0",
        "total_net_amount": "14195000.000",
        "undiscounted_total_net_amount": "28390000.000",
        "total_gross_amount": "14195000.000",
        "undiscounted_total_gross_amount": "28390000.000",
        "total_charged_amount": "0.000",
        "total_authorized_amount": "0.000",
        "subtotal_net_amount": "14195000.000",
        "subtotal_gross_amount": "14195000.000",
        "voucher": null,
        "voucher_code": null,
        "display_gross_prices": true,
        "customer_note": "",
        "weight": "1000.0:g",
        "redirect_url": null,
        "search_document": "",
        "search_vector": "'+84335990819':20B '-4':43 '-4747':51,58 '-7699':50,57 '-8254':42 '-8572':45 '11':1A '15':24C '24c63bc3':63 '24c63bc3-9b2a-4b13-8c5f-5886d2b3c815':62 '256gb':26C '2b76':31,37 '4b13':65 '4bd4':32,38 '5886d2b3c815':67 '5b3d54f921c7':54,61 '5fdb3891':41 '738e890':48,55 '8c5f':66 '9b2a':64 'ad48':33,39 'admin@brickmate.vn':2A 'an':18B 'bc6876153a5c':34,40 'bcf4':53,60 'bcf4-5b3d54f921c7':52,59 'c8f321c6':30,36 'c8f321c6-2b76-4bd4-ad48-bc6876153a5c':29,35 'db7ae1a8a208':46 'dng':7B 'e':49,56 'eec':44 'g':10B 'huyn':17B 'hm':9B 'hi':15B 'iphone':23C 'lo':19B 'phng':16B 'phng':6B 'pro':25C 'qung':8B 'thoi':22C 'tp':14B 'trn':5B 'uhjvzhvjdfzhcmlhbnq6mzy1':27C 'vhjhbnnhy3rpb25jdgvtojblzjlky2q4ltkzn2etndg0nc05ogi2ltbhmjjjotvintm0nw':47 'vhjhbnnhy3rpb25jdgvtojk3zdixyjizlweyzmutngy1ys04zge1ltlkzdgyzmu5ywvkyw':28 'vietnam':3B,12B 'vn':4B,13B 'vp':11B 'in':21C",
        "should_refresh_prices": false,
        "tax_exemption": false,
        "tax_error": null,
        "gift_cards": []
    }
},
{
    "model": "order.order",
    "pk": "ec966c98-bfcc-47de-8279-99a6acec8221",
    "fields": {
        "private_metadata": {},
        "metadata": {},
        "external_reference": null,
        "number": 8,
        "use_old_id": false,
        "created_at": "2024-11-29T06:17:02.377Z",
        "updated_at": "2024-11-29T07:30:21.730Z",
        "expired_at": null,
        "status": "fulfilled",
        "authorize_status": "full",
        "charge_status": "full",
        "user": 7,
        "language_code": "en",
        "tracking_client_id": "",
        "billing_address": 468,
        "shipping_address": 466,
        "user_email": "changkhochungtinh19932013@gmail.com",
        "original": null,
        "origin": "draft",
        "currency": "VND",
        "shipping_method": 40,
        "collection_point": null,
        "shipping_method_name": "Min ph giao hng",
        "collection_point_name": null,
        "channel": 3,
        "shipping_price_net_amount": "0.000",
        "shipping_price_gross_amount": "0.000",
        "base_shipping_price_amount": "0.000",
        "undiscounted_base_shipping_price_amount": "0.000",
        "shipping_tax_rate": "0.0000",
        "shipping_tax_class": null,
        "shipping_tax_class_name": null,
        "shipping_tax_class_private_metadata": {},
        "shipping_tax_class_metadata": {},
        "checkout_token": "",
        "total_net_amount": "12250000.000",
        "undiscounted_total_net_amount": "24500000.000",
        "total_gross_amount": "12250000.000",
        "undiscounted_total_gross_amount": "24500000.000",
        "total_charged_amount": "12250000.000",
        "total_authorized_amount": "0.000",
        "subtotal_net_amount": "12250000.000",
        "subtotal_gross_amount": "12250000.000",
        "voucher": null,
        "voucher_code": null,
        "display_gross_prices": true,
        "customer_note": "",
        "weight": "1000.0:g",
        "redirect_url": null,
        "search_document": "",
        "search_vector": "'+84335880915':15B,25B '-3328':37 '-4':38 '094930db':36 '12gb/256gb':33C '5g':32C '6b6a47b01c48':42 '70000':14B,24B '8':1A '8cb7':41 'an':11B,21B 'changkhochungtinh19932013@gmail.com':2A,3A 'd9a':40 'd9a-8cb7-6b6a47b01c48':39 'dsgfdgfdg':8B,18B 'fdffgd':13B,23B 'fold6':31C 'galaxy':29C 'giang':12B,22B 'phuong':7B,17B 'phng':5A 'samsung':28C 'thoi':27C 'tran':6B,16B 'trn':4A 'uhjvzhvjdfzhcmlhbnq6mzy4':34C 'vhjhbnnhy3rpb25jdgvtojziyja2yty1ltdkytatnddizs05ogvilwy5owrkymixodcwmw':35 'vietnam':9B,19B 'vn':10B,20B 'z':30C 'in':26C",
        "should_refresh_prices": false,
        "tax_exemption": false,
        "tax_error": null,
        "gift_cards": []
    }
},
{
    "model": "order.orderline",
    "pk": "0fc96d11-6197-4877-8929-d56ce9c1bafa",
    "fields": {
        "private_metadata": {},
        "metadata": {},
        "old_id": null,
        "created_at": "2024-12-01T03:41:19.460Z",
        "order": "93ae6386-007e-41a5-8a44-9c2ed5ae69de",
        "variant": 384,
        "product_name": "Giy th thao m chn siu nh",
        "variant_name": "S-Xanh-Li",
        "translated_product_name": "",
        "translated_variant_name": "",
        "product_sku": "40000840",
        "product_variant_id": "UHJvZHVjdFZhcmlhbnQ6Mzg0",
        "is_shipping_required": true,
        "is_gift_card": false,
        "quantity": 1,
        "quantity_fulfilled": 0,
        "is_gift": false,
        "currency": "VND",
        "unit_discount_amount": "629300.000",
        "unit_discount_type": "fixed",
        "unit_discount_reason": "Promotion: UHJvbW90aW9uOmM4NWRmMzBiLTNiMjAtNDFjNS1hYzM4LWJkZjI3OTIyZGQzNA==",
        "unit_price_net_amount": "269700.000",
        "unit_discount_value": "629300.000",
        "unit_price_gross_amount": "269700.000",
        "total_price_net_amount": "269700.000",
        "total_price_gross_amount": "269700.000",
        "undiscounted_unit_price_gross_amount": "899000.000",
        "undiscounted_unit_price_net_amount": "899000.000",
        "undiscounted_total_price_gross_amount": "899000.000",
        "undiscounted_total_price_net_amount": "899000.000",
        "base_unit_price_amount": "269700.000",
        "undiscounted_base_unit_price_amount": "899000.000",
        "tax_rate": "0.0000",
        "tax_class": null,
        "tax_class_name": null,
        "tax_class_private_metadata": {},
        "tax_class_metadata": {},
        "is_price_overridden": false,
        "voucher_code": null,
        "sale_id": "UHJvbW90aW9uOmM4NWRmMzBiLTNiMjAtNDFjNS1hYzM4LWJkZjI3OTIyZGQzNA=="
    }
},
{
    "model": "order.orderline",
    "pk": "3ac9854b-caed-40a3-9a48-bcc2623ebdfd",
    "fields": {
        "private_metadata": {},
        "metadata": {},
        "old_id": null,
        "created_at": "2024-11-29T08:34:12.007Z",
        "order": "a1c006ab-890e-4474-83da-124efd1336a3",
        "variant": 358,
        "product_name": "Giy tp luyn 361 N W582234407-5",
        "variant_name": "S",
        "translated_product_name": "",
        "translated_variant_name": "",
        "product_sku": "200",
        "product_variant_id": "UHJvZHVjdFZhcmlhbnQ6MzU4",
        "is_shipping_required": true,
        "is_gift_card": false,
        "quantity": 1,
        "quantity_fulfilled": 1,
        "is_gift": false,
        "currency": "VND",
        "unit_discount_amount": "0.000",
        "unit_discount_type": null,
        "unit_discount_reason": null,
        "unit_price_net_amount": "500000.000",
        "unit_discount_value": "0.000",
        "unit_price_gross_amount": "500000.000",
        "total_price_net_amount": "500000.000",
        "total_price_gross_amount": "500000.000",
        "undiscounted_unit_price_gross_amount": "500000.000",
        "undiscounted_unit_price_net_amount": "500000.000",
        "undiscounted_total_price_gross_amount": "500000.000",
        "undiscounted_total_price_net_amount": "500000.000",
        "base_unit_price_amount": "500000.000",
        "undiscounted_base_unit_price_amount": "500000.000",
        "tax_rate": "0.0000",
        "tax_class": null,
        "tax_class_name": null,
        "tax_class_private_metadata": {},
        "tax_class_metadata": {},
        "is_price_overridden": false,
        "voucher_code": null,
        "sale_id": null
    }
},
{
    "model": "order.orderline",
    "pk": "46410cb5-302f-4614-b667-0ffd8876313a",
    "fields": {
        "private_metadata": {},
        "metadata": {},
        "old_id": null,
        "created_at": "2024-11-29T08:34:11.907Z",
        "order": "a1c006ab-890e-4474-83da-124efd1336a3",
        "variant": 355,
        "product_name": "Giy nam th thao siu bn p",
        "variant_name": "Size S - en",
        "translated_product_name": "",
        "translated_variant_name": "",
        "product_sku": "128223582",
        "product_variant_id": "UHJvZHVjdFZhcmlhbnQ6MzU1",
        "is_shipping_required": true,
        "is_gift_card": false,
        "quantity": 1,
        "quantity_fulfilled": 1,
        "is_gift": false,
        "currency": "VND",
        "unit_discount_amount": "2800000.000",
        "unit_discount_type": "percentage",
        "unit_discount_reason": "Promotion: UHJvbW90aW9uOmM4NWRmMzBiLTNiMjAtNDFjNS1hYzM4LWJkZjI3OTIyZGQzNA==",
        "unit_price_net_amount": "1200000.000",
        "unit_discount_value": "70.000",
        "unit_price_gross_amount": "1200000.000",
        "total_price_net_amount": "1200000.000",
        "total_price_gross_amount": "1200000.000",
        "undiscounted_unit_price_gross_amount": "4000000.000",
        "undiscounted_unit_price_net_amount": "4000000.000",
        "undiscounted_total_price_gross_amount": "4000000.000",
        "undiscounted_total_price_net_amount": "4000000.000",
        "base_unit_price_amount": "1200000.000",
        "undiscounted_base_unit_price_amount": "4000000.000",
        "tax_rate": "0.0000",
        "tax_class": null,
        "tax_class_name": null,
        "tax_class_private_metadata": {},
        "tax_class_metadata": {},
        "is_price_overridden": false,
        "voucher_code": null,
        "sale_id": "UHJvbW90aW9uOmM4NWRmMzBiLTNiMjAtNDFjNS1hYzM4LWJkZjI3OTIyZGQzNA=="
    }
},
{
    "model": "order.orderline",
    "pk": "aec54a39-fdd3-485e-bb6f-389accb5483c",
    "fields": {
        "private_metadata": {},
        "metadata": {},
        "old_id": null,
        "created_at": "2024-11-29T06:16:24.494Z",
        "order": "314edc47-2d40-4cc0-8824-00f9839f878d",
        "variant": 371,
        "product_name": "in thoi iPhone 11",
        "variant_name": "512TB",
        "translated_product_name": "",
        "translated_variant_name": "",
        "product_sku": null,
        "product_variant_id": "UHJvZHVjdFZhcmlhbnQ6Mzcx",
        "is_shipping_required": true,
        "is_gift_card": false,
        "quantity": 1,
        "quantity_fulfilled": 0,
        "is_gift": false,
        "currency": "VND",
        "unit_discount_amount": "5000000.000",
        "unit_discount_type": "percentage",
        "unit_discount_reason": "Promotion: UHJvbW90aW9uOmM4NWRmMzBiLTNiMjAtNDFjNS1hYzM4LWJkZjI3OTIyZGQzNA==",
        "unit_price_net_amount": "5000000.000",
        "unit_discount_value": "50.000",
        "unit_price_gross_amount": "5000000.000",
        "total_price_net_amount": "5000000.000",
        "total_price_gross_amount": "5000000.000",
        "undiscounted_unit_price_gross_amount": "10000000.000",
        "undiscounted_unit_price_net_amount": "10000000.000",
        "undiscounted_total_price_gross_amount": "10000000.000",
        "undiscounted_total_price_net_amount": "10000000.000",
        "base_unit_price_amount": "5000000.000",
        "undiscounted_base_unit_price_amount": "10000000.000",
        "tax_rate": "0.0000",
        "tax_class": null,
        "tax_class_name": null,
        "tax_class_private_metadata": {},
        "tax_class_metadata": {},
        "is_price_overridden": false,
        "voucher_code": null,
        "sale_id": "UHJvbW90aW9uOmM4NWRmMzBiLTNiMjAtNDFjNS1hYzM4LWJkZjI3OTIyZGQzNA=="
    }
},
{
    "model": "order.orderline",
    "pk": "f34b1da6-da6d-464c-b0a8-d5f383a9b9e7",
    "fields": {
        "private_metadata": {},
        "metadata": {},
        "old_id": null,
        "created_at": "2024-11-29T06:17:58.959Z",
        "order": "ec966c98-bfcc-47de-8279-99a6acec8221",
        "variant": 368,
        "product_name": "in thoi Samsung Galaxy Z Fold6 5G 12GB/256GB",
        "variant_name": "UHJvZHVjdFZhcmlhbnQ6MzY4",
        "translated_product_name": "",
        "translated_variant_name": "",
        "product_sku": null,
        "product_variant_id": "UHJvZHVjdFZhcmlhbnQ6MzY4",
        "is_shipping_required": true,
        "is_gift_card": false,
        "quantity": 1,
        "quantity_fulfilled": 1,
        "is_gift": false,
        "currency": "VND",
        "unit_discount_amount": "12250000.000",
        "unit_discount_type": "percentage",
        "unit_discount_reason": "Promotion: UHJvbW90aW9uOmM4NWRmMzBiLTNiMjAtNDFjNS1hYzM4LWJkZjI3OTIyZGQzNA==",
        "unit_price_net_amount": "12250000.000",
        "unit_discount_value": "50.000",
        "unit_price_gross_amount": "12250000.000",
        "total_price_net_amount": "12250000.000",
        "total_price_gross_amount": "12250000.000",
        "undiscounted_unit_price_gross_amount": "24500000.000",
        "undiscounted_unit_price_net_amount": "24500000.000",
        "undiscounted_total_price_gross_amount": "24500000.000",
        "undiscounted_total_price_net_amount": "24500000.000",
        "base_unit_price_amount": "12250000.000",
        "undiscounted_base_unit_price_amount": "24500000.000",
        "tax_rate": "0.0000",
        "tax_class": null,
        "tax_class_name": null,
        "tax_class_private_metadata": {},
        "tax_class_metadata": {},
        "is_price_overridden": false,
        "voucher_code": null,
        "sale_id": "UHJvbW90aW9uOmM4NWRmMzBiLTNiMjAtNDFjNS1hYzM4LWJkZjI3OTIyZGQzNA=="
    }
},
{
    "model": "order.orderline",
    "pk": "fd342714-761a-4004-8970-e9f7d886d3b8",
    "fields": {
        "private_metadata": {},
        "metadata": {},
        "old_id": null,
        "created_at": "2024-11-29T08:38:32.125Z",
        "order": "e84e9e28-3e8e-438e-a18d-babef8d12748",
        "variant": 365,
        "product_name": "in thoi iPhone 15 Pro 256GB",
        "variant_name": "UHJvZHVjdFZhcmlhbnQ6MzY1",
        "translated_product_name": "",
        "translated_variant_name": "",
        "product_sku": null,
        "product_variant_id": "UHJvZHVjdFZhcmlhbnQ6MzY1",
        "is_shipping_required": true,
        "is_gift_card": false,
        "quantity": 1,
        "quantity_fulfilled": 1,
        "is_gift": false,
        "currency": "VND",
        "unit_discount_amount": "14195000.000",
        "unit_discount_type": "fixed",
        "unit_discount_reason": "Promotion: UHJvbW90aW9uOmM4NWRmMzBiLTNiMjAtNDFjNS1hYzM4LWJkZjI3OTIyZGQzNA==",
        "unit_price_net_amount": "14195000.000",
        "unit_discount_value": "14195000.000",
        "unit_price_gross_amount": "14195000.000",
        "total_price_net_amount": "14195000.000",
        "total_price_gross_amount": "14195000.000",
        "undiscounted_unit_price_gross_amount": "28390000.000",
        "undiscounted_unit_price_net_amount": "28390000.000",
        "undiscounted_total_price_gross_amount": "28390000.000",
        "undiscounted_total_price_net_amount": "28390000.000",
        "base_unit_price_amount": "14195000.000",
        "undiscounted_base_unit_price_amount": "28390000.000",
        "tax_rate": "0.0000",
        "tax_class": null,
        "tax_class_name": null,
        "tax_class_private_metadata": {},
        "tax_class_metadata": {},
        "is_price_overridden": false,
        "voucher_code": null,
        "sale_id": "UHJvbW90aW9uOmM4NWRmMzBiLTNiMjAtNDFjNS1hYzM4LWJkZjI3OTIyZGQzNA=="
    }
},
{
    "model": "order.fulfillment",
    "pk": 23,
    "fields": {
        "private_metadata": {},
        "metadata": {},
        "fulfillment_order": 1,
        "order": "ec966c98-bfcc-47de-8279-99a6acec8221",
        "status": "fulfilled",
        "tracking_number": "",
        "created_at": "2024-11-29T06:18:31.826Z",
        "shipping_refund_amount": null,
        "total_refund_amount": null
    }
},
{
    "model": "order.fulfillment",
    "pk": 24,
    "fields": {
        "private_metadata": {},
        "metadata": {},
        "fulfillment_order": 1,
        "order": "a1c006ab-890e-4474-83da-124efd1336a3",
        "status": "fulfilled",
        "tracking_number": "",
        "created_at": "2024-11-29T08:37:01.559Z",
        "shipping_refund_amount": null,
        "total_refund_amount": null
    }
},
{
    "model": "order.fulfillment",
    "pk": 25,
    "fields": {
        "private_metadata": {},
        "metadata": {},
        "fulfillment_order": 1,
        "order": "e84e9e28-3e8e-438e-a18d-babef8d12748",
        "status": "fulfilled",
        "tracking_number": "",
        "created_at": "2024-11-29T08:38:51.999Z",
        "shipping_refund_amount": null,
        "total_refund_amount": null
    }
},
{
    "model": "order.fulfillmentline",
    "pk": 38,
    "fields": {
        "order_line": "f34b1da6-da6d-464c-b0a8-d5f383a9b9e7",
        "fulfillment": 23,
        "quantity": 1,
        "stock": 287
    }
},
{
    "model": "order.fulfillmentline",
    "pk": 39,
    "fields": {
        "order_line": "46410cb5-302f-4614-b667-0ffd8876313a",
        "fulfillment": 24,
        "quantity": 1,
        "stock": 279
    }
},
{
    "model": "order.fulfillmentline",
    "pk": 40,
    "fields": {
        "order_line": "3ac9854b-caed-40a3-9a48-bcc2623ebdfd",
        "fulfillment": 24,
        "quantity": 1,
        "stock": 276
    }
},
{
    "model": "order.fulfillmentline",
    "pk": 41,
    "fields": {
        "order_line": "fd342714-761a-4004-8970-e9f7d886d3b8",
        "fulfillment": 25,
        "quantity": 1,
        "stock": 289
    }
},
{
    "model": "order.orderevent",
    "pk": 310,
    "fields": {
        "date": "2024-11-29T06:16:16.453Z",
        "type": "draft_created",
        "order": "314edc47-2d40-4cc0-8824-00f9839f878d",
        "parameters": {},
        "user": 1,
        "app": null,
        "related": null
    }
},
{
    "model": "order.orderevent",
    "pk": 311,
    "fields": {
        "date": "2024-11-29T06:16:24.563Z",
        "type": "added_products",
        "order": "314edc47-2d40-4cc0-8824-00f9839f878d",
        "parameters": {
            "lines": [
                {
                    "item": "in thoi iPhone 11 (512TB)",
                    "line_pk": "aec54a39-fdd3-485e-bb6f-389accb5483c",
                    "quantity": 1
                }
            ]
        },
        "user": 1,
        "app": null,
        "related": null
    }
},
{
    "model": "order.orderevent",
    "pk": 312,
    "fields": {
        "date": "2024-11-29T06:17:02.485Z",
        "type": "draft_created",
        "order": "ec966c98-bfcc-47de-8279-99a6acec8221",
        "parameters": {},
        "user": 1,
        "app": null,
        "related": null
    }
},
{
    "model": "order.orderevent",
    "pk": 313,
    "fields": {
        "date": "2024-11-29T06:17:59.032Z",
        "type": "added_products",
        "order": "ec966c98-bfcc-47de-8279-99a6acec8221",
        "parameters": {
            "lines": [
                {
                    "item": "in thoi Samsung Galaxy Z Fold6 5G 12GB/256GB (UHJvZHVjdFZhcmlhbnQ6MzY4)",
                    "line_pk": "f34b1da6-da6d-464c-b0a8-d5f383a9b9e7",
                    "quantity": 1
                }
            ]
        },
        "user": 1,
        "app": null,
        "related": null
    }
},
{
    "model": "order.orderevent",
    "pk": 314,
    "fields": {
        "date": "2024-11-29T06:18:14.198Z",
        "type": "placed_from_draft",
        "order": "ec966c98-bfcc-47de-8279-99a6acec8221",
        "parameters": {},
        "user": 1,
        "app": null,
        "related": null
    }
},
{
    "model": "order.orderevent",
    "pk": 315,
    "fields": {
        "date": "2024-11-29T06:18:14.296Z",
        "type": "confirmed",
        "order": "ec966c98-bfcc-47de-8279-99a6acec8221",
        "parameters": {},
        "user": 1,
        "app": null,
        "related": null
    }
},
{
    "model": "order.orderevent",
    "pk": 316,
    "fields": {
        "date": "2024-11-29T06:18:32.177Z",
        "type": "fulfillment_fulfilled_items",
        "order": "ec966c98-bfcc-47de-8279-99a6acec8221",
        "parameters": {
            "fulfilled_items": [
                38
            ]
        },
        "user": 1,
        "app": null,
        "related": null
    }
},
{
    "model": "order.orderevent",
    "pk": 318,
    "fields": {
        "date": "2024-11-29T07:30:21.489Z",
        "type": "order_marked_as_paid",
        "order": "ec966c98-bfcc-47de-8279-99a6acec8221",
        "parameters": {
            "transaction_reference": "094930db-3328-4d9a-8cb7-6b6a47b01c48"
        },
        "user": 1,
        "app": null,
        "related": null
    }
},
{
    "model": "order.orderevent",
    "pk": 319,
    "fields": {
        "date": "2024-11-29T08:34:00.405Z",
        "type": "draft_created",
        "order": "a1c006ab-890e-4474-83da-124efd1336a3",
        "parameters": {},
        "user": 1,
        "app": null,
        "related": null
    }
},
{
    "model": "order.orderevent",
    "pk": 320,
    "fields": {
        "date": "2024-11-29T08:34:12.062Z",
        "type": "added_products",
        "order": "a1c006ab-890e-4474-83da-124efd1336a3",
        "parameters": {
            "lines": [
                {
                    "item": "Giy nam th thao siu bn p (Size S - en)",
                    "line_pk": "46410cb5-302f-4614-b667-0ffd8876313a",
                    "quantity": 1
                },
                {
                    "item": "Giy tp luyn 361 N W582234407-5 (S)",
                    "line_pk": "3ac9854b-caed-40a3-9a48-bcc2623ebdfd",
                    "quantity": 1
                }
            ]
        },
        "user": 1,
        "app": null,
        "related": null
    }
},
{
    "model": "order.orderevent",
    "pk": 321,
    "fields": {
        "date": "2024-11-29T08:35:58.013Z",
        "type": "placed_from_draft",
        "order": "a1c006ab-890e-4474-83da-124efd1336a3",
        "parameters": {},
        "user": 1,
        "app": null,
        "related": null
    }
},
{
    "model": "order.orderevent",
    "pk": 322,
    "fields": {
        "date": "2024-11-29T08:35:58.102Z",
        "type": "confirmed",
        "order": "a1c006ab-890e-4474-83da-124efd1336a3",
        "parameters": {},
        "user": 1,
        "app": null,
        "related": null
    }
},
{
    "model": "order.orderevent",
    "pk": 323,
    "fields": {
        "date": "2024-11-29T08:37:01.958Z",
        "type": "fulfillment_fulfilled_items",
        "order": "a1c006ab-890e-4474-83da-124efd1336a3",
        "parameters": {
            "fulfilled_items": [
                39,
                40
            ]
        },
        "user": 1,
        "app": null,
        "related": null
    }
},
{
    "model": "order.orderevent",
    "pk": 324,
    "fields": {
        "date": "2024-11-29T08:38:32.759Z",
        "type": "placed",
        "order": "e84e9e28-3e8e-438e-a18d-babef8d12748",
        "parameters": {},
        "user": null,
        "app": null,
        "related": null
    }
},
{
    "model": "order.orderevent",
    "pk": 325,
    "fields": {
        "date": "2024-11-29T08:38:32.835Z",
        "type": "confirmed",
        "order": "e84e9e28-3e8e-438e-a18d-babef8d12748",
        "parameters": {},
        "user": null,
        "app": null,
        "related": null
    }
},
{
    "model": "order.orderevent",
    "pk": 326,
    "fields": {
        "date": "2024-11-29T08:38:52.311Z",
        "type": "fulfillment_fulfilled_items",
        "order": "e84e9e28-3e8e-438e-a18d-babef8d12748",
        "parameters": {
            "fulfilled_items": [
                41
            ]
        },
        "user": 1,
        "app": null,
        "related": null
    }
},
{
    "model": "order.orderevent",
    "pk": 327,
    "fields": {
        "date": "2024-11-29T08:52:22.729Z",
        "type": "transaction_event",
        "order": "a1c006ab-890e-4474-83da-124efd1336a3",
        "parameters": {
            "message": "",
            "reference": null
        },
        "user": 1,
        "app": null,
        "related": null
    }
},
{
    "model": "order.orderevent",
    "pk": 328,
    "fields": {
        "date": "2024-12-01T03:41:20.035Z",
        "type": "placed_automatically_from_paid_checkout",
        "order": "93ae6386-007e-41a5-8a44-9c2ed5ae69de",
        "parameters": {},
        "user": null,
        "app": 27,
        "related": null
    }
},
{
    "model": "order.orderevent",
    "pk": 329,
    "fields": {
        "date": "2024-12-01T03:41:20.122Z",
        "type": "confirmed",
        "order": "93ae6386-007e-41a5-8a44-9c2ed5ae69de",
        "parameters": {},
        "user": null,
        "app": 27,
        "related": null
    }
},
{
    "model": "shipping.shippingzone",
    "pk": 7,
    "fields": {
        "private_metadata": {},
        "metadata": {},
        "name": "Giao hng min ph (HCM)",
        "countries": "VN",
        "default": false,
        "description": "",
        "channels": [
            1,
            3
        ]
    }
},
{
    "model": "shipping.shippingzone",
    "pk": 8,
    "fields": {
        "private_metadata": {},
        "metadata": {},
        "name": "Giao hng bi Grap (HCM)",
        "countries": "VN",
        "default": false,
        "description": "",
        "channels": [
            3
        ]
    }
},
{
    "model": "shipping.shippingmethod",
    "pk": 40,
    "fields": {
        "private_metadata": {},
        "metadata": {},
        "name": "Min ph giao hng",
        "type": "price",
        "shipping_zone": 7,
        "minimum_order_weight": "0.0:g",
        "maximum_order_weight": null,
        "maximum_delivery_days": null,
        "minimum_delivery_days": null,
        "description": null,
        "tax_class": null,
        "excluded_products": []
    }
},
{
    "model": "shipping.shippingmethod",
    "pk": 41,
    "fields": {
        "private_metadata": {},
        "metadata": {},
        "name": "Giao hng bi Grap Bike(HCM)",
        "type": "price",
        "shipping_zone": 8,
        "minimum_order_weight": "0.0:g",
        "maximum_order_weight": null,
        "maximum_delivery_days": 5,
        "minimum_delivery_days": 0,
        "description": null,
        "tax_class": null,
        "excluded_products": []
    }
},
{
    "model": "shipping.shippingmethodchannellisting",
    "pk": 78,
    "fields": {
        "shipping_method": 40,
        "channel": 3,
        "minimum_order_price_amount": null,
        "currency": "VND",
        "maximum_order_price_amount": null,
        "price_amount": "0.000"
    }
},
{
    "model": "shipping.shippingmethodchannellisting",
    "pk": 79,
    "fields": {
        "shipping_method": 41,
        "channel": 3,
        "minimum_order_price_amount": null,
        "currency": "VND",
        "maximum_order_price_amount": null,
        "price_amount": "40000.000"
    }
},
{
    "model": "site.sitesettings",
    "pk": 1,
    "fields": {
        "private_metadata": {},
        "metadata": {},
        "site": 1,
        "header_text": "Test Saleor - a sample shop!",
        "description": "",
        "top_menu": 1,
        "bottom_menu": 2,
        "track_inventory_by_default": true,
        "default_weight_unit": "kg",
        "automatic_fulfillment_digital_products": false,
        "default_digital_max_downloads": null,
        "default_digital_url_valid_days": null,
        "company_address": 32,
        "default_mail_sender_name": "",
        "default_mail_sender_address": null,
        "enable_account_confirmation_by_email": true,
        "allow_login_without_confirmation": false,
        "customer_set_password_url": null,
        "fulfillment_auto_approve": true,
        "fulfillment_allow_unpaid": true,
        "reserve_stock_duration_anonymous_user": 45,
        "reserve_stock_duration_authenticated_user": 3,
        "limit_quantity_per_checkout": 50,
        "gift_card_expiry_type": "never_expire",
        "gift_card_expiry_period_type": null,
        "gift_card_expiry_period": null,
        "charge_taxes_on_shipping": true,
        "include_taxes_in_prices": true,
        "display_gross_prices": true
    }
},
{
    "model": "page.page",
    "pk": 3,
    "fields": {
        "published_at": "2022-05-13T00:00:00Z",
        "is_published": true,
        "private_metadata": {},
        "metadata": {},
        "seo_title": "",
        "seo_description": "",
        "slug": "mua-hang",
        "title": "Chnh sch v hng dn mua hng tr gp",
        "page_type": 4,
        "content": {
            "time": 1732615300204,
            "blocks": [
                {
                    "id": "WVBrU28tvL",
                    "data": {
                        "text": "<mark style=\"background-color: rgb(255, 191, 0);\"></mark><mark style=\"background-color: rgb(255, 191, 0);\"></mark><mark style=\"background-color: rgb(255, 191, 0);\"></mark><mark style=\"background-color: rgb(255, 191, 0);\"></mark>-H tr tr gp 0% cho 1 s dng sn phm chn lc trong thi gian khuyn mi vi s lng c hn"
                    },
                    "type": "paragraph"
                },
                {
                    "id": "7ZBSbikVlT",
                    "data": {
                        "text": "<font style=\"color: rgb(236, 120, 120);\"></font><font style=\"color: rgb(236, 120, 120);\"></font><font style=\"color: rgb(236, 120, 120);\"></font><font style=\"color: rgb(236, 120, 120);\"></font><font style=\"color: rgb(236, 120, 120);\"></font><font style=\"color: rgb(236, 120, 120);\">-Li sut 3.5%-4.5%/thng</font>"
                    },
                    "type": "paragraph"
                },
                {
                    "id": "4y_mO4GMaP",
                    "data": {
                        "text": "<span style=\"font-size: 10pt; line-height: 14.2667px; color: rgb(51, 51, 51);\">-Thi gian vay linh hot</span>"
                    },
                    "type": "paragraph"
                },
                {
                    "id": "kvRDRXwbh4",
                    "data": {
                        "text": "<span style=\"font-size: 10pt; line-height: 14.2667px; color: rgb(51, 51, 51);\">-Thi gian thm nh nhanh</span>"
                    },
                    "type": "paragraph"
                },
                {
                    "id": "VZjlYzowmu",
                    "data": {
                        "text": "-Th tc n gi<editorjs-style><editorjs-style>n ( CCC</editorjs-style></editorjs-style>D/CMT, GPLX)",
                        "level": 1
                    },
                    "type": "header"
                },
                {
                    "id": "n7vBUtjHDG",
                    "data": {
                        "text": "<span style=\"font-size: 10pt; line-height: 14.2667px; color: rgb(51, 51, 51);\">-H tr nhiu i tng</span>"
                    },
                    "type": "paragraph"
                },
                {
                    "id": "sAiZSpa7xn",
                    "data": {
                        "text": "<span style=\"font-size: 10pt; line-height: 14.2667px; font-family: Inter; color: rgb(51, 51, 51);\">-&nbsp;Chng trnh tr gp 0% qua Shinhan c p dng cho cc sn phm&nbsp;</span><span style=\"font-size: 10pt; line-height: 14.2667px; font-family: &quot;inherit&quot;, serif; color: rgb(231, 76, 60);\">iPhone + Laptop + Cc sn phm gi t 3 triu</span>"
                    },
                    "type": "paragraph"
                },
                {
                    "id": "FvwXLWb-dI",
                    "data": {
                        "text": "<span style=\"color: rgb(51, 51, 51); font-family: Inter; font-size: 10pt;\"><b>(Thi gian p dng: 3,6,8 thng)</b></span>"
                    },
                    "type": "paragraph"
                },
                {
                    "id": "bfm-LKomj9",
                    "data": {
                        "text": "<span style=\"font-size: 10pt; line-height: 14.2667px; font-family: Inter; color: rgb(51, 51, 51);\"><i><span style=\"font-size: 13.3333px;\">Bng tham kho 6</span><span style=\"font-size: 13.3333px;\">&nbsp;thng</span></i></span>"
                    },
                    "type": "paragraph"
                },
                {
                    "id": "IQRLRvUPt1",
                    "data": {
                        "content": [
                            [
                                "<span style=\"font-size: 10pt; line-height: 14.2667px; font-family: &quot;inherit&quot;, serif; color: rgb(51, 51, 51);\">Li sut u i/thng</span>",
                                "<span style=\"font-size: 10pt; line-height: 14.2667px; font-family: &quot;inherit&quot;, serif; color: rgb(51, 51, 51);\">0%</span>",
                                "<span style=\"font-size: 10pt; line-height: 14.2667px; font-family: &quot;inherit&quot;, serif; color: rgb(51, 51, 51);\">0%</span>",
                                "<span style=\"font-size: 10pt; line-height: 14.2667px; font-family: &quot;inherit&quot;, serif; color: rgb(51, 51, 51);\">0,99%</span>"
                            ],
                            [
                                "<span style=\"font-size: 10pt; line-height: 14.2667px; font-family: &quot;inherit&quot;, serif; color: rgb(51, 51, 51);\">Ga bn&nbsp;&nbsp;</span>",
                                "<span style=\"font-size: 10pt; line-height: 14.2667px; font-family: &quot;inherit&quot;, serif; color: rgb(51, 51, 51);\">Trn 25tr</span>",
                                "<span style=\"font-size: 10pt; line-height: 14.2667px; font-family: &quot;inherit&quot;, serif; color: rgb(51, 51, 51);\">T 10-25tr&nbsp;</span>",
                                "<span style=\"font-size: 10pt; line-height: 14.2667px; font-family: &quot;inherit&quot;, serif; color: rgb(51, 51, 51);\">T 3-10tr</span>"
                            ],
                            [
                                "<span style=\"font-size: 10pt; line-height: 14.2667px; font-family: &quot;inherit&quot;, serif; color: rgb(51, 51, 51);\">Tr trc bt buc&nbsp;</span>",
                                "<span style=\"font-size: 10pt; line-height: 14.2667px; font-family: &quot;inherit&quot;, serif; color: rgb(51, 51, 51);\">&nbsp;&gt;=55%</span>",
                                "<span style=\"font-size: 10pt; line-height: 14.2667px; font-family: &quot;inherit&quot;, serif; color: rgb(51, 51, 51);\">&nbsp;30%-50%&nbsp;</span>",
                                "<span style=\"font-size: 10pt; line-height: 14.2667px; font-family: &quot;inherit&quot;, serif; color: rgb(51, 51, 51);\">10%-30%</span>"
                            ],
                            [
                                "<span style=\"font-size: 10pt; line-height: 14.2667px; font-family: &quot;inherit&quot;, serif; color: rgb(51, 51, 51);\">%Ph khon vay&nbsp;</span>",
                                "<span style=\"font-size: 10pt; line-height: 14.2667px; font-family: &quot;inherit&quot;, serif; color: rgb(51, 51, 51);\">&nbsp;6%&nbsp;</span>",
                                "<span style=\"font-size: 10pt; line-height: 14.2667px; font-family: &quot;inherit&quot;, serif; color: rgb(51, 51, 51);\">&nbsp;7%&nbsp;&nbsp;</span>",
                                "<span style=\"font-size: 10pt; line-height: 14.2667px; font-family: &quot;inherit&quot;, serif; color: rgb(51, 51, 51);\">2%</span>"
                            ]
                        ],
                        "stretched": false,
                        "withHeadings": false
                    },
                    "type": "table"
                },
                {
                    "id": "0IoMvMScUj",
                    "data": {
                        "text": "<span style=\"font-size: 10pt; line-height: 14.2667px; font-family: Inter; color: rgb(51, 51, 51);\"><b>-Bc 1</b>: Khch hng mang theo cc giy t ty thn nh CCCD/CMT, giy php li xe/s h khu n cc ca hng Hong H <editorjs-style>Moblie </editorjs-style>Gn nht  lm h s .</span>"
                    },
                    "type": "paragraph"
                },
                {
                    "id": "gaGzjuV0pQ",
                    "data": {
                        "text": "<span style=\"font-size: 10pt; line-height: 14.2667px; font-family: Inter; color: rgb(51, 51, 51);\"><b>-Bc 2</b>: &nbsp;Nhn vin t vn tr gp ca cng ty ti chnh s t vn cho khch hng cc gi vay ph hp vi iu kin kinh t ca khch hng .</span>"
                    },
                    "type": "paragraph"
                },
                {
                    "id": "-9Al2JKF_X",
                    "data": {
                        "text": "<span style=\"font-size: 10pt; line-height: 14.2667px; font-family: Inter; color: rgb(51, 51, 51);\"><b>-Bc 3</b>: Cng ty ti chnh s thm nh h s cho khch hng v k hp ng ngay ti ca hng ( lu  : khch cn mang theo giy t gc  i chiu )</span>"
                    },
                    "type": "paragraph"
                },
                {
                    "id": "44LqnUExtr",
                    "data": {
                        "text": "<span style=\"font-size: 10pt; line-height: 14.2667px; font-family: Inter; color: rgb(51, 51, 51);\"><b>-Bc 4</b>: Khch hng k hp ng v lm th tc thanh ton , ly my ti ca hng</span>"
                    },
                    "type": "paragraph"
                },
                {
                    "id": "bLpvMy6RqP",
                    "data": {
                        "text": "<span style=\"font-size: 10pt; line-height: 14.2667px; font-family: Inter; color: rgb(51, 51, 51);\"><b>&nbsp; * iu kin v giy t gc cn c:</b></span>"
                    },
                    "type": "paragraph"
                },
                {
                    "id": "qxW1U5YY3d",
                    "data": {
                        "text": "<span style=\"font-size: 10pt; line-height: 14.2667px; font-family: Inter; color: rgb(51, 51, 51);\">-Cc c nhn trong  tui t 19- 70 tui ( tnh theo ngy thng nm sinh trn CCCD/CMT)</span>"
                    },
                    "type": "paragraph"
                },
                {
                    "id": "wrlanbK2mi",
                    "data": {
                        "text": "<span style=\"font-size: 10pt; line-height: 14.2667px; font-family: Inter; color: rgb(51, 51, 51);\">-CCCD/CMT cn hn s dng ( 15 nm k t ngy cp)</span>"
                    },
                    "type": "paragraph"
                },
                {
                    "id": "Oi62oX2UR2",
                    "data": {
                        "text": "<span style=\"font-size: 10pt; line-height: 14.2667px; font-family: Inter; color: rgb(51, 51, 51);\">-Khch hng p ng  iu kn vay v mang  giy t</span>"
                    },
                    "type": "paragraph"
                },
                {
                    "id": "jNi-OI4NTi",
                    "data": {
                        "text": "<span style=\"font-size: 10pt; line-height: 14.2667px; font-family: Inter; color: rgb(51, 51, 51);\">-Vi khon vay trn 20 triu khch cn thm s h khu/giy php li xe + chng minh thu nhp</span>"
                    },
                    "type": "paragraph"
                },
                {
                    "id": "dm5fvTB98U",
                    "data": {
                        "text": "<span style=\"color: rgb(51, 51, 51);\"><b>1. Cng thanh ton Payoo l&nbsp;g?</b></span><span style=\"font-size: 10pt; line-height: 14.2667px; color: rgb(51, 51, 51);\"></span>"
                    },
                    "type": "paragraph"
                },
                {
                    "id": "hQpitV-813",
                    "data": {
                        "text": "<span style=\"font-size: 10pt; line-height: 14.2667px; color: rgb(51, 51, 51);\">Cng thanh ton Payoo&nbsp;do&nbsp;Cng ty C phn Dch v TT Cng ng Vit&nbsp;(VietUnion) pht trin.&nbsp;V Payoo&nbsp;ng vai tr trung gian cho cc giao dch thng mi in t, h tr ngi dng thc hin cc giao dch thanh ton ha n, dch v nhanh chng qua&nbsp;in thoi.</span>"
                    },
                    "type": "paragraph"
                },
                {
                    "id": "jO638PCHVS",
                    "data": {
                        "text": "<span style=\"color: rgb(51, 51, 51);\"><b>2. Quy&nbsp;nh tr&nbsp;gp 0% qua th&nbsp;tn dng vi&nbsp;cng thanh ton Payoo.</b></span>"
                    },
                    "type": "paragraph"
                },
                {
                    "id": "X1naNIoEPj",
                    "data": {
                        "text": "<span style=\"font-size: 10pt; line-height: 14.2667px; color: rgb(51, 51, 51);\">S lng ngn hng chp nhn thanh ton:&nbsp;27 ngn hng</span>"
                    },
                    "type": "paragraph"
                },
                {
                    "id": "JddBpu8rgf",
                    "data": {
                        "text": "<span style=\"font-size: 10pt; line-height: 14.2667px; color: rgb(51, 51, 51);\">K hn tr gp 06 thng</span>"
                    },
                    "type": "paragraph"
                },
                {
                    "id": "AXAsWaNE5a",
                    "data": {
                        "text": "<span style=\"font-size: 10pt; line-height: 14.2667px; color: rgb(51, 51, 51);\">Tr gp qua th tn dng, khch hng s c hng&nbsp;li sut 0% hng thng. Khch hng c mua hng vi gi u i + ph chuyn i tr gp (khon ph duy nht khch phi tr)</span>"
                    },
                    "type": "paragraph"
                },
                {
                    "id": "ExiFFMxK1t",
                    "data": {
                        "text": "<span style=\"font-size: 10pt; line-height: 14.2667px; color: rgb(51, 51, 51);\">Ph chuyn i tr gp l khon ph c thu trn s tin m khch hng tr gp.</span>"
                    },
                    "type": "paragraph"
                },
                {
                    "id": "nHonCeOgfz",
                    "data": {
                        "text": "<span style=\"color: rgb(51, 51, 51);\"><b><font size=\"5\">3. Mt s&nbsp;lu&nbsp;&nbsp;quan trng</font></b></span><span style=\"font-size: 10pt; line-height: 14.2667px; color: rgb(51, 51, 51);\"></span>"
                    },
                    "type": "paragraph"
                },
                {
                    "id": "ksWlB84sO8",
                    "data": {
                        "text": "<span style=\"font-size: 10pt; line-height: 14.2667px; color: rgb(51, 51, 51);\">Khch hng&nbsp;ch cn thao tc tr gp trn my Payoo. My s in ra y  cc lin cho khch hng k l  hon thnh tr gp cho khch.</span>"
                    },
                    "type": "paragraph"
                },
                {
                    "id": "8Ysq7OOXUb",
                    "data": {
                        "text": "<span style=\"font-size: 10pt; line-height: 14.2667px; color: rgb(51, 51, 51);\">Khch hng&nbsp;khng phi in thng tin vo bt c ng link no khc. Mt s ngn hng khi khch qut th xong s gi tin nhn  mi in thng tin theo link  tr gp, lm theo link ny th s b mt ph theo quy nh ca ngn hng.</span>"
                    },
                    "type": "paragraph"
                },
                {
                    "id": "E4yvOmRhkM",
                    "data": {
                        "text": "<span style=\"font-size: 10pt; line-height: 14.2667px; color: rgb(51, 51, 51);\">Hin khch hng s ch tham gia tr gp k hn 06 thng ca 26 ngn hng (FE Credit khng tr gp c v ngn hng ny khng h tr tr gp 06 thng)</span>"
                    },
                    "type": "paragraph"
                },
                {
                    "id": "kXUe5iGFU-",
                    "data": {
                        "text": "<span style=\"font-size: 10pt; line-height: 14.2667px; color: rgb(51, 51, 51);\">Ngn hng&nbsp;Techcombank&nbsp;khi tham gia tr gp, khch hng s mt thm ph 1.1%  ti a 150.000. Khon ny&nbsp;ngn hng s thu&nbsp;trc tip trn th khch hng. Hong H Mobile&nbsp;khng thu thm&nbsp;ca khch.</span>"
                    },
                    "type": "paragraph"
                },
                {
                    "id": "rYb1dIRzZe",
                    "data": {
                        "text": "<span style=\"font-size: 10pt; line-height: 14.2667px; color: rgb(51, 51, 51);\">Ngoi tr gp 0%, khch hng s dng th tn dng ca&nbsp;VIB&nbsp;c la chn thm mt phng n tr gp li sut 1%/thng. K hn 3/6/9/12 thng, vi ph chuyn i tr gp 0 ng (ngn hng thu ca khch)</span>"
                    },
                    "type": "paragraph"
                },
                {
                    "id": "a5rI1-MeWZ",
                    "data": {
                        "text": "<span style=\"font-size: 10pt; line-height: 14.2667px; font-family: &quot;inherit&quot;, serif; color: rgb(51, 51, 51);\">1. Hnh thc:</span><span style=\"font-size: 10pt; line-height: 14.2667px; font-family: Inter; color: rgb(51, 51, 51);\">&nbsp;Mua trc tr sau (vay tr gp)&nbsp;</span>"
                    },
                    "type": "paragraph"
                },
                {
                    "id": "ztkOZYUTfp",
                    "data": {
                        "text": "<span style=\"font-size: 10pt; line-height: 14.2667px; font-family: &quot;inherit&quot;, serif; color: rgb(51, 51, 51);\">2. n v:&nbsp;</span><span style=\"font-size: 10pt; line-height: 14.2667px; font-family: Inter; color: rgb(51, 51, 51);\">HomePaylater (l n v trc thuc Homecredit) - vi cng thanh ton Bo Kim&nbsp;</span>"
                    },
                    "type": "paragraph"
                },
                {
                    "id": "FtSQuE-DOz",
                    "data": {
                        "text": "<span style=\"font-size: 10pt; line-height: 14.2667px; font-family: &quot;inherit&quot;, serif; color: rgb(51, 51, 51);\">3. Ni dung dch v:&nbsp;</span><span style=\"font-size: 10pt; line-height: 14.2667px; font-family: Inter; color: rgb(51, 51, 51);\">Dch v h tr Mua trc tr sau qua&nbsp;Home Credit&nbsp;cho php ngi dng mua sm ngay lp tc m khng cn tr trc, ng thi c th chn phng n thanh ton sau&nbsp;1&nbsp;thng&nbsp; 3&nbsp;thng - 6 thng - 12 thng</span>"
                    },
                    "type": "paragraph"
                },
                {
                    "id": "6cfg3P8Eag",
                    "data": {
                        "text": "<span style=\"line-height: 13.91px;\"><font color=\"#424242\">4. Ni dung Chng trnh khuyn mi:&nbsp;</font></span><span style=\"font-size: 10pt; line-height: 14.2667px; font-family: Inter; color: rgb(51, 51, 51);\"></span>"
                    },
                    "type": "paragraph"
                },
                {
                    "id": "3odIydmIXi",
                    "data": {
                        "text": "<b><font color=\"#3984c6\"><a href=\"https://hoanghamobile.com/tin-tuc/uu-dai-tra-gop-voi-homepaylater-tai-hoang-ha-mobile/\" target=\"_blank\">&nbsp; =&gt;&gt; Xem ti y</a></font></b>"
                    },
                    "type": "paragraph"
                },
                {
                    "id": "ZS9DtFNwSt",
                    "data": {
                        "text": "<span style=\"font-size: 10pt; line-height: 14.2667px; font-family: Inter; color: rgb(51, 51, 51);\">- Qu trnh xt duyt h s nhanh gn: ch 30 giy - 3 pht.</span>"
                    },
                    "type": "paragraph"
                },
                {
                    "id": "w9xN-B7lDj",
                    "data": {
                        "text": "<span style=\"font-size: 10pt; line-height: 14.2667px; font-family: Inter; color: rgb(51, 51, 51);\">- H s xt duyt n gin: Ch cn c chng minh th hoc cn cc cng dn v s in thoi chnh ch ang s dng&nbsp;</span>"
                    },
                    "type": "paragraph"
                },
                {
                    "id": "UYte5vP8SN",
                    "data": {
                        "text": "<span style=\"font-size: 10pt; line-height: 14.2667px; font-family: Inter; color: rgb(51, 51, 51);\">- Qu trnh xt duyt Online thng qua App hoc thng qua trang website (khng cn ti app)&nbsp;</span>"
                    },
                    "type": "paragraph"
                },
                {
                    "id": "XrJjIFk_H2",
                    "data": {
                        "text": "<span style=\"font-size: 10pt; line-height: 14.2667px; font-family: &quot;inherit&quot;, serif; color: rgb(51, 51, 51);\">- Mc ph:&nbsp;</span><span style=\"font-size: 10pt; line-height: 14.2667px; font-family: Inter; color: rgb(51, 51, 51);\"></span>"
                    },
                    "type": "paragraph"
                },
                {
                    "id": "kpFlLGVGW_",
                    "data": {
                        "content": [
                            [
                                "<span style=\"font-size: 10pt; line-height: 14.2667px; font-family: &quot;inherit&quot;, serif; color: rgb(51, 51, 51);\">Gi 1 thng</span>",
                                "<span style=\"font-size: 10pt; line-height: 14.2667px; font-family: &quot;inherit&quot;, serif; color: rgb(51, 51, 51);\">Khch hng mt ph 0%</span>"
                            ],
                            [
                                "<span style=\"font-size: 10pt; line-height: 14.2667px; font-family: &quot;inherit&quot;, serif; color: rgb(51, 51, 51);\">Gi 3 thng</span>",
                                "<span style=\"font-size: 10pt; line-height: 14.2667px; font-family: &quot;inherit&quot;, serif; color: rgb(3, 169, 244);\"><font style=\"color: rgb(3, 169, 244);\"></font><font style=\"color: rgb(3, 169, 244);\"></font><font style=\"color: rgb(3, 169, 244);\"></font><font style=\"color: rgb(3, 169, 244);\"></font><font style=\"color: rgb(3, 169, 244);\"></font><font style=\"color: rgb(3, 169, 244);\"></font><font style=\"color: rgb(3, 169, 244);\"></font><font style=\"color: rgb(3, 169, 244);\"></font><font style=\"color: rgb(3, 169, 244);\"></font><font style=\"color: rgb(3, 169, 244);\"></font><font style=\"color: rgb(3, 169, 244);\"></font><font style=\"color: rgb(3, 169, 244);\"></font><editorjs-style style=\"\">hng mt ph 3%/thng x s thng ( theo d n gim dn)</editorjs-style></span>"
                            ],
                            [
                                "<span style=\"font-size: 10pt; line-height: 14.2667px; font-family: &quot;inherit&quot;, serif; color: rgb(51, 51, 51);\">Gi 6 thng</span>",
                                "<span style=\"font-size: 10pt; line-height: 14.2667px; font-family: &quot;inherit&quot;, serif; color: rgb(51, 51, 51);\">Khch hng mt ph 3,55%/thng x s thng (theo d n gim dn)</span>"
                            ],
                            [
                                "<span style=\"font-size: 10pt; line-height: 14.2667px; font-family: &quot;inherit&quot;, serif; color: rgb(51, 51, 51);\">Gi 12 thng</span>",
                                "<span style=\"font-size: 10pt; line-height: 14.2667px; font-family: &quot;inherit&quot;, serif; color: rgb(51, 51, 51);\">Khch hng mt ph 3,75%/thng x s thng (theo d n gim dn)</span>"
                            ]
                        ],
                        "stretched": false,
                        "withHeadings": false
                    },
                    "type": "table"
                },
                {
                    "id": "txIlcRBIFE",
                    "data": {
                        "text": "<span style=\"color: rgb(51, 51, 51); font-family: &quot;inherit&quot;, serif; font-size: 13.3333px; font-style: normal; font-variant-ligatures: normal; font-variant-caps: normal; font-weight: 400; letter-spacing: 0.162502px; orphans: 2; text-align: start; text-indent: 0px; text-transform: none; widows: 2; word-spacing: 0px; -webkit-text-stroke-width: 0px; white-space: normal; background-color: rgb(255, 255, 255); text-decoration-thickness: initial; text-decoration-style: initial; text-decoration-color: initial; display: inline !important; float: none;\">Khch<span>&nbsp;</span></span>"
                    },
                    "type": "paragraph"
                },
                {
                    "id": "EqeW8XOVYJ",
                    "data": {
                        "text": "<span style=\"font-size: 10pt; line-height: 14.2667px; font-family: &quot;inherit&quot;, serif; color: rgb(51, 51, 51);\">- Gi tr khon vay&nbsp;</span><span style=\"font-size: 10pt; line-height: 14.2667px; font-family: Inter; color: rgb(51, 51, 51);\"></span>"
                    },
                    "type": "paragraph"
                },
                {
                    "id": "cinKsv1lJg",
                    "data": {
                        "content": [
                            [
                                "<span style=\"font-size: 10pt; line-height: 14.2667px; font-family: &quot;inherit&quot;, serif; color: rgb(51, 51, 51);\">Gi 1 thng</span>",
                                "<span style=\"font-size: 10pt; line-height: 14.2667px; font-family: &quot;inherit&quot;, serif; color: rgb(51, 51, 51);\">Gi tr khon vay t 200K - 1.5M</span>"
                            ],
                            [
                                "<span style=\"font-size: 10pt; line-height: 14.2667px; font-family: &quot;inherit&quot;, serif; color: rgb(51, 51, 51);\">Gi 3 thng</span>",
                                "<span style=\"font-size: 10pt; line-height: 14.2667px; font-family: &quot;inherit&quot;, serif; color: rgb(51, 51, 51);\">Gi tr khon vay t 400K - 5M</span>"
                            ],
                            [
                                "<span style=\"font-size: 10pt; line-height: 14.2667px; font-family: &quot;inherit&quot;, serif; color: rgb(51, 51, 51);\">Gi 6 thng</span>",
                                "<span style=\"font-size: 10pt; line-height: 14.2667px; font-family: &quot;inherit&quot;, serif; color: rgb(51, 51, 51);\">Gi tr khon vay t 2M - 10M</span>"
                            ],
                            [
                                "<span style=\"font-size: 10pt; line-height: 14.2667px; font-family: &quot;inherit&quot;, serif; color: rgb(51, 51, 51);\">Gi 12 thng</span>",
                                "<span style=\"font-size: 10pt; line-height: 14.2667px; font-family: &quot;inherit&quot;, serif; color: rgb(51, 51, 51);\">Gi tr khon vay t&nbsp; 4M - 25M</span>"
                            ]
                        ],
                        "stretched": false,
                        "withHeadings": false
                    },
                    "type": "table"
                },
                {
                    "id": "SvR59rWKeQ",
                    "data": {
                        "text": "<span style=\"font-size: 10pt; line-height: 14.2667px; font-family: &quot;inherit&quot;, serif; color: rgb(51, 51, 51);\"><b>1. Samsung Finance+ l g?</b></span><span style=\"font-size: 10pt; line-height: 14.2667px; font-family: Inter; color: rgb(51, 51, 51);\"></span>"
                    },
                    "type": "paragraph"
                },
                {
                    "id": "tAbcZEv3rz",
                    "data": {
                        "text": "<span style=\"font-size: 10pt; line-height: 14.2667px; font-family: Inter; color: rgb(51, 51, 51);\">Samsung Finance+ l gii php ti chnh, s dng nn tng cng ngh ca Samsung v khon vay c cung cp bi i tc ca Kredivo l VietCredit, h tr khch hng mua tr gp cc sn phm ca Samsung vi 0% li sut v khch hng thanh ton hng thng cho cng ty ti chnh qua ng dng Samsung Finance+.</span>"
                    },
                    "type": "paragraph"
                },
                {
                    "id": "Gs2aO85_xX",
                    "data": {
                        "text": "<span style=\"font-size: 10pt; line-height: 14.2667px; font-family: &quot;inherit&quot;, serif; color: rgb(51, 51, 51);\"><b>2. Samsung Finance+ c im g khc bit so vi cc sn phm ti chnh tiu dng khc?</b></span><span style=\"font-size: 10pt; line-height: 14.2667px; font-family: Inter; color: rgb(51, 51, 51);\"></span>"
                    },
                    "type": "paragraph"
                },
                {
                    "id": "e_yvV5z_3x",
                    "data": {
                        "text": "<span style=\"font-size: 10pt; line-height: 14.2667px; font-family: Inter; color: rgb(51, 51, 51);\">Vi Samsung Finance+, khch hng khng cn s hu th tn dng vn c th tr gp vi li sut 0% cho tt c cc sn phm Samsung Galaxy. Khch hng s c duyt vay nhanh chng trong vng 7 pht v quy trnh tham gia hon ton trc tuyn, ch yu cu cung cp CCCD. Samsung Finance+ l gii php ph hp vi mi nhu cu ti chnh vi t l duyt vay ln n 80%, t l tr trc thp ch t 0% v c bit khng nh km cc sn phm bo him khc.</span>"
                    },
                    "type": "paragraph"
                },
                {
                    "id": "NPxiCIbcVf",
                    "data": {
                        "text": "<span style=\"font-size: 10pt; line-height: 14.2667px; font-family: &quot;inherit&quot;, serif; color: rgb(51, 51, 51);\"><b>3. iu kin tham gia Samsung Finance+ ?</b></span><span style=\"font-size: 10pt; line-height: 14.2667px; font-family: Inter; color: rgb(51, 51, 51);\"></span>"
                    },
                    "type": "paragraph"
                },
                {
                    "id": "QUzYsSucGZ",
                    "data": {
                        "text": "<span style=\"font-size: 10pt; line-height: 14.2667px; font-family: &quot;inherit&quot;, serif; color: rgb(51, 51, 51);\">L cng dn ang sinh sng  Vit Nam t 18  60 tui</span>"
                    },
                    "type": "paragraph"
                },
                {
                    "id": "9Ccz2ASN1p",
                    "data": {
                        "text": "<span style=\"font-size: 10pt; line-height: 14.2667px; font-family: &quot;inherit&quot;, serif; color: rgb(51, 51, 51);\">C CCCD cn hiu lc</span>"
                    },
                    "type": "paragraph"
                },
                {
                    "id": "r_icAJ9smF",
                    "data": {
                        "text": "<span style=\"font-size: 10pt; line-height: 14.2667px; font-family: &quot;inherit&quot;, serif; color: rgb(51, 51, 51);\">Thu nhp t 4.000.000VN</span>"
                    },
                    "type": "paragraph"
                },
                {
                    "id": "MFeWqjsRmb",
                    "data": {
                        "text": "<span style=\"font-size: 10pt; line-height: 14.2667px; font-family: &quot;inherit&quot;, serif; color: rgb(51, 51, 51);\">C SIM vt l vi s in thoi chnh ch</span>"
                    },
                    "type": "paragraph"
                },
                {
                    "id": "0JPdb8oKtl",
                    "data": {
                        "text": "<span style=\"font-size: 10pt; line-height: 14.2667px; font-family: &quot;inherit&quot;, serif; color: rgb(51, 51, 51);\">C hp th in t (email)</span>"
                    },
                    "type": "paragraph"
                },
                {
                    "id": "p1QzgfD5xd",
                    "data": {
                        "text": "<span style=\"font-size: 10pt; line-height: 14.2667px; font-family: Inter; color: rgb(51, 51, 51);\">C mt ti ca hng v dng chnh s in thoi  nhn m xc thc</span>"
                    },
                    "type": "paragraph"
                },
                {
                    "id": "9lvFuWXhus",
                    "data": {
                        "text": "<span style=\"font-size: 10pt; line-height: 14.2667px; font-family: &quot;inherit&quot;, serif; color: rgb(51, 51, 51);\"><b>4. Thng tin v chng trnh.</b></span>"
                    },
                    "type": "paragraph"
                },
                {
                    "id": "LLR0iqUZZv",
                    "data": {
                        "text": "<span style=\"font-size: 10pt; line-height: 14.2667px; font-family: &quot;inherit&quot;, serif; color: rgb(51, 51, 51);\"><i>4.1. Sn phm p dng:</i></span><span style=\"font-size: 10pt; line-height: 14.2667px; font-family: Inter; color: rgb(51, 51, 51);\"><i>&nbsp;in thoi Samsung Galaxy (Danh sch model v gi bn l c th thay i theo thi gian)</i></span>"
                    },
                    "type": "paragraph"
                },
                {
                    "id": "e6LOn52zr9",
                    "data": {
                        "text": "<span style=\"font-size: 10pt; line-height: 14.2667px; font-family: Inter; color: rgb(51, 51, 51);\">o Galaxy Z Fold4, Z Flip4 tt c</span><font style=\"color: rgb(3, 169, 244);\"><span style=\"font-size: 10pt; line-height: 14.2667px; font-family: Inter; color: rgb(51, 51, 51);\"> cc phin bn</span><span style=\"font-size: 10pt; line-height: 14.2667px; font-family: &quot;inherit&quot;, serif; color: rgb(51, 51, 51);\"></span><span style=\"font-size: 10pt; line-height: 14.2667px; font-family: Inter; color: rgb(3, 169, 244);\"></span></font><span style=\"font-size: 10pt; line-height: 14.2667px; font-family: Inter; color: rgb(3, 169, 244);\">o Galaxy S23 Series tt c cc phin bn</span><span style=\"font-size: 10pt; line-height: 14.2667px; font-family: &quot;inherit&quot;, serif; color: rgb(51, 51, 51);\"></span><span style=\"font-size: 10pt; line-height: 14.2667px; font-family: Inter; color: rgb(51, 51, 51);\">o Galaxy S22 Series tt c cc phin bn</span><span style=\"font-size: 10pt; line-height: 14.2667px; font-family: &quot;inherit&quot;, serif; color: rgb(51, 51, 51);\"></span><span style=\"font-size: 10pt; line-height: 14.2667px; font-family: Inter; color: rgb(51, 51, 51);\">o Galaxy S21FE, S20 FE tt c cc phin bn</span><span style=\"font-size: 10pt; line-height: 14.2667px; font-family: &quot;inherit&quot;, serif; color: rgb(51, 51, 51);\"></span><span style=\"font-size: 10pt; line-height: 14.2667px; font-family: Inter; color: rgb(51, 51, 51);\">o Galaxy A54 5G, A34 5G, A14 5G, A14, A04, A04s, A04e, M14 tt c cc phin bn o Galaxy A73 5G, A53 5G, A33 5G, A23 5G, A23, A13 tt c cc phin bn</span>"
                    },
                    "type": "paragraph"
                },
                {
                    "id": "UVLzNLYRvu",
                    "data": {
                        "text": "<span style=\"font-size: 10pt; line-height: 14.2667px; font-family: &quot;inherit&quot;, serif; color: rgb(51, 51, 51);\"><i>4.2. Thi gian p dng:</i></span>"
                    },
                    "type": "paragraph"
                },
                {
                    "id": "YcpIt8W0q3",
                    "data": {
                        "text": "<span style=\"font-size: 10pt; line-height: 14.2667px; font-family: Inter; color: rgb(51, 51, 51);\">p dng t<span>&nbsp;</span><b>15/05/2023  v thi hn</b></span>"
                    },
                    "type": "paragraph"
                },
                {
                    "id": "p7l1DY3j-X",
                    "data": {
                        "text": "<span style=\"font-size: 10pt; line-height: 14.2667px; font-family: &quot;inherit&quot;, serif; color: rgb(51, 51, 51);\"><i>4.3. S tin ng k tr gp ti a:&nbsp;</i></span><span style=\"font-size: 10pt; line-height: 14.2667px; font-family: Inter; color: rgb(51, 51, 51);\"><i>Bng vi s tin thanh ton khi mua in thoi Samsung Galaxy thuc danh sch sn phm p dng v khng c vt qu gi bn l  bao gm VAT ca sn phm .</i></span>"
                    },
                    "type": "paragraph"
                },
                {
                    "id": "veyD4pDnKm",
                    "data": {
                        "text": "<span style=\"font-size: 10pt; line-height: 14.2667px; font-family: &quot;inherit&quot;, serif; color: rgb(51, 51, 51);\">Q&amp;A:&nbsp;</span><span style=\"font-size: 10pt; line-height: 14.2667px; font-family: Inter; color: rgb(51, 51, 51);\"></span>"
                    },
                    "type": "paragraph"
                },
                {
                    "id": "FFIsjPp4Kr",
                    "data": {
                        "text": "<span style=\"font-size: 10pt; line-height: 14.2667px; font-family: &quot;inherit&quot;, serif; color: rgb(51, 51, 51);\">- Ti cn tr trc bao nhiu % khi tham gia chng trnh tr gp qua Samsung Finance+?</span><span style=\"font-size: 10pt; line-height: 14.2667px; font-family: Inter; color: rgb(51, 51, 51);\"></span>"
                    },
                    "type": "paragraph"
                },
                {
                    "id": "D2TEWtjQ_U",
                    "data": {
                        "text": "<i><span style=\"font-size: 10pt; line-height: 14.2667px; font-family: &quot;inherit&quot;, serif; color: rgb(51, 51, 51);\">Ty vo lch s tn dng, Khch hng s c  xut cc khon tr trc ph hp t 0 n 50%</span></i><span style=\"font-size: 10pt; line-height: 14.2667px; font-family: Inter; color: rgb(51, 51, 51);\"></span>"
                    },
                    "type": "paragraph"
                },
                {
                    "id": "CMVS4T_w_0",
                    "data": {
                        "text": "<i><span style=\"font-size: 10pt; line-height: 14.2667px; font-family: &quot;inherit&quot;, serif; color: rgb(51, 51, 51);\">-&nbsp;</span></i><span style=\"font-size: 10pt; line-height: 14.2667px; font-family: &quot;inherit&quot;, serif; color: rgb(51, 51, 51);\">Hn mc ti a cho gi vay qua Samsung Finance+ l bao nhiu?</span><span style=\"font-size: 10pt; line-height: 14.2667px; font-family: Inter; color: rgb(51, 51, 51);\"></span>"
                    },
                    "type": "paragraph"
                },
                {
                    "id": "lBfX3SOVQr",
                    "data": {
                        "text": "<span style=\"font-size: 10pt; line-height: 14.2667px; font-family: Inter; color: rgb(51, 51, 51);\">Hn mc ti a bn c th nhn c l 25.000.000</span>"
                    },
                    "type": "paragraph"
                },
                {
                    "id": "dO9kLXNIRX",
                    "data": {
                        "text": "<span style=\"font-size: 10pt; line-height: 14.2667px; font-family: &quot;inherit&quot;, serif; color: rgb(51, 51, 51);\">4.4. Thi hn tr gp:<i>t ngy 15/06/2023 ch p dng 12 thng n khi c thng bo mi</i></span><span style=\"font-size: 10pt; line-height: 14.2667px; font-family: Inter; color: rgb(51, 51, 51);\"></span>"
                    },
                    "type": "paragraph"
                },
                {
                    "id": "tEW7HmM_wW",
                    "data": {
                        "text": "<span style=\"font-size: 10pt; line-height: 14.2667px; font-family: &quot;inherit&quot;, serif; color: rgb(51, 51, 51);\">Q&amp;A:&nbsp;&nbsp;Ti c th thanh ton khon vay bng cc phng thc no?</span><span style=\"font-size: 10pt; line-height: 14.2667px; font-family: Inter; color: rgb(51, 51, 51);\"></span>"
                    },
                    "type": "paragraph"
                },
                {
                    "id": "F8mn1e0O-9",
                    "data": {
                        "text": "<span style=\"font-size: 10pt; line-height: 14.2667px; font-family: Inter; color: rgb(51, 51, 51);\">Khch hng c th thanh ton qua chuyn khon ngn hng, th ATM NAPAS, hay th ghi n (debit card). Ngoi ra, Khch hng c th thanh ton ti cc ca hng c h tr thanh ton cho Kredivo (Vinmart+, Circle K, GS25, Th Gii Di ng, in My Ch Ln, v.v)</span>"
                    },
                    "type": "paragraph"
                },
                {
                    "id": "bgOoAVyVZK",
                    "data": {
                        "text": "4.5. a im p dng:&nbsp;"
                    },
                    "type": "paragraph"
                },
                {
                    "id": "WKV06IHbPS",
                    "data": {
                        "text": "<span style=\"font-size: 10pt; line-height: 14.2667px; font-family: Inter; color: rgb(51, 51, 51);\"></span><u><span style=\"font-size: 10pt; line-height: 14.2667px; font-family: &quot;inherit&quot;, serif; color: rgb(41, 121, 255);\">&nbsp;Ton b h thng Hong H Mobile</span></u><span style=\"font-size: 10pt; line-height: 14.2667px; font-family: Inter; color: rgb(51, 51, 51);\"></span>"
                    },
                    "type": "paragraph"
                },
                {
                    "id": "M3_XAc5nXc",
                    "data": {
                        "text": "<span style=\"font-size: 10pt; line-height: 14.2667px; font-family: &quot;inherit&quot;, serif; color: rgb(51, 51, 51);\"><i>4.6. Thng tin u i&nbsp;</i></span><span style=\"font-size: 10pt; line-height: 14.2667px; font-family: Inter; color: rgb(51, 51, 51);\"></span>"
                    },
                    "type": "paragraph"
                },
                {
                    "id": "kBOIbGdEKx",
                    "data": {
                        "content": [
                            [
                                "<span style=\"font-size: 10pt; line-height: 14.2667px; font-family: &quot;inherit&quot;, serif; color: rgb(51, 51, 51);\">S&nbsp;tin tr trc trn gi sn phm</span>",
                                "<span style=\"font-size: 10pt; line-height: 14.2667px; font-family: &quot;inherit&quot;, serif; color: rgb(51, 51, 51);\">K hn tr gp</span>",
                                "<span style=\"font-size: 10pt; line-height: 14.2667px; font-family: &quot;inherit&quot;, serif; color: rgb(51, 51, 51);\">Ph tr gp Khch hng phi tr hng thng</span>",
                                "<span style=\"font-size: 10pt; line-height: 14.2667px; font-family: &quot;inherit&quot;, serif; color: rgb(51, 51, 51);\">Ph tham gia chng trnh**</span>"
                            ],
                            [
                                "<span style=\"font-size: 10pt; line-height: 14.2667px; font-family: &quot;inherit&quot;, serif; color: rgb(51, 51, 51);\">Tr trc t 0</span>",
                                "<span style=\"font-size: 10pt; line-height: 14.2667px; font-family: &quot;inherit&quot;, serif; color: rgb(51, 51, 51);\">12 thng 06 thng*</span>",
                                "<span style=\"font-size: 10pt; line-height: 14.2667px; font-family: &quot;inherit&quot;, serif; color: rgb(51, 51, 51);\">Ph li sut: 0% mi thng</span>",
                                "<span style=\"font-size: 10pt; line-height: 14.2667px; font-family: &quot;inherit&quot;, serif; color: rgb(51, 51, 51);\">99,000 trn mi n hng</span>"
                            ]
                        ],
                        "stretched": false,
                        "withHeadings": false
                    },
                    "type": "table"
                },
                {
                    "id": "8v5BchaSzj",
                    "data": {
                        "text": "<i><span style=\"font-size: 10pt; line-height: 14.2667px; font-family: &quot;inherit&quot;, serif; color: rgb(51, 51, 51);\">*K hn 12 thng c p dng t ngy 15/06/2023</span></i><span style=\"font-size: 10pt; line-height: 14.2667px; font-family: &quot;inherit&quot;, serif; color: rgb(51, 51, 51);\"><i>**Ph tham gia chng trnh: ph khch hng phi ng  tham gia tr gp qua SF+, ph c chia theo k hn tr gp v thanh ton theo thng cng vi khon vay.</i></span><span style=\"font-size: 10pt; line-height: 14.2667px; font-family: Inter; color: rgb(51, 51, 51);\"></span>"
                    },
                    "type": "paragraph"
                },
                {
                    "id": "rnwvkfwhel",
                    "data": {
                        "text": "<i><span style=\"font-size: 10pt; line-height: 14.2667px; font-family: &quot;inherit&quot;, serif; color: rgb(0, 85, 255);\">Thng 9, khch hng vn c min khon ph ny!</span></i><span style=\"font-size: 10pt; line-height: 14.2667px; font-family: Inter; color: rgb(51, 51, 51);\"></span>"
                    },
                    "type": "paragraph"
                },
                {
                    "id": "iY5W9x2zRK",
                    "data": {
                        "text": "<span style=\"font-size: 10pt; line-height: 14.2667px; font-family: &quot;inherit&quot;, serif; color: rgb(51, 51, 51);\"><i>4.6.1. Li ch ca Samsung Finance</i></span><span style=\"font-size: 10pt; line-height: 14.2667px; font-family: Inter; color: rgb(51, 51, 51);\"></span>"
                    },
                    "type": "paragraph"
                },
                {
                    "id": "5ST-CtvZlB",
                    "data": {
                        "text": "<i><span style=\"font-size: 10pt; line-height: 14.2667px; font-family: &quot;inherit&quot;, serif; color: rgb(51, 51, 51);\">- Gii php ti chnh cho mi ngi</span></i><span style=\"font-size: 10pt; line-height: 14.2667px; font-family: Inter; color: rgb(51, 51, 51);\"></span>"
                    },
                    "type": "paragraph"
                },
                {
                    "id": "0moUfeTvjI",
                    "data": {
                        "text": "<span style=\"font-size: 10pt; line-height: 14.2667px; font-family: &quot;inherit&quot;, serif; color: rgb(51, 51, 51);\">T l duyt ln ti 90%</span>"
                    },
                    "type": "paragraph"
                },
                {
                    "id": "PS4UW8Jvmu",
                    "data": {
                        "text": "<span style=\"font-size: 10pt; line-height: 14.2667px; font-family: &quot;inherit&quot;, serif; color: rgb(51, 51, 51);\">T l tr trc thp v linh hot</span>"
                    },
                    "type": "paragraph"
                },
                {
                    "id": "bS0j5LUxdj",
                    "data": {
                        "text": "<span style=\"font-size: 10pt; line-height: 14.2667px; font-family: &quot;inherit&quot;, serif; color: rgb(51, 51, 51);\">Khng nh km cc sn phm bo him</span>"
                    },
                    "type": "paragraph"
                },
                {
                    "id": "vcP8CG0CBQ",
                    "data": {
                        "text": "<span style=\"font-size: 10pt; line-height: 14.2667px; font-family: &quot;inherit&quot;, serif; color: rgb(51, 51, 51);\">Li sut 0%</span>"
                    },
                    "type": "paragraph"
                },
                {
                    "id": "kXMT7X9EAI",
                    "data": {
                        "text": "<i><span style=\"font-size: 10pt; line-height: 14.2667px; font-family: &quot;inherit&quot;, serif; color: rgb(51, 51, 51);\">- Duyt vay nhanh</span></i><span style=\"font-size: 10pt; line-height: 14.2667px; font-family: Inter; color: rgb(51, 51, 51);\"></span>"
                    },
                    "type": "paragraph"
                },
                {
                    "id": "pZCMhzMcju",
                    "data": {
                        "text": "<span style=\"font-size: 10pt; line-height: 14.2667px; font-family: &quot;inherit&quot;, serif; color: rgb(51, 51, 51);\">Duyt vay trong 7pht</span>"
                    },
                    "type": "paragraph"
                },
                {
                    "id": "0gemHEYtvI",
                    "data": {
                        "text": "<span style=\"font-size: 10pt; line-height: 14.2667px; font-family: &quot;inherit&quot;, serif; color: rgb(51, 51, 51);\">K hp ng trong 20pht</span>"
                    },
                    "type": "paragraph"
                },
                {
                    "id": "-HSOXXSzwY",
                    "data": {
                        "text": "<i><span style=\"font-size: 10pt; line-height: 14.2667px; font-family: &quot;inherit&quot;, serif; color: rgb(51, 51, 51);\">- Quy trnh khng giy t</span></i><span style=\"font-size: 10pt; line-height: 14.2667px; font-family: Inter; color: rgb(51, 51, 51);\"></span>"
                    },
                    "type": "paragraph"
                },
                {
                    "id": "7K5z-qod-w",
                    "data": {
                        "text": "<span style=\"font-size: 10pt; line-height: 14.2667px; font-family: &quot;inherit&quot;, serif; color: rgb(51, 51, 51);\">Ch yu cu CMT/CCCD</span>"
                    },
                    "type": "paragraph"
                },
                {
                    "id": "xntl7lNM0H",
                    "data": {
                        "text": "<span style=\"font-size: 10pt; line-height: 14.2667px; font-family: &quot;inherit&quot;, serif; color: rgb(51, 51, 51);\">ng k hon ton trc tuyn thng qua my tnh bng ti ca hng</span>"
                    },
                    "type": "paragraph"
                },
                {
                    "id": "BadBbOYOr2",
                    "data": {
                        "text": "<i><span style=\"font-size: 10pt; line-height: 14.2667px; font-family: &quot;inherit&quot;, serif; color: rgb(51, 51, 51);\">-&nbsp;Nhcnhthanhtonbng Knox Guard&nbsp;</span></i><span style=\"font-size: 10pt; line-height: 14.2667px; font-family: Inter; color: rgb(51, 51, 51);\"></span>"
                    },
                    "type": "paragraph"
                },
                {
                    "id": "cWAPmjrcNF",
                    "data": {
                        "text": "<span style=\"font-size: 10pt; line-height: 14.2667px; font-family: &quot;inherit&quot;, serif; color: rgb(51, 51, 51);\">An ton v bo mt hn nh phn mm Knox Guard</span>"
                    },
                    "type": "paragraph"
                },
                {
                    "id": "0mul9eM8Jk",
                    "data": {
                        "text": "<span style=\"font-size: 10pt; line-height: 14.2667px; font-family: &quot;inherit&quot;, serif; color: rgb(51, 51, 51);\">Cng c nhc nh gip khch hng thanh ton ng hn</span>"
                    },
                    "type": "paragraph"
                },
                {
                    "id": "ZNdOKJwR51",
                    "data": {
                        "text": "<span style=\"font-size: 10pt; line-height: 14.2667px; font-family: &quot;inherit&quot;, serif; color: rgb(51, 51, 51);\"><i>4.7. Cch thc tham gia:</i></span><span style=\"font-size: 10pt; line-height: 14.2667px; font-family: Inter; color: rgb(51, 51, 51);\"></span>"
                    },
                    "type": "paragraph"
                },
                {
                    "id": "QhSSsY-ECV",
                    "data": {
                        "text": "<span style=\"line-height: 13.91px;\"><span style=\"font-size: 14px;\">Khch hng c nhu cu mua in thoi Galaxy vay tr gp, lin h nhn vin ca hng</span></span>"
                    },
                    "type": "paragraph"
                },
                {
                    "id": "l946jMvdC3",
                    "data": {
                        "text": "<span style=\"line-height: 13.91px;\">Nhn vin ca hng thu thp thng tin khch hng v h tr ln h s tr gp</span>"
                    },
                    "type": "paragraph"
                },
                {
                    "id": "yP0rurQSSD",
                    "data": {
                        "text": "<span style=\"line-height: 13.91px;\">H s s c n v ti chnh tin hnh thm nh v tr kt qu trong vng 05 - 10 pht</span>"
                    },
                    "type": "paragraph"
                },
                {
                    "id": "-r50xQ7cA1",
                    "data": {
                        "text": "<span style=\"line-height: 13.91px;\">Nu h s c duyt, khch hng s tin hnh k hp ng vay (in t) vi Nh ti chnh, thanh ton khon tr trc cho ca hng (nu c) v khon tin tr gp hng thng cho Nh ti chnh.<font face=\"inherit, serif\"><span style=\"font-size: 12pt;\"></span></font></span>"
                    },
                    "type": "paragraph"
                },
                {
                    "id": "XqbilEiyl-",
                    "data": {
                        "text": "<span style=\"font-size: 12pt; line-height: 17.12px; font-family: &quot;inherit&quot;, serif;\"><i>4.8. iu kin  khch hng tham gia chng trnh:</i></span>"
                    },
                    "type": "paragraph"
                },
                {
                    "id": "M9kvI275bL",
                    "data": {
                        "text": "<span style=\"line-height: 13.91px;\"><span style=\"font-size: 14px;\">L cng dn Vit Nam, ang sinh sng ti Vit Nam</span></span>"
                    },
                    "type": "paragraph"
                },
                {
                    "id": "98LD3Wp07f",
                    "data": {
                        "text": "<span style=\"line-height: 13.91px;\">C Chng Minh Th hoc Cn Cc Cng Dn cn hiu lc</span>"
                    },
                    "type": "paragraph"
                },
                {
                    "id": "SP-Ybq92aU",
                    "data": {
                        "text": "<span style=\"line-height: 13.91px;\">T  18  60 tui</span>"
                    },
                    "type": "paragraph"
                },
                {
                    "id": "AWTQHaHfqC",
                    "data": {
                        "text": "<span style=\"line-height: 13.91px;\">Dng SIM vt l vi s in thoi chnh ch</span>"
                    },
                    "type": "paragraph"
                },
                {
                    "id": "zX8ptzFx2z",
                    "data": {
                        "text": "<span style=\"line-height: 13.91px;\">C hp th in t (email)</span>"
                    },
                    "type": "paragraph"
                },
                {
                    "id": "_KkPJ6bvOr",
                    "data": {
                        "text": "<span style=\"line-height: 13.91px;\">Thu nhp hng thng t 4.000.000VN</span>"
                    },
                    "type": "paragraph"
                },
                {
                    "id": "yafAZAsQUV",
                    "data": {
                        "text": "<span style=\"line-height: 13.91px;\">C mt ti ca hng v s dng s in thoi  nhn m xc thc<font face=\"inherit, serif\"><span style=\"font-size: 12pt;\"></span></font></span>"
                    },
                    "type": "paragraph"
                },
                {
                    "id": "NeeL5X13IT",
                    "data": {
                        "text": "<span style=\"font-size: 12pt; line-height: 17.12px; font-family: &quot;inherit&quot;, serif;\"><b>5. Mt s lu  sau khi khch hon thnh mua in thoi tr gp qua SF+</b></span>"
                    },
                    "type": "paragraph"
                },
                {
                    "id": "CbZ6UpNuc-",
                    "data": {
                        "text": "<span style=\"line-height: 13.91px;\"><span style=\"font-size: 14px;\">Hn mc tr gp cn c vo im tn dng ca Khch hng (c xc nh bi nh ti chnh)</span></span>"
                    },
                    "type": "paragraph"
                },
                {
                    "id": "3JHPolB_GX",
                    "data": {
                        "text": "<span style=\"line-height: 13.91px;\">Khch hng c th tt ton trc k hn bt c khi no v khng pht sinh chi ph</span>"
                    },
                    "type": "paragraph"
                },
                {
                    "id": "fm9GiW_RTb",
                    "data": {
                        "text": "<span style=\"line-height: 13.91px;\">ng dng Samsung Finance+ s c t ng ci t trn thit b  Khch hng thao tc v kim tra thng tin khon vay</span>"
                    },
                    "type": "paragraph"
                },
                {
                    "id": "jL0Nd-ucia",
                    "data": {
                        "text": "<span style=\"line-height: 13.91px;\">Hng thng Khch hng s nhn c thng bo n hn thanh ton trn in thoi</span>"
                    },
                    "type": "paragraph"
                },
                {
                    "id": "MSVZo6eiNL",
                    "data": {
                        "text": "<span style=\"line-height: 13.91px;\">Trng hp qu hn t 1-6 ngy s hin th thng bo nhc nh lin tc trn in thoi v tnh li sut qu hn</span>"
                    },
                    "type": "paragraph"
                },
                {
                    "id": "gbn-D92-Ip",
                    "data": {
                        "text": "<span style=\"line-height: 13.91px;\">Li chm np l 0.1726%/ngy k t ngy n hn thanh ton</span>"
                    },
                    "type": "paragraph"
                },
                {
                    "id": "_iGnNbOr0S",
                    "data": {
                        "text": "<span style=\"line-height: 13.91px;\">Knox Guard s c kch hot  kha tm thi thit b sau 7 ngy chm thanh ton</span>"
                    },
                    "type": "paragraph"
                },
                {
                    "id": "C1dXjUa29S",
                    "data": {
                        "text": "<span style=\"line-height: 13.91px;\">Thit b s c m li sau khi Khch hng thanh ton khon vay n hn</span>"
                    },
                    "type": "paragraph"
                },
                {
                    "id": "NZHG87EMgZ",
                    "data": {
                        "text": "<span style=\"line-height: 13.91px;\">ng dng ch c g ci t sau khi Khch hng tt ton khon vay</span>"
                    },
                    "type": "paragraph"
                },
                {
                    "id": "_Nxp_LCRtO",
                    "data": {
                        "text": "<span style=\"line-height: 13.91px;\">S in thoi ng k bt buc phi lp trn in thoi Galaxy ang tr gp qua SF+</span>"
                    },
                    "type": "paragraph"
                },
                {
                    "id": "oSd4vqkwY2",
                    "data": {
                        "text": "<span style=\"line-height: 13.91px;\">Mi khch hng ch c tham gia tr gp qua Samsung Finance+ (SF+) mt ln ti mt thi im. Mun tham gia li, khch hng cn tt ton khon vay hin ti trc.<font face=\"inherit, serif\"><span style=\"font-size: 12pt;\"></span></font></span>"
                    },
                    "type": "paragraph"
                },
                {
                    "id": "61hoYkYe2G",
                    "data": {
                        "text": "<span style=\"font-size: 10pt; line-height: 14.2667px; font-family: &quot;inherit&quot;, serif; color: rgb(51, 51, 51);\"><b>1. Tn chng trnh:</b><span>&nbsp;</span></span><span style=\"line-height: 13.91px;\">u i tr gp qua Kredivo</span><span style=\"font-size: 10pt; line-height: 14.2667px; font-family: Inter; color: rgb(51, 51, 51);\"></span>"
                    },
                    "type": "paragraph"
                },
                {
                    "id": "JAiGtPLDQd",
                    "data": {
                        "text": "<span style=\"font-size: 10pt; line-height: 14.2667px; font-family: &quot;inherit&quot;, serif; color: rgb(51, 51, 51);\">- Ni dung u i</span>"
                    },
                    "type": "paragraph"
                },
                {
                    "id": "gJ4QPIbTAD",
                    "data": {
                        "content": [
                            [
                                "<span style=\"margin: 0px; padding: 0px; font-family: inherit; color: rgb(0, 0, 0); vertical-align: baseline;\">Ni dung u i</span>",
                                "<span style=\"margin: 0px; padding: 0px; font-family: inherit; color: rgb(0, 0, 0); vertical-align: baseline;\">i tng p dng: Ngi dng mi</span>",
                                "<span style=\"margin: 0px; padding: 0px; font-family: inherit; color: rgb(0, 0, 0); vertical-align: baseline;\">i tng p dng: Ngi dng hin hu</span>"
                            ],
                            [
                                "<span style=\"margin: 0px; padding: 0px; font-family: inherit; color: rgb(0, 0, 0); vertical-align: baseline;\">Gim 300.000 cho n t 7.000.000 (3/6/12 thng)&nbsp;p dng: n ht ngy 31/7/2024</span>",
                                "<span style=\"margin: 0px; padding: 0px; font-family: inherit; color: rgb(0, 0, 0); vertical-align: baseline;\">x</span>",
                                "<span style=\"margin: 0px; padding: 0px; font-family: inherit; color: rgb(0, 0, 0); vertical-align: baseline;\"></span>"
                            ],
                            [
                                "<span style=\"margin: 0px; padding: 0px; color: rgb(0, 0, 0); vertical-align: baseline;\">Gim 700.000 cho n t 10.000.000 (3/6/12 thng)</span><span style=\"margin: 0px; padding: 0px; color: rgb(0, 0, 0); vertical-align: baseline;\">p dng: n ht ngy 31/7/2024</span>",
                                "<span style=\"margin: 0px; padding: 0px; font-family: inherit; color: rgb(0, 0, 0); vertical-align: baseline; -webkit-user-drag: none; overflow: visible;\">x</span>",
                                ""
                            ],
                            [
                                "<span style=\"margin: 0px; padding: 0px; font-family: inherit; color: rgb(0, 0, 0); vertical-align: baseline;\">Gim 5% ti a 200k t n hng 700.000 (6/12 thng)(Voucher ny trn h thng Kredivo s t ng c trong gi nu khch hng  iu kin nhn)</span>",
                                "<span style=\"margin: 0px; padding: 0px; font-family: inherit; color: rgb(0, 0, 0); vertical-align: baseline;\"></span>",
                                "<span style=\"margin: 0px; padding: 0px; font-family: inherit; color: rgb(0, 0, 0); vertical-align: baseline;\">x</span>"
                            ]
                        ],
                        "stretched": false,
                        "withHeadings": false
                    },
                    "type": "table"
                },
                {
                    "id": "82Xyl4c26b",
                    "data": {
                        "text": "<span style=\"margin: 0px; padding: 0px; font-weight: 700; font-family: inherit; color: inherit; text-align: left; -webkit-user-drag: none; overflow: visible;\"><span style=\"margin: 0px; padding: 0px; font-family: Inter, sans-serif; font-size: inherit; color: rgb(51, 51, 51); vertical-align: baseline; font-weight: 400;\"><i>Tt c voucher u khng p dng li nu Tr gp ca khch hng b loi/hy</i></span></span>"
                    },
                    "type": "paragraph"
                },
                {
                    "id": "UdZSw10Gwj",
                    "data": {
                        "text": "<span style=\"font-size: 10pt; line-height: 14.2667px; font-family: &quot;inherit&quot;, serif; color: rgb(102, 0, 255);\">Lu :&nbsp;</span><span style=\"font-size: 10pt; line-height: 14.2667px; font-family: Inter; color: rgb(51, 51, 51);\"></span>"
                    },
                    "type": "paragraph"
                },
                {
                    "id": "Di1goHIdke",
                    "data": {
                        "text": "<span style=\"font-size: 10pt; line-height: 14.2667px; font-family: &quot;inherit&quot;, serif; color: rgb(0, 85, 255);\">1. Vi voucher gim 5% ti a 200k ch p dng cho KH tho mn cc iu kin sau:</span><span style=\"font-size: 10pt; line-height: 14.2667px; font-family: Inter; color: rgb(51, 51, 51);\"></span>"
                    },
                    "type": "paragraph"
                },
                {
                    "id": "3qw7c63Bzx",
                    "data": {
                        "text": "<span style=\"font-size: 10pt; line-height: 14.2667px; font-family: &quot;inherit&quot;, serif; color: rgb(0, 85, 255);\">- Thc hin giao dch t ln th 2 qua Kredivo&nbsp;</span><span style=\"font-size: 10pt; line-height: 14.2667px; font-family: Inter; color: rgb(51, 51, 51);\"></span>"
                    },
                    "type": "paragraph"
                },
                {
                    "id": "gkRdzQSga5",
                    "data": {
                        "text": "<span style=\"font-size: 10pt; line-height: 14.2667px; font-family: &quot;inherit&quot;, serif; color: rgb(0, 85, 255);\">- K hn tr gp: 6/12 thng</span><span style=\"font-size: 10pt; line-height: 14.2667px; font-family: Inter; color: rgb(51, 51, 51);\"></span>"
                    },
                    "type": "paragraph"
                },
                {
                    "id": "s1ZqV5v02U",
                    "data": {
                        "text": "<span style=\"font-size: 10pt; line-height: 14.2667px; font-family: &quot;inherit&quot;, serif; color: rgb(0, 85, 255);\">- Gi tr n hng ti thiu: 700.000</span><span style=\"font-size: 10pt; line-height: 14.2667px; font-family: Inter; color: rgb(51, 51, 51);\"></span>"
                    },
                    "type": "paragraph"
                },
                {
                    "id": "5NcHaij4ZT",
                    "data": {
                        "text": "<span style=\"font-size: 10pt; line-height: 14.2667px; font-family: Inter; color: rgb(51, 51, 51);\"><b>2. Voucher ch c p dng 1 ln/ngi trong thi gian din ra khuyn mi</b></span>"
                    },
                    "type": "paragraph"
                },
                {
                    "id": "NOJiYIw7RB",
                    "data": {
                        "text": "<span style=\"font-size: 10pt; line-height: 14.2667px; font-family: Inter; color: rgb(51, 51, 51);\"><b>3.&nbsp; Voucher s khng c s dng li nu n hng b hy</b></span>"
                    },
                    "type": "paragraph"
                },
                {
                    "id": "s26HsBtvCP",
                    "data": {
                        "text": "<span style=\"font-size: 10pt; line-height: 14.2667px; font-family: &quot;inherit&quot;, serif;\"><i><b><font color=\"#085294\">* Thng tin chi tit v cc gi tr gp Kredivo</font></b></i></span><span style=\"font-size: 10pt; line-height: 14.2667px; font-family: Inter; color: rgb(51, 51, 51);\"></span>"
                    },
                    "type": "paragraph"
                },
                {
                    "id": "KGTzQj6Kip",
                    "data": {
                        "content": [
                            [
                                "",
                                "<span style=\"font-size: 10pt; line-height: 14.2667px; font-family: &quot;inherit&quot;, serif; color: rgb(51, 51, 51);\">Thanh ton sau 30 ngy</span>",
                                "<span style=\"font-size: 10pt; line-height: 14.2667px; font-family: &quot;inherit&quot;, serif; color: rgb(51, 51, 51);\">Thanh ton sau 3 thng</span>",
                                "<span style=\"font-size: 10pt; line-height: 14.2667px; font-family: &quot;inherit&quot;, serif; color: rgb(51, 51, 51);\">Tr gp 6-12 thng</span>"
                            ],
                            [
                                "<span style=\"font-size: 10pt; line-height: 14.2667px; font-family: &quot;inherit&quot;, serif; color: rgb(51, 51, 51);\">Sn phm p dng</span>",
                                "<span style=\"font-size: 10pt; line-height: 14.2667px; font-family: &quot;inherit&quot;, serif; color: rgb(51, 51, 51);\">Tt c sn phm</span>",
                                "<span style=\"font-size: 10pt; line-height: 14.2667px; font-family: &quot;inherit&quot;, serif; color: rgb(51, 51, 51);\">Tt c sn phm</span>",
                                "<span style=\"font-size: 10pt; line-height: 14.2667px; font-family: &quot;inherit&quot;, serif; color: rgb(51, 51, 51);\">Tt c sn phm</span>"
                            ],
                            [
                                "<span style=\"font-size: 10pt; line-height: 14.2667px; font-family: &quot;inherit&quot;, serif; color: rgb(51, 51, 51);\">Mc giao dch</span>",
                                "<span style=\"font-size: 10pt; line-height: 14.2667px; font-family: &quot;inherit&quot;, serif; color: rgb(51, 51, 51);\">Min: 0Max: 5.000.000</span>",
                                "<span style=\"font-size: 10pt; line-height: 14.2667px; font-family: &quot;inherit&quot;, serif; color: rgb(51, 51, 51);\">Min: 800.000Max: 5.000.000 (vi ngi dng c bn)Max: 50.000.000 (Vi ngi dng cao cp)</span>",
                                "<span style=\"font-size: 10pt; line-height: 14.2667px; font-family: &quot;inherit&quot;, serif; color: rgb(51, 51, 51);\">Min: 750.000Max: 50.000.000</span>"
                            ],
                            [
                                "<span style=\"font-size: 10pt; line-height: 14.2667px; font-family: &quot;inherit&quot;, serif; color: rgb(51, 51, 51);\">p dng cho</span>",
                                "<span style=\"font-size: 10pt; line-height: 14.2667px; font-family: &quot;inherit&quot;, serif; color: rgb(51, 51, 51);\">Ngi dng c bn, Ngi dng cao cp</span>",
                                "<span style=\"font-size: 10pt; line-height: 14.2667px; font-family: &quot;inherit&quot;, serif; color: rgb(51, 51, 51);\">Ngi dng c bn, Ngi dng cao cp</span>",
                                "<span style=\"font-size: 10pt; line-height: 14.2667px; font-family: &quot;inherit&quot;, serif; color: rgb(51, 51, 51);\">Ngi dng cao cp</span>"
                            ],
                            [
                                "<span style=\"font-size: 10pt; line-height: 14.2667px; font-family: &quot;inherit&quot;, serif; color: rgb(51, 51, 51);\">Li sut</span>",
                                "<span style=\"font-size: 10pt; line-height: 14.2667px; font-family: &quot;inherit&quot;, serif; color: rgb(51, 51, 51);\">0%</span>",
                                "<span style=\"font-size: 10pt; line-height: 14.2667px; font-family: &quot;inherit&quot;, serif; color: rgb(51, 51, 51);\">0%</span>",
                                "<span style=\"font-size: 10pt; line-height: 14.2667px; font-family: &quot;inherit&quot;, serif; color: rgb(51, 51, 51);\">C nh 2.5%/thng</span>"
                            ],
                            [
                                "<span style=\"font-size: 10pt; line-height: 14.2667px; font-family: &quot;inherit&quot;, serif; color: rgb(51, 51, 51);\">Ph dch v</span>",
                                "<span style=\"font-size: 10pt; line-height: 14.2667px; font-family: &quot;inherit&quot;, serif; color: rgb(51, 51, 51);\">1%</span>",
                                "<span style=\"font-size: 10pt; line-height: 14.2667px; font-family: &quot;inherit&quot;, serif; color: rgb(51, 51, 51);\">- Vi ngi dng cao cp: 1%/thng- Vi ngi dng c bn: 2%/thng</span>",
                                "<span style=\"font-size: 10pt; line-height: 14.2667px; font-family: &quot;inherit&quot;, serif; color: rgb(51, 51, 51);\">0%</span>"
                            ],
                            [
                                "<span style=\"font-size: 10pt; line-height: 14.2667px; font-family: &quot;inherit&quot;, serif; color: rgb(51, 51, 51);\">Ph li chm tr cho KH</span>",
                                "<span style=\"font-size: 10pt; line-height: 14.2667px; font-family: &quot;inherit&quot;, serif; color: rgb(51, 51, 51);\">5.25%/thng</span>",
                                "<span style=\"font-size: 10pt; line-height: 14.2667px; font-family: &quot;inherit&quot;, serif; color: rgb(51, 51, 51);\">5.25%/thng</span>",
                                "<span style=\"font-size: 10pt; line-height: 14.2667px; font-family: &quot;inherit&quot;, serif; color: rgb(51, 51, 51);\">5.25%/thng</span>"
                            ]
                        ],
                        "stretched": false,
                        "withHeadings": false
                    },
                    "type": "table"
                },
                {
                    "id": "dh6A3nmJ_O",
                    "data": {
                        "text": "<span style=\"font-size: 10pt; line-height: 14.2667px; font-family: &quot;inherit&quot;, serif; color: rgb(51, 51, 51);\"><i><b>Lu :</b></i></span><span style=\"font-size: 10pt; line-height: 14.2667px; font-family: Inter; color: rgb(51, 51, 51);\"></span>"
                    },
                    "type": "paragraph"
                },
                {
                    "id": "1B4vHlbUGS",
                    "data": {
                        "text": "<span style=\"font-size: 10pt; line-height: 14.2667px; font-family: &quot;inherit&quot;, serif; color: rgb(51, 51, 51);\">- Ngi dng c bn: c cp hn mc ti a 6 triu, c 2 k hn 30 ngy v 3 thng.&nbsp;</span><span style=\"font-size: 10pt; line-height: 14.2667px; font-family: Inter; color: rgb(51, 51, 51);\"></span>"
                    },
                    "type": "paragraph"
                },
                {
                    "id": "2Anv2N4-W5",
                    "data": {
                        "text": "<span style=\"font-size: 10pt; line-height: 14.2667px; font-family: &quot;inherit&quot;, serif; color: rgb(51, 51, 51);\">- Ngi dng cao cp: c cp hn mc ln ti 50triu, c thm 2 k hn 6 v 12 thng</span><span style=\"font-size: 10pt; line-height: 14.2667px; font-family: Inter; color: rgb(51, 51, 51);\"></span>"
                    },
                    "type": "paragraph"
                },
                {
                    "id": "Zep84NCCdy",
                    "data": {
                        "text": "<span style=\"font-size: 10pt; line-height: 14.2667px; font-family: &quot;inherit&quot;, serif;\"><b><i><font color=\"#3984c6\">* Quy trnh ng k ngi dng mi Kredivo:</font></i></b></span>"
                    },
                    "type": "paragraph"
                },
                {
                    "id": "RZL2BpUn17",
                    "data": {
                        "text": "<span style=\"font-size: 10pt; line-height: 14.2667px; font-family: &quot;inherit&quot;, serif;\"><b><i><font color=\"#3984c6\">* Quy trnh thanh ton:&nbsp;</font></i></b></span><span style=\"font-size: 10pt; line-height: 14.2667px; font-family: Inter; color: rgb(51, 51, 51);\"></span>"
                    },
                    "type": "paragraph"
                },
                {
                    "id": "V-wfMYitL5",
                    "data": {
                        "text": "<span style=\"font-size: 10pt; line-height: 14.2667px; font-family: Inter; color: rgb(51, 51, 51);\">- Bc 1:&nbsp;Truy cp Website Hong H Mobile, sau  thm sn phm mun mua vo gi hng</span>"
                    },
                    "type": "paragraph"
                },
                {
                    "id": "Fpk6oadY2d",
                    "data": {
                        "text": "<span style=\"font-size: 10pt; line-height: 14.2667px; font-family: Inter; color: rgb(51, 51, 51);\">- Bc 2: Tin hnh nhp y  thng tin t hng ti Hong H Mobile, sau  hon tt t hng =&gt; H thng s chuyn sang giao din thanh ton, khch hng chn hnh thc thanh ton bng Kredivo</span>"
                    },
                    "type": "paragraph"
                },
                {
                    "id": "cJj6GWVK1Z",
                    "data": {
                        "text": "<span style=\"font-size: 10pt; line-height: 14.2667px; font-family: Inter; color: rgb(51, 51, 51);\">- Bc 3: KH c chuyn sang giao din thanh ton ca Kredivo</span>"
                    },
                    "type": "paragraph"
                },
                {
                    "id": "T7RJR5z8KJ",
                    "data": {
                        "text": "<span style=\"font-size: 10pt; line-height: 14.2667px; font-family: Inter; color: rgb(51, 51, 51);\">- Bc 4: KH hon tt thanh ton bng Kredivo bng cch nhp m PIN nhn c qua SMS.</span>"
                    },
                    "type": "paragraph"
                },
                {
                    "id": "r7KwRaiypy",
                    "data": {
                        "text": "<span style=\"font-size: 10pt; line-height: 14.2667px; color: rgb(51, 51, 51);\">Hong H Mobile xin trn trng cm n cc qu khch hng!</span>"
                    },
                    "type": "paragraph"
                }
            ],
            "version": "2.28.0"
        },
        "created_at": "2022-05-13T16:45:57.101Z"
    }
},
{
    "model": "page.page",
    "pk": 4,
    "fields": {
        "published_at": "2024-11-21T05:27:43.981Z",
        "is_published": true,
        "private_metadata": {},
        "metadata": {},
        "seo_title": "",
        "seo_description": "",
        "slug": "cham-soc-khach-hang",
        "title": " Chm sc khch hng",
        "page_type": 4,
        "content": {
            "time": 1732615318459,
            "blocks": [
                {
                    "id": "kfFVuYo2Lh",
                    "data": {
                        "text": "<editorjs-style><editorjs-style>B phn Chm sc khch hng l b phn chuyn tip nhn gp , thc mc &amp; phn hi ca khch hng trc, ang v sau khi mua hng.</editorjs-style></editorjs-style>&nbsp;"
                    },
                    "type": "paragraph"
                },
                {
                    "id": "KP4zHhKS1F",
                    "data": {
                        "text": "Vi i ng nhn vin nng ng &amp; sn sng lng nghe, mi thc mc v dch v, cht lng sn phm,... u s c tip nhn v t vn r rng, c th, nhm mang li cho khch hng tri nghim mua hng trn vn nht ti Hong H Mobile."
                    },
                    "type": "paragraph"
                },
                {
                    "id": "CgELt1ZOGE",
                    "data": {
                        "text": "Qu khch cn thng tin v sn phm, chnh sch bn hng hoc cc vn  lin quan ti Hong H Mobile, xin vui lng lin h b phn Chm sc khch hng qua hnh thc:"
                    },
                    "type": "paragraph"
                },
                {
                    "id": "cQhAn6q9WS",
                    "data": {
                        "text": "- Email:<span>&nbsp;</span><font color=\"#3984c6\" style=\"color: rgb(236, 120, 120);\"><mark style=\"background-color: rgb(255, 191, 0); color: rgb(236, 120, 120);\">cskh@hoanghamobile.com</mark></font>"
                    },
                    "type": "paragraph"
                },
                {
                    "id": "km2SmPiRah",
                    "data": {
                        "text": "- Hotline:<span>&nbsp;</span><b>1900 2091</b>"
                    },
                    "type": "paragraph"
                },
                {
                    "id": "8K2Aoi5hz1",
                    "data": {
                        "text": "- S ng k tn thng hiu \"Hoang Ha\""
                    },
                    "type": "paragraph"
                },
                {
                    "id": "pH9Ws3PwLj",
                    "data": {
                        "items": [
                            "ST 1:<span>&nbsp;</span><b>0932806326</b>",
                            "ST 2:<span>&nbsp;</span><b>0363304566</b>",
                            "<b><span style=\"font-weight: 400;\">ST 3:</span>&nbsp;0912199326</b>"
                        ],
                        "style": "unordered"
                    },
                    "type": "list"
                },
                {
                    "id": "-nImtaSd8h",
                    "data": {
                        "text": "Hoc  li tin nhn qua fanpage Hong H Mobile. Chng ti s c gng phn hi sm nht c th."
                    },
                    "type": "paragraph"
                },
                {
                    "id": "fL7JVqdlHF",
                    "data": {
                        "text": "Zalo:<span>&nbsp;</span><a href=\"https://zalo.me/262829019064124420?gidzl=BuD-Q9ggW5KWddjecxM4KIoQTcA1jOmFCybpDu7XtGzXo20sXEBQ23IPTJU0vTfUEiqZCsI36ieBdQc0LW\" target=\"_blank\"><b>/ZaloHoangHa</b></a>"
                    },
                    "type": "paragraph"
                },
                {
                    "id": "HFdAErDnVG",
                    "data": {
                        "text": "Facebook:<span>&nbsp;</span><b><font color=\"#085294\">/</font></b><a href=\"https://www.facebook.com/hoanghamobilecom\" target=\"_blank\"><b>Hoanghamobilecom</b></a>"
                    },
                    "type": "paragraph"
                }
            ],
            "version": "2.28.0"
        },
        "created_at": "2024-11-21T05:27:43.998Z"
    }
},
{
    "model": "page.page",
    "pk": 5,
    "fields": {
        "published_at": "2024-11-21T05:28:55.103Z",
        "is_published": true,
        "private_metadata": {},
        "metadata": {},
        "seo_title": "",
        "seo_description": "",
        "slug": "huong-dan-mua-hang-va-chinh-sach-van-chuyen",
        "title": "Hng dn mua hng v chnh sch vn chuyn",
        "page_type": 4,
        "content": {
            "time": 1732615382041,
            "blocks": [
                {
                    "id": "1u6Oyz0V42",
                    "data": {
                        "text": "<b><span lang=\"vi\" style=\"font-size: 14pt; line-height: 28px;\"><span style=\"font-variant-numeric: normal; font-variant-east-asian: normal; font-weight: normal; font-stretch: normal; font-size: 7pt; line-height: normal; font-family: &quot;Times New Roman&quot;;\">&nbsp;</span>I.<span style=\"font-variant-numeric: normal; font-variant-east-asian: normal; font-weight: normal; font-stretch: normal; font-size: 7pt; line-height: normal; font-family: &quot;Times New Roman&quot;;\">&nbsp;&nbsp;&nbsp;&nbsp;&nbsp;&nbsp;&nbsp;<span>&nbsp;</span></span></span></b><b><span lang=\"vi\" style=\"font-size: 14pt; line-height: 28px;\">TIN HNH T HNG</span></b>"
                    },
                    "type": "paragraph"
                },
                {
                    "id": "SN5MkybSAw",
                    "data": {
                        "text": "<span lang=\"vi\" style=\"line-height: 19.5px;\"><b>Bc 1:<span>&nbsp;</span></b></span><span lang=\"vi\" style=\"line-height: 19.5px;\"><b>t hng online bng mt trong cc hnh thc sau:</b></span>"
                    },
                    "type": "paragraph"
                },
                {
                    "id": "rNN8Z25R24",
                    "data": {
                        "text": "<span lang=\"vi\" style=\"line-height: 19.5px;\"><span style=\"font-variant-numeric: normal; font-variant-east-asian: normal; font-stretch: normal; line-height: normal;\">&nbsp;&nbsp;&nbsp;&nbsp;<span>&nbsp;</span></span></span><span lang=\"vi\" style=\"line-height: 19.5px;\">t trc tip ti nt Mua Ngay mu  hoc Chat trc tuyn trn website:<span>&nbsp;</span></span><span lang=\"vi\"><a href=\"https://hoanghamobile.com/\"><span style=\"line-height: 19.5px;\">https://hoanghamobile.com</span></a></span><span lang=\"vi\" style=\"line-height: 19.5px;\"></span>"
                    },
                    "type": "paragraph"
                },
                {
                    "id": "t6QadezTmF",
                    "data": {
                        "text": "<span lang=\"vi\" style=\"line-height: 19.5px;\"><span style=\"font-variant-numeric: normal; font-variant-east-asian: normal; font-stretch: normal; line-height: normal;\">&nbsp;&nbsp;&nbsp;&nbsp;<span>&nbsp;</span></span></span><span lang=\"vi\" style=\"line-height: 19.5px;\">Gi in n tng i: 1900 2091</span>"
                    },
                    "type": "paragraph"
                },
                {
                    "id": "9VJAXfrnus",
                    "data": {
                        "text": "<span lang=\"vi\" style=\"line-height: 19.5px;\"><span style=\"font-variant-numeric: normal; font-variant-east-asian: normal; font-stretch: normal; line-height: normal;\">&nbsp;&nbsp;&nbsp;&nbsp;<span>&nbsp;</span></span></span><span lang=\"vi\" style=\"line-height: 19.5px;\">Bnh lun thng tin hoc chat trc tuyn trn Facebook:<span>&nbsp;</span></span><span lang=\"vi\"><a href=\"https://facebook.com/hoanghamobilecom\"><span style=\"line-height: 19.5px;\">https://facebook.com/hoanghamobilecom</span></a></span><span lang=\"vi\" style=\"line-height: 19.5px;\">.</span>"
                    },
                    "type": "paragraph"
                },
                {
                    "id": "wyoCB1iR75",
                    "data": {
                        "text": "<span lang=\"vi\" style=\"line-height: 19.5px;\"><span style=\"font-variant-numeric: normal; font-variant-east-asian: normal; font-stretch: normal; line-height: normal;\">&nbsp;&nbsp;&nbsp;&nbsp;<span>&nbsp;</span></span></span><span lang=\"vi\" style=\"line-height: 19.5px;\">Gi thng tin t hng qua email:<span>&nbsp;</span></span><span lang=\"vi\"><a href=\"mailto:online@hoanghamobile.com\"><span style=\"line-height: 19.5px;\">online@hoanghamobile.com</span></a></span><span lang=\"vi\" style=\"font-size: 14pt; line-height: 28px;\"></span>"
                    },
                    "type": "paragraph"
                },
                {
                    "id": "RvC2mi7KZH",
                    "data": {
                        "text": "<span lang=\"vi\" style=\"line-height: 19.5px;\"><b>Bc 2:</b></span><span lang=\"vi\" style=\"line-height: 19.5px;\"><b><span>&nbsp;</span>Hong H Mobile s c nhn vin gi in v xc nhn n hng ca qu khch</b></span>"
                    },
                    "type": "paragraph"
                },
                {
                    "id": "7haLPdgMFz",
                    "data": {
                        "text": "<span lang=\"vi\" style=\"line-height: 19.5px;\"><span style=\"font-variant-numeric: normal; font-variant-east-asian: normal; font-stretch: normal; line-height: normal;\">&nbsp;&nbsp;&nbsp;&nbsp;<span>&nbsp;</span></span></span><span lang=\"vi\" style=\"line-height: 19.5px;\">n hng ca qu khch c tnh l thnh cng khi c nhn vin b phn telesale gi in xc nhn v h tr</span>"
                    },
                    "type": "paragraph"
                },
                {
                    "id": "riIvEcP8aH",
                    "data": {
                        "text": "<span lang=\"vi\" style=\"line-height: 19.5px;\"><span style=\"font-variant-numeric: normal; font-variant-east-asian: normal; font-stretch: normal; line-height: normal;\">&nbsp;&nbsp;&nbsp;&nbsp;<span>&nbsp;</span></span></span><span lang=\"vi\" style=\"line-height: 19.5px;\">i vi cc n hng t hng t 8h30 n 16h59 s c xc nhn n hng trong ngy.</span>"
                    },
                    "type": "paragraph"
                },
                {
                    "id": "MjCtxqQkcR",
                    "data": {
                        "text": "<span lang=\"vi\" style=\"line-height: 19.5px;\"><span style=\"font-variant-numeric: normal; font-variant-east-asian: normal; font-stretch: normal; line-height: normal;\">&nbsp;&nbsp;&nbsp;&nbsp;<span>&nbsp;</span></span></span><span lang=\"vi\" style=\"line-height: 19.5px;\">i vi cc n t hng t 17h00 tr i s c xc nhn trong ngy hm sau.</span>"
                    },
                    "type": "paragraph"
                },
                {
                    "id": "wAwHTFjQvQ",
                    "data": {
                        "text": "<span style=\"font-size: 18.6667px;\"><b>Lu :</b></span>"
                    },
                    "type": "paragraph"
                },
                {
                    "id": "QRnl6ZCOk4",
                    "data": {
                        "text": "- n hng online u c min ph giao hng trn ton quc (v ph thu ph cng knh nu c)"
                    },
                    "type": "paragraph"
                },
                {
                    "id": "rOB7QdqkA6",
                    "data": {
                        "text": "- n hng c xc nh l hng cng knh nu ri vo mt trong cc trng hp sau:"
                    },
                    "type": "paragraph"
                },
                {
                    "id": "qFJQ4Rvqbl",
                    "data": {
                        "text": "- C th l hng thuc ngnh hng Laptop, mn hnh, Tivi, hoc ph kin nh my lc khng kh (chi tit nhn vin Hong H s trao i c th khi gi in xc nhn n hng)"
                    },
                    "type": "paragraph"
                },
                {
                    "id": "Po_tXT5zpD",
                    "data": {
                        "text": "- Khi lng thc t &gt; 8kg"
                    },
                    "type": "paragraph"
                },
                {
                    "id": "Od2VCSJx8M",
                    "data": {
                        "text": "- Khi lng quy i &gt; 10kg (DxRxC/5000)"
                    },
                    "type": "paragraph"
                },
                {
                    "id": "SCZ3gBxrev",
                    "data": {
                        "text": "- C 3 chiu c kch thc ln hn 35cm"
                    },
                    "type": "paragraph"
                },
                {
                    "id": "6NWaSG6B3g",
                    "data": {
                        "text": "- C 2 chiu c kch thc ln hn 45cm"
                    },
                    "type": "paragraph"
                },
                {
                    "id": "3bo9zIpky_",
                    "data": {
                        "text": "- Ch cn mt chiu c kch thc ln hn 50cm"
                    },
                    "type": "paragraph"
                },
                {
                    "id": "PL-1UeXpmC",
                    "data": {
                        "text": "&nbsp; &nbsp; &nbsp;a ch giao hng m qu khch cung cp trong qu trnh t hng c th c thay i sau khi yu cu t hng  c Hong H Mobile tip nhn.  thay i (cc) thng tin ny, qu khch cn lin h sm nht vi Hong H Mobile vi thng tin c cp nht chnh xc."
                    },
                    "type": "paragraph"
                },
                {
                    "id": "y2xotpYwXp",
                    "data": {
                        "text": "<b><span lang=\"vi\" style=\"font-size: 14pt; line-height: 28px;\"><span style=\"font-variant-numeric: normal; font-variant-east-asian: normal; font-weight: normal; font-stretch: normal; font-size: 7pt; line-height: normal; font-family: &quot;Times New Roman&quot;;\">&nbsp;&nbsp;<span>&nbsp;</span></span>II.<span style=\"font-variant-numeric: normal; font-variant-east-asian: normal; font-weight: normal; font-stretch: normal; font-size: 7pt; line-height: normal; font-family: &quot;Times New Roman&quot;;\">&nbsp;&nbsp;&nbsp;&nbsp;&nbsp;&nbsp;&nbsp;<span>&nbsp;</span></span></span></b><b><span lang=\"vi\" style=\"font-size: 14pt; line-height: 28px;\">HNG DN THANH TON</span></b>"
                    },
                    "type": "paragraph"
                },
                {
                    "id": "k3Qzu_22Hq",
                    "data": {
                        "text": "<span lang=\"vi\" style=\"line-height: 19.5px;\"><b>Hong H Mobile hin h tr thanh ton theo cc cch thc sau:</b></span>"
                    },
                    "type": "paragraph"
                },
                {
                    "id": "L4pgq-VQkI",
                    "data": {
                        "text": "<span lang=\"vi\" style=\"line-height: 19.5px;\">A/ Thanh ton ti ca hng (Tin mt, chuyn khon, qut th)</span>"
                    },
                    "type": "paragraph"
                },
                {
                    "id": "GSKzYQKJqY",
                    "data": {
                        "text": "<span lang=\"vi\" style=\"line-height: 19.5px;\">B/ Thanh ton vi n hng Online</span><span lang=\"vi\" style=\"line-height: 19.5px;\"></span>"
                    },
                    "type": "paragraph"
                },
                {
                    "id": "CUrMw7GzfQ",
                    "data": {
                        "text": "<span lang=\"vi\" style=\"line-height: 19.5px;\">Khch hng c th thanh ton bng 2 cch sau:</span>"
                    },
                    "type": "paragraph"
                },
                {
                    "id": "5ue-v2WjVM",
                    "data": {
                        "text": "<span lang=\"vi\" style=\"line-height: 19.5px;\"><span style=\"font-variant-numeric: normal; font-variant-east-asian: normal; font-stretch: normal; line-height: normal;\">&nbsp;&nbsp;&nbsp;&nbsp;<span>&nbsp;</span></span></span><span lang=\"vi\" style=\"line-height: 19.5px;\">Cch 1</span><span lang=\"vi\" style=\"line-height: 19.5px;\">: Nhn hng ti nh v thanh ton bng hnh thc COD (thanh ton trc tip cho nhn vin bu t).</span>"
                    },
                    "type": "paragraph"
                },
                {
                    "id": "OZ24ztNl8q",
                    "data": {
                        "text": "<span lang=\"vi\" style=\"line-height: 19.5px;\"><span style=\"font-variant-numeric: normal; font-variant-east-asian: normal; font-stretch: normal; line-height: normal;\">&nbsp;&nbsp;&nbsp;&nbsp;<span>&nbsp;</span></span></span><span lang=\"vi\" style=\"line-height: 19.5px;\">Cch 2</span><span lang=\"vi\" style=\"line-height: 19.5px;\">: Thanh ton trc tip qua QR Code ti website.</span>"
                    },
                    "type": "paragraph"
                },
                {
                    "id": "CvSj-xZphn",
                    "data": {
                        "text": "<span lang=\"vi\" style=\"line-height: 19.5px;\">+ Khch hng nhp thng tin mua hng+ Sau khi tin hnh t hng, khch chn thanh ton qua Chuyn khon VietQR.+ Khch hng truy cp ng dng ngn hng/ V in t v thc hin thanh ton bng hnh thc qut m QR  thanh ton.+ Cch thc chi tit tham kho<span>&nbsp;</span></span><span lang=\"vi\"><a href=\"https://hoanghamobile.com/tin-tuc/huong-dan-thanh-toan-online-tai-website-hoang-ha-mobile\"><span style=\"line-height: 19.5px;\">&gt;&gt; ti y &lt;&lt;</span></a></span>"
                    },
                    "type": "paragraph"
                },
                {
                    "id": "8dQqrxDy4K",
                    "data": {
                        "text": "<a href=\"https://hoanghamobile.com/tin-tuc/huong-dan-thanh-toan-online-tai-website-hoang-ha-mobile\"><span style=\"line-height: 27px;\">L</span></a><span style=\"text-align: left;\">u :</span>"
                    },
                    "type": "paragraph"
                },
                {
                    "id": "m1qYOiOe01",
                    "data": {
                        "items": [
                            "<span lang=\"vi\">Thanh ton online qua VietQR khng p dng vi n hng trn 20 triu ng</span>",
                            "<span lang=\"vi\">Trng hp mun xut ha n  VAT cng ty th i tng giao dch phi thuc cng ty cn xut ha n</span>"
                        ],
                        "style": "unordered"
                    },
                    "type": "list"
                },
                {
                    "id": "XetCHKaMAk",
                    "data": {
                        "file": {
                            "ulr": "https://res.cloudinary.com/dntus9abj/image/upload/v1732166921/k1yiqc8mnxg2qw6jutjd.webp",
                            "url": "https://res.cloudinary.com/dntus9abj/image/upload/v1732166921/k1yiqc8mnxg2qw6jutjd.webp"
                        },
                        "caption": "",
                        "stretched": false,
                        "withBorder": false,
                        "withBackground": false
                    },
                    "type": "image"
                },
                {
                    "id": "g1ATHCu4FE",
                    "data": {
                        "text": "<b><span lang=\"vi\" style=\"font-size: 14pt; line-height: 28px;\"><span style=\"font-variant-numeric: normal; font-variant-east-asian: normal; font-weight: normal; font-stretch: normal; font-size: 7pt; line-height: normal; font-family: &quot;Times New Roman&quot;;\">&nbsp;</span>III.<span style=\"font-variant-numeric: normal; font-variant-east-asian: normal; font-weight: normal; font-stretch: normal; font-size: 7pt; line-height: normal; font-family: &quot;Times New Roman&quot;;\">&nbsp;&nbsp;&nbsp;&nbsp;&nbsp;&nbsp;&nbsp;<span>&nbsp;</span></span></span></b><b><span lang=\"vi\" style=\"font-size: 14pt; line-height: 28px;\">THI GIAN VN CHUYN V GIAO HNG</span></b>"
                    },
                    "type": "paragraph"
                },
                {
                    "id": "WgTZ4Pxvp7",
                    "data": {
                        "content": [
                            [
                                "",
                                "<span style=\"font-size: 11pt; font-family: Arial, sans-serif; color: rgb(0, 0, 0); background-color: transparent; font-weight: 400; font-style: normal; font-variant: normal; text-decoration: none; vertical-align: baseline; white-space: pre-wrap;\">Ni thnh</span>",
                                "<span style=\"font-size: 11pt; font-family: Arial, sans-serif; color: rgb(0, 0, 0); background-color: transparent; font-weight: 400; font-style: normal; font-variant: normal; text-decoration: none; vertical-align: baseline; white-space: pre-wrap;\">Ngoi thnh</span>"
                            ],
                            [
                                "<span style=\"font-size: 11pt; font-family: Arial, sans-serif; color: rgb(0, 0, 0); background-color: transparent; font-weight: 400; font-style: normal; font-variant: normal; text-decoration: none; vertical-align: baseline; white-space: pre-wrap;\">H Ni v H Ch Minh</span>",
                                "<span style=\"font-size: 11pt; font-family: Arial, sans-serif; color: rgb(0, 0, 0); background-color: transparent; font-weight: 400; font-style: normal; font-variant: normal; text-decoration: none; vertical-align: baseline; white-space: pre-wrap;\">Giao hng trong ngy (p dng vi vng c bn knh &lt; 10km).</span><span style=\"font-size: 11pt; font-family: Arial, sans-serif; color: rgb(0, 0, 0); background-color: transparent; font-weight: 400; font-style: normal; font-variant: normal; text-decoration: none; vertical-align: baseline; white-space: pre-wrap;\">Giao hng 24h (p dng vi vng c bn knh &gt;10km).</span>",
                                "<span style=\"font-size: 11pt; font-family: Arial, sans-serif; color: rgb(0, 0, 0); background-color: transparent; font-weight: 400; font-style: normal; font-variant: normal; text-decoration: none; vertical-align: baseline; white-space: pre-wrap;\">Trong vng 24h - 48h</span>"
                            ],
                            [
                                "<span style=\"font-size: 11pt; font-family: Arial, sans-serif; color: rgb(0, 0, 0); background-color: transparent; font-weight: 400; font-style: normal; font-variant: normal; text-decoration: none; vertical-align: baseline; white-space: pre-wrap;\">Cc Tnh/Thnh ph c ca hng Hong H Mobile</span>",
                                "<span style=\"font-size: 11pt; font-family: Arial, sans-serif; color: rgb(0, 0, 0); background-color: transparent; font-weight: 400; font-style: normal; font-variant: normal; text-decoration: none; vertical-align: baseline; white-space: pre-wrap;\">Giao hng trong ngy</span>",
                                "<span style=\"font-size: 11pt; font-family: Arial, sans-serif; color: rgb(0, 0, 0); background-color: transparent; font-weight: 400; font-style: normal; font-variant: normal; text-decoration: none; vertical-align: baseline; white-space: pre-wrap;\">Trong vng 1 - 3 ngy</span>"
                            ],
                            [
                                "<span style=\"font-size: 11pt; font-family: Arial, sans-serif; color: rgb(0, 0, 0); background-color: transparent; font-weight: 400; font-style: normal; font-variant: normal; text-decoration: none; vertical-align: baseline; white-space: pre-wrap;\">Cc khu vc khc</span>",
                                "<span style=\"font-size: 11pt; font-family: Arial, sans-serif; color: rgb(0, 0, 0); background-color: transparent; font-weight: 400; font-style: normal; font-variant: normal; text-decoration: none; vertical-align: baseline; white-space: pre-wrap;\">Trong vng 2 - 4 ngy ty vng a l</span>",
                                ""
                            ]
                        ],
                        "stretched": false,
                        "withHeadings": false
                    },
                    "type": "table"
                },
                {
                    "id": "zHrcB2CBzF",
                    "data": {
                        "items": [
                            "<span style=\"font-size: 11pt; font-family: Arial, sans-serif; color: rgb(0, 0, 0); background-color: transparent; font-weight: 400; font-style: normal; font-variant: normal; text-decoration: none; vertical-align: baseline; white-space: pre-wrap;\">Thi gian giao hng trn p dng vi n hng xc nhn trc 14h30, cc n hng xc nhn sau thi gian ny s tnh cho ngy k tip hoc khch hng c th nhn ngay ti ca hng.</span>",
                            "<span style=\"font-size: 11pt; font-family: Arial, sans-serif; color: rgb(0, 0, 0); background-color: transparent; font-weight: 400; font-style: normal; font-variant: normal; text-decoration: none; vertical-align: baseline; white-space: pre-wrap;\">Thi gian giao hng khng bao gm ngy Ch nht, ngy l, Tt.</span>",
                            "<span style=\"font-size: 11pt; font-family: Arial, sans-serif; color: rgb(0, 0, 0); background-color: transparent; font-weight: 400; font-style: normal; font-variant: normal; text-decoration: none; vertical-align: baseline; white-space: pre-wrap;\">Qu khch in thng tin xut ha n nu c nhu cu xut ha n</span>"
                        ],
                        "style": "unordered"
                    },
                    "type": "list"
                },
                {
                    "id": "NRvr8ujKsM",
                    "data": {
                        "text": "<span lang=\"vi\" style=\"line-height: 19.5px;\"><b><font color=\"#ce0000\">Lu :</font><span>&nbsp;</span></b></span><span lang=\"vi\" style=\"line-height: 19.5px;\">Thi gian giao hng khng tnh ngy Ch nht v ngy L, Tt.</span>"
                    },
                    "type": "paragraph"
                },
                {
                    "id": "6wa-UDXPwN",
                    "data": {
                        "text": "<span lang=\"vi\" style=\"line-height: 19.5px;\"><span style=\"font-weight: 700; text-align: justify; text-indent: -48px;\"><span lang=\"vi\" style=\"font-size: 14pt; line-height: 28px;\"><span style=\"font-variant-numeric: normal; font-variant-east-asian: normal; font-weight: normal; font-stretch: normal; font-size: 7pt; line-height: normal; font-family: &quot;Times New Roman&quot;;\">&nbsp;</span>IV.<span style=\"font-variant-numeric: normal; font-variant-east-asian: normal; font-weight: normal; font-stretch: normal; font-size: 7pt; line-height: normal; font-family: &quot;Times New Roman&quot;;\">&nbsp;&nbsp;&nbsp;&nbsp;&nbsp;&nbsp;&nbsp;&nbsp;</span></span></span><span style=\"font-weight: 700; text-align: justify; text-indent: -48px;\"><span lang=\"vi\" style=\"font-size: 14pt; line-height: 28px;\">CHNH SCH GIAO HNG TIVI</span></span></span>"
                    },
                    "type": "paragraph"
                },
                {
                    "id": "N_ipXU6JU6",
                    "data": {
                        "content": [
                            [
                                "",
                                "<span style=\"font-size: 11pt; font-family: Arial, sans-serif; color: rgb(0, 0, 0); background-color: transparent; font-weight: 400; font-style: normal; font-variant: normal; text-decoration: none; vertical-align: baseline; white-space: pre-wrap;\">Ni thnh</span>",
                                "<span style=\"font-size: 11pt; font-family: Arial, sans-serif; color: rgb(0, 0, 0); background-color: transparent; font-weight: 400; font-style: normal; font-variant: normal; text-decoration: none; vertical-align: baseline; white-space: pre-wrap;\">Ngoi thnh</span>"
                            ],
                            [
                                "<span style=\"font-size: 11pt; font-family: Arial, sans-serif; color: rgb(0, 0, 0); background-color: transparent; font-weight: 400; font-style: normal; font-variant: normal; text-decoration: none; vertical-align: baseline; white-space: pre-wrap;\">Ti cc tnh/thnh c ca hng Hong H Mobile</span>",
                                "<span style=\"font-size: 11pt; font-family: Arial, sans-serif; color: rgb(0, 0, 0); background-color: transparent; font-weight: 400; font-style: normal; font-variant: normal; text-decoration: none; vertical-align: baseline; white-space: pre-wrap;\">Min ph vn chuyn v lp t vi n hng &lt;15km.</span><span style=\"font-size: 11pt; font-family: Arial, sans-serif; color: rgb(0, 0, 0); background-color: transparent; font-weight: 400; font-style: normal; font-variant: normal; text-decoration: none; vertical-align: baseline; white-space: pre-wrap;\">n hng &gt;15km s tnh ph ph giao hng cng knh vi mc ph  c h tr cn 100.000</span>",
                                "<span style=\"font-size: 11pt; font-family: Arial, sans-serif; color: rgb(0, 0, 0); background-color: transparent; font-weight: 400; font-style: normal; font-variant: normal; text-decoration: none; vertical-align: baseline; white-space: pre-wrap;\">n hng ngoi thnh s tnh ph ph giao hng cng knh vi mc ph  c h tr cn 100.000.</span>"
                            ],
                            [
                                "<span style=\"font-size: 11pt; font-family: Arial, sans-serif; color: rgb(0, 0, 0); background-color: transparent; font-weight: 400; font-style: normal; font-variant: normal; text-decoration: none; vertical-align: baseline; white-space: pre-wrap;\">Cc khu vc khc&nbsp;</span>",
                                "<span style=\"font-size: 11pt; font-family: Arial, sans-serif; color: rgb(0, 0, 0); background-color: transparent; font-weight: 400; font-style: normal; font-variant: normal; text-decoration: none; vertical-align: baseline; white-space: pre-wrap;\">n hng thuc cc khu vc khc s tnh ph ph giao hng cng knh vi mc ph  c h tr cn 100.000.</span>",
                                ""
                            ]
                        ],
                        "stretched": false,
                        "withHeadings": false
                    },
                    "type": "table"
                },
                {
                    "id": "I3Uais3kiW",
                    "data": {
                        "items": [
                            "<span style=\"font-size: 11pt; font-family: Arial, sans-serif; color: rgb(0, 0, 0); background-color: transparent; font-weight: 400; font-style: normal; font-variant: normal; text-decoration: none; vertical-align: baseline; white-space: pre-wrap;\">Lu  v lp t: l h tr lp ln chn  mc nh, thit lp cc ci t v hng dn s dng Tivi.</span>"
                        ],
                        "style": "unordered"
                    },
                    "type": "list"
                },
                {
                    "id": "-mT0Xfvfhn",
                    "data": {
                        "items": [
                            "<span style=\"font-size: 11pt; font-family: Arial, sans-serif; color: rgb(0, 0, 0); background-color: transparent; font-weight: 400; font-style: normal; font-variant: normal; text-decoration: none; vertical-align: baseline; white-space: pre-wrap;\">Khng h tr lp t trong trng hp sn phm c vn chuyn bi i tc vn chuyn bn th 3 nh VNPOST hoc Nht Tn Logistic.</span>",
                            "<span style=\"font-size: 11pt; font-family: Arial, sans-serif; color: rgb(0, 0, 0); background-color: transparent; font-weight: 400; font-style: normal; font-variant: normal; text-decoration: none; vertical-align: baseline; white-space: pre-wrap;\">Vi nhng n c pht sinh ph thu ph giao hng, KH vui lng chuyn khon trc 50 - 100% gi tr n hng.</span>"
                        ],
                        "style": "unordered"
                    },
                    "type": "list"
                },
                {
                    "id": "jStOJktf5w",
                    "data": {
                        "text": "<b><span lang=\"vi\" style=\"font-size: 14pt; line-height: 28px;\"><span style=\"font-variant-numeric: normal; font-variant-east-asian: normal; font-weight: normal; font-stretch: normal; font-size: 7pt; line-height: normal; font-family: &quot;Times New Roman&quot;;\">&nbsp;</span>V.<span style=\"font-variant-numeric: normal; font-variant-east-asian: normal; font-weight: normal; font-stretch: normal; font-size: 7pt; line-height: normal; font-family: &quot;Times New Roman&quot;;\">&nbsp;&nbsp;&nbsp;&nbsp;&nbsp;&nbsp;&nbsp;<span>&nbsp;</span></span></span></b><b><span lang=\"vi\" style=\"font-size: 14pt; line-height: 28px;\">THI GIAN HON TIN</span></b>"
                    },
                    "type": "paragraph"
                },
                {
                    "id": "NO5ugnrJOu",
                    "data": {
                        "text": "<span style=\"font-variant-numeric: normal; font-variant-east-asian: normal; font-variant-alternates: normal; font-variant-position: normal; vertical-align: baseline;\">i vi cc trng hp hu n hng, thi gian hon tin c x l c th:</span>"
                    },
                    "type": "paragraph"
                },
                {
                    "id": "c2qnMMZ478",
                    "data": {
                        "text": "<span style=\"font-variant-numeric: normal; font-variant-east-asian: normal; font-variant-alternates: normal; font-variant-position: normal; vertical-align: baseline;\"><b>1. i vi giao dch tin mt: 1-3 ngy k t khi nhn c yu cu hon.</b></span>"
                    },
                    "type": "paragraph"
                },
                {
                    "id": "bq9ddzctme",
                    "data": {
                        "text": "<b><span style=\"font-variant-numeric: normal; font-variant-east-asian: normal; font-variant-alternates: normal; font-variant-position: normal; vertical-align: baseline;\">2. i vi giao dch chuyn khon:</span><span style=\"font-variant-numeric: normal; font-variant-east-asian: normal; font-variant-alternates: normal; font-variant-position: normal; vertical-align: baseline;\"><span>&nbsp;</span></span><span style=\"font-variant-numeric: normal; font-variant-east-asian: normal; font-variant-alternates: normal; font-variant-position: normal; vertical-align: baseline;\">1-3 ngy k t khi nhn c yu cu hon.</span></b>"
                    },
                    "type": "paragraph"
                },
                {
                    "id": "NCr_GY1CL5",
                    "data": {
                        "text": "<b><span style=\"font-variant-numeric: normal; font-variant-east-asian: normal; font-variant-alternates: normal; font-variant-position: normal; vertical-align: baseline;\">3. i vi giao dch th ATM:</span><span style=\"font-variant-numeric: normal; font-variant-east-asian: normal; font-variant-alternates: normal; font-variant-position: normal; vertical-align: baseline;\"><span>&nbsp;</span></span><span style=\"font-variant-numeric: normal; font-variant-east-asian: normal; font-variant-alternates: normal; font-variant-position: normal; vertical-align: baseline;\">7-10 ngy k t khi nhn c yu cu hon.</span></b>"
                    },
                    "type": "paragraph"
                },
                {
                    "id": "weExEqvBZy",
                    "data": {
                        "text": "<b><span style=\"font-variant-numeric: normal; font-variant-east-asian: normal; font-variant-alternates: normal; font-variant-position: normal; vertical-align: baseline;\">4. i vi giao dch th Visa/Master card/JCB:</span><span style=\"font-variant-numeric: normal; font-variant-east-asian: normal; font-variant-alternates: normal; font-variant-position: normal; vertical-align: baseline;\"><span>&nbsp;</span></span><span style=\"font-variant-numeric: normal; font-variant-east-asian: normal; font-variant-alternates: normal; font-variant-position: normal; vertical-align: baseline;\">7-10 ngy k t khi nhn c yu cu hon.</span></b>"
                    },
                    "type": "paragraph"
                },
                {
                    "id": "EIIavaLWsK",
                    "data": {
                        "text": "<b><span style=\"font-variant-numeric: normal; font-variant-east-asian: normal; font-variant-alternates: normal; font-variant-position: normal; vertical-align: baseline;\">5. i vi giao dch thanh ton qua cng Chuyn khon Bo Kim QR:</span><span style=\"font-variant-numeric: normal; font-variant-east-asian: normal; font-variant-alternates: normal; font-variant-position: normal; vertical-align: baseline;\"><span>&nbsp;</span></span><span style=\"font-variant-numeric: normal; font-variant-east-asian: normal; font-variant-alternates: normal; font-variant-position: normal; vertical-align: baseline;\">1-3 ngy k t khi nhn c yu cu hon.</span></b>"
                    },
                    "type": "paragraph"
                },
                {
                    "id": "En9J4h9jmc",
                    "data": {
                        "text": "<b><span style=\"font-variant-numeric: normal; font-variant-east-asian: normal; font-variant-alternates: normal; font-variant-position: normal; vertical-align: baseline;\">6. i vi giao dch thanh ton qua VNPAY/Zalopay:</span><span style=\"font-variant-numeric: normal; font-variant-east-asian: normal; font-variant-alternates: normal; font-variant-position: normal; vertical-align: baseline;\"><span>&nbsp;</span></span><span style=\"font-variant-numeric: normal; font-variant-east-asian: normal; font-variant-alternates: normal; font-variant-position: normal; vertical-align: baseline;\">7-10 ngy k t khi nhn c yu cu hon.</span></b>"
                    },
                    "type": "paragraph"
                },
                {
                    "id": "c1uOFLfAWE",
                    "data": {
                        "text": "<b><span style=\"font-variant-numeric: normal; font-variant-east-asian: normal; font-variant-alternates: normal; font-variant-position: normal; vertical-align: baseline;\">7.</span><span style=\"font-variant-numeric: normal; font-variant-east-asian: normal; font-variant-alternates: normal; font-variant-position: normal; vertical-align: baseline;\">i vi giao dch thanh ton qua Kredivo:</span><span style=\"font-variant-numeric: normal; font-variant-east-asian: normal; font-variant-alternates: normal; font-variant-position: normal; vertical-align: baseline;\"><span>&nbsp;</span></span><span style=\"font-variant-numeric: normal; font-variant-east-asian: normal; font-variant-alternates: normal; font-variant-position: normal; vertical-align: baseline;\">1-3 ngy k t khi nhn c yu cu hon.</span></b>"
                    },
                    "type": "paragraph"
                },
                {
                    "id": "aj2-oRJaLQ",
                    "data": {
                        "text": "<span style=\"font-variant-numeric: normal; font-variant-east-asian: normal; font-variant-alternates: normal; font-variant-position: normal; vertical-align: baseline;\">Ngy lm vic c hiu l cc ngy trong tun khng bao gm th 7, ch nht, ngy ngh L, Tt.</span>"
                    },
                    "type": "paragraph"
                },
                {
                    "id": "DxO23q4l8C",
                    "data": {
                        "text": "<font color=\"#ce0000\">Lu :</font><span>&nbsp;</span>Hong H Mobile s hon li gi tr sn phm m khch hng  thanh ton"
                    },
                    "type": "paragraph"
                },
                {
                    "id": "q8ek7D-hl1",
                    "data": {
                        "text": "<span style=\"font-weight: 700; text-indent: -48px;\"><span lang=\"vi\" style=\"font-size: 14pt; line-height: 28px;\"><span style=\"font-variant-numeric: normal; font-variant-east-asian: normal; font-weight: normal; font-stretch: normal; font-size: 7pt; line-height: normal; font-family: &quot;Times New Roman&quot;;\">&nbsp;</span>VI.<span style=\"font-variant-numeric: normal; font-variant-east-asian: normal; font-weight: normal; font-stretch: normal; font-size: 7pt; line-height: normal; font-family: &quot;Times New Roman&quot;;\">&nbsp;&nbsp;&nbsp;&nbsp;&nbsp;&nbsp;&nbsp;&nbsp;</span></span></span><span style=\"font-weight: 700; text-indent: -48px;\"><span lang=\"vi\" style=\"font-size: 14pt; line-height: 28px;\">CHNH SCH KIM HNG &amp; KHIU NI SN PHM</span></span><b><span lang=\"vi\" style=\"font-size: 14pt; line-height: 28px;\"></span></b>"
                    },
                    "type": "paragraph"
                },
                {
                    "id": "B3Z7YW2RfD",
                    "data": {
                        "text": "<span lang=\"vi\" style=\"line-height: 19.5px;\"><span style=\"font-variant-numeric: normal; font-variant-east-asian: normal; font-stretch: normal; line-height: normal;\"><span style=\"font-variant-numeric: normal; font-variant-east-asian: normal; font-stretch: normal; line-height: normal;\">&nbsp;</span>&nbsp;&nbsp;</span></span><span lang=\"vi\" style=\"line-height: 19.5px;\">Tt c hng ha ca Hong H Mobile gi i u khng ng kim. Qu khch hng m bu phm vui lng quay li video trong qu trnh m hp sn phm. Nu c pht sinh li, khng ng quy cch sn phm, Hong H Mobile s lm vic trc tip vi khch hng  i tr v hon tin.</span>"
                    },
                    "type": "paragraph"
                },
                {
                    "id": "c8wIlVLh5g",
                    "data": {
                        "text": "<span lang=\"vi\" style=\"line-height: 19.5px;\"><span style=\"font-variant-numeric: normal; font-variant-east-asian: normal; font-stretch: normal; line-height: normal;\">&nbsp;&nbsp;&nbsp;&nbsp;<span>&nbsp;</span></span></span><span lang=\"vi\" style=\"line-height: 19.5px;\">Sn phm ca qu khch s c ng gi nim phong theo tiu chun ca bn chuyn pht nhanh (qun bt kh trc khi b vo hp carton, c ghi hnh trong qu trnh ng gi v c ng nim phong bng bng keo logo ca Hong H Mobile).</span>"
                    },
                    "type": "paragraph"
                },
                {
                    "id": "-HjobcidQ-",
                    "data": {
                        "text": "<span lang=\"vi\" style=\"line-height: 19.5px;\"><span style=\"font-variant-numeric: normal; font-variant-east-asian: normal; font-stretch: normal; line-height: normal;\">&nbsp;&nbsp;&nbsp;&nbsp;<span>&nbsp;</span></span></span><span lang=\"vi\" style=\"line-height: 19.5px;\">Trng hp khi giao n hp hng khng cn nguyn vn, m t, mp, mo hoc mt tem bng keo, khch hng vui lng t chi nhn v lin h tng i ca Hong H Mobile 19002091  c h tr.</span>"
                    },
                    "type": "paragraph"
                },
                {
                    "id": "45PBDcI6Dv",
                    "data": {
                        "text": "<b><span lang=\"vi\" style=\"font-size: 14pt; line-height: 28px;\"><span style=\"font-variant-numeric: normal; font-variant-east-asian: normal; font-weight: normal; font-stretch: normal; font-size: 7pt; line-height: normal; font-family: &quot;Times New Roman&quot;;\">&nbsp;<span>&nbsp;</span></span>VII.<span style=\"font-variant-numeric: normal; font-variant-east-asian: normal; font-weight: normal; font-stretch: normal; font-size: 7pt; line-height: normal; font-family: &quot;Times New Roman&quot;;\">&nbsp;&nbsp;&nbsp;&nbsp;&nbsp;&nbsp;&nbsp;<span>&nbsp;</span></span></span></b><b><span lang=\"vi\" style=\"font-size: 14pt; line-height: 28px;\">CHNH SCH I TR SN PHM</span></b>"
                    },
                    "type": "paragraph"
                },
                {
                    "id": "bR4VmXRyoI",
                    "data": {
                        "text": "<span lang=\"vi\" style=\"line-height: 19.5px;\"><span style=\"font-variant-numeric: normal; font-variant-east-asian: normal; font-stretch: normal; line-height: normal;\"><span style=\"font-variant-numeric: normal; font-variant-east-asian: normal; font-stretch: normal; line-height: normal;\">&nbsp;</span>&nbsp; &nbsp;&nbsp;</span></span><span lang=\"vi\" style=\"line-height: 19.5px;\">p dng chnh sch i mi nh khch mua ti ca hng.</span>"
                    },
                    "type": "paragraph"
                },
                {
                    "id": "TPZlbRKV9r",
                    "data": {
                        "text": "<span lang=\"vi\" style=\"line-height: 19.5px;\"><span style=\"font-variant-numeric: normal; font-variant-east-asian: normal; font-stretch: normal; line-height: normal;\">&nbsp;&nbsp;&nbsp;&nbsp;<span>&nbsp;</span></span></span><span lang=\"vi\" style=\"line-height: 19.5px;\">Hong H Mobile h tr khch hng chi ph vn chuyn vi tt c cc trng hp sn phm pht sinh li trong 15 ngy, gi my bo hnh, i tr (lu  khi gi v cho Hong H vui lng khng khai gi tr sn phm, khng chuyn ha tc) ngoi ra khi my gi v th phi thot ht ti khon (nu c).</span>"
                    },
                    "type": "paragraph"
                },
                {
                    "id": "o88JrZodAy",
                    "data": {
                        "text": "<span lang=\"vi\" style=\"line-height: 19.5px;\"><span style=\"font-variant-numeric: normal; font-variant-east-asian: normal; font-stretch: normal; line-height: normal;\">&nbsp;&nbsp;&nbsp;&nbsp;<span>&nbsp;</span></span></span><span lang=\"vi\" style=\"line-height: 19.5px;\">Thi gian i mi tnh t ngy khch hng nhn my v theo chnh sch bo hnh ca Hong H Mobile.</span>"
                    },
                    "type": "paragraph"
                },
                {
                    "id": "JhzIImVf4p",
                    "data": {
                        "text": "<span lang=\"vi\" style=\"line-height: 19.5px;\"><span style=\"font-variant-numeric: normal; font-variant-east-asian: normal; font-stretch: normal; line-height: normal;\">&nbsp;&nbsp;&nbsp;&nbsp;<span>&nbsp;</span></span></span><span lang=\"vi\" style=\"line-height: 19.5px;\">Khch hng gi my i mi vui lng gi tng i 19002091  c hng dn chi tit.</span>"
                    },
                    "type": "paragraph"
                },
                {
                    "id": "J9Ey-ykUQ4",
                    "data": {
                        "text": "<span lang=\"vi\" style=\"line-height: 19.5px;\"><span style=\"font-variant-numeric: normal; font-variant-east-asian: normal; font-stretch: normal; line-height: normal;\">&nbsp;&nbsp;&nbsp;&nbsp;<span>&nbsp;</span></span></span><span lang=\"vi\" style=\"line-height: 19.5px;\">Nhn c sn phm Hong H s c b phn tip nhn v s lin h trc tip vi qu khch hng trong thi gian sm nht.</span>"
                    },
                    "type": "paragraph"
                },
                {
                    "id": "gGUBa6QHu0",
                    "data": {
                        "text": "<b><span lang=\"vi\" style=\"font-size: 14pt; line-height: 28px;\">Lu :</span></b>"
                    },
                    "type": "paragraph"
                },
                {
                    "id": "M8-myyUNJ8",
                    "data": {
                        "text": "<span lang=\"vi\" style=\"line-height: 19.5px;\"><span style=\"font-variant-numeric: normal; font-variant-east-asian: normal; font-stretch: normal; line-height: normal;\">&nbsp;&nbsp;&nbsp;&nbsp;<span>&nbsp;</span></span></span><span lang=\"vi\" style=\"line-height: 19.5px;\">Hong H Mobile ch chp nhn nhng n t hng khi cung cp  thng tin chnh xc v a ch, s in thoi. Sau khi t hng, Hong H Mobile s lin lc li  kim tra thng tin v tha thun thm nhng iu c lin quan.</span>"
                    },
                    "type": "paragraph"
                },
                {
                    "id": "U5kBjBavPd",
                    "data": {
                        "text": "<span lang=\"vi\" style=\"line-height: 19.5px;\"><span style=\"font-variant-numeric: normal; font-variant-east-asian: normal; font-stretch: normal; line-height: normal;\">&nbsp;&nbsp;&nbsp;&nbsp;<span>&nbsp;</span></span></span><span lang=\"vi\" style=\"line-height: 19.5px;\">Mt s trng hp nhy cm: gi tr n hng qu ln &amp; thi gian giao hng vo bui ti a ch giao hng trong ng hoc c th dn n nguy him. Hong H Mobile s ch ng lin lc vi qu khch  thng nht li thi gian giao hng c th.</span>"
                    },
                    "type": "paragraph"
                },
                {
                    "id": "Wh1hR7hWtx",
                    "data": {
                        "text": "<span lang=\"vi\" style=\"line-height: 19.5px;\"><span style=\"font-variant-numeric: normal; font-variant-east-asian: normal; font-stretch: normal; line-height: normal;\">&nbsp;&nbsp;&nbsp;&nbsp;<span>&nbsp;</span></span></span><span lang=\"vi\" style=\"line-height: 19.5px;\">Trong trng hp giao hng chm tr m khng bo trc, qu khch c th khng nhn hng v chng ti s hon tr ton b s tin m qu khch tr trc (nu c) trong vng 07 ngy.</span>"
                    },
                    "type": "paragraph"
                },
                {
                    "id": "dOYGRLGXU8",
                    "data": {
                        "text": "<span lang=\"vi\" style=\"line-height: 19.5px;\"><span style=\"font-variant-numeric: normal; font-variant-east-asian: normal; font-stretch: normal; line-height: normal;\">&nbsp;&nbsp;&nbsp;&nbsp;<span>&nbsp;</span></span></span><span lang=\"vi\" style=\"line-height: 19.5px;\">Cng ty cam kt tt c hng ha gi n qu khch u l ng nh thng tin ng ti trn website (c y  ha n, c bo hnh chnh thc).</span>"
                    },
                    "type": "paragraph"
                },
                {
                    "id": "RNAUE6xEDQ",
                    "data": {
                        "text": "<span lang=\"vi\" style=\"line-height: 19.5px;\"><span style=\"font-variant-numeric: normal; font-variant-east-asian: normal; font-stretch: normal; line-height: normal;\">&nbsp;&nbsp;&nbsp;&nbsp;<span>&nbsp;</span></span></span><span lang=\"vi\" style=\"line-height: 19.5px;\">Nhng ri ro pht sinh trong qu trnh vn chuyn (va p, m t, tai nn..) c th nh hng n hng ha, v th xin qu khch vui lng kim tra hng ha tht k trc khi k nhn.</span>"
                    },
                    "type": "paragraph"
                },
                {
                    "id": "0GZsyxwApj",
                    "data": {
                        "text": "<span lang=\"vi\" style=\"line-height: 19.5px;\"><span style=\"font-variant-numeric: normal; font-variant-east-asian: normal; font-stretch: normal; line-height: normal;\">&nbsp;&nbsp;&nbsp;&nbsp;<span>&nbsp;</span></span></span><span lang=\"vi\" style=\"line-height: 19.5px;\">Hong H Mobile s khng chu trch nhim vi nhng sai lch hnh thc ca hng ho sau khi qu khch  k nhn hng.</span>"
                    },
                    "type": "paragraph"
                },
                {
                    "id": "3UUwdDTygK",
                    "data": {
                        "text": "<i><span lang=\"vi\" style=\"font-size: 14pt; line-height: 28px;\">Hong H Mobile - Nu nhng g chng ti khng c, ngha l bn khng cn</span></i>"
                    },
                    "type": "paragraph"
                }
            ],
            "version": "2.28.0"
        },
        "created_at": "2024-11-21T05:28:55.209Z"
    }
},
{
    "model": "page.page",
    "pk": 6,
    "fields": {
        "published_at": "2024-11-21T05:29:51.909Z",
        "is_published": true,
        "private_metadata": {},
        "metadata": {},
        "seo_title": "",
        "seo_description": "",
        "slug": "quy-trinh-giai-quyet-tranh-chap-khieu-nai",
        "title": "Quy trnh gii quyt tranh chp, khiu ni",
        "page_type": 4,
        "content": {
            "time": 1732615431459,
            "blocks": [
                {
                    "id": "F5TIBTERa5",
                    "data": {
                        "text": "<font color=\"#00483e\" face=\"inherit\"><span style=\"border-style: initial; border-color: initial; border-image: initial; font-style: inherit; font-variant: inherit; font-weight: inherit; font-stretch: inherit; line-height: inherit; font-optical-sizing: inherit; font-kerning: inherit; font-feature-settings: inherit; font-variation-settings: inherit; outline-color: initial; outline-width: initial;\">Hong</span></font><a href=\"https://hoanghamobile.com/\">&nbsp;H Mobile</a>&nbsp;c trch nhim tip nhn v x l khiu ni ca khch hng lin quan n giao dch ti website&nbsp;<a href=\"https://hoanghamobile.com/\">https://hoanghamobile.com</a>."
                    },
                    "type": "paragraph"
                },
                {
                    "id": "qhyTtVRwCu",
                    "data": {
                        "text": "- Khch hng c quyn gi khiu ni v vic cht lng, dch v, gi c sn phm&nbsp;khng ng vi m t, thng tin thanh ton b tit l gy thit hi cho mnh n Ban qun tr ca Hong H Mobile. Khi tip nhn nhng phn hi ny, Hong H Mobile s xc nhn li thng tin, trng hp ng nh phn nh ca khch hng ty theo mc , Hong H Mobile s c nhng bin php x l kp thi."
                    },
                    "type": "paragraph"
                },
                {
                    "id": "WrUrn1Cfqj",
                    "data": {
                        "text": "Khch hng gi khiu ni ti a ch :"
                    },
                    "type": "paragraph"
                },
                {
                    "id": "161K5s_b8J",
                    "data": {
                        "text": "Tn t chc:&nbsp;<font style=\"color: rgb(236, 120, 120);\"></font>CNG TY C PHN XY DNG V U T THNG MI HONG H"
                    },
                    "type": "paragraph"
                },
                {
                    "id": "JV6Jq8MWja",
                    "data": {
                        "text": "<font color=\"#000000\" face=\"Arial, Helvetica, sans-serif\">Tr s chnh:&nbsp;</font><span style=\"text-align: center;\">&nbsp;</span><span style=\"text-align: center;\"><font color=\"#000000\">S 89 ng Tam Trinh, Phng Mai ng, Qun Hong Mai, Thnh Ph H Ni, Vit Nam</font></span>"
                    },
                    "type": "paragraph"
                },
                {
                    "id": "V4Fqp4SvGw",
                    "data": {
                        "text": "Vn phng i din khu vc Min Nam: 1060 ng 3/2, Phng 12, Qun 11, TP. H Ch Minh."
                    },
                    "type": "paragraph"
                },
                {
                    "id": "qlFS-vbttu",
                    "data": {
                        "text": "Email:&nbsp;<a href=\"mailto:cskh@hoanghamobile.com\">cskh@hoanghamobile.com</a>"
                    },
                    "type": "paragraph"
                },
                {
                    "id": "gZHHXFOnVo",
                    "data": {
                        "text": "in thoi:"
                    },
                    "type": "paragraph"
                },
                {
                    "id": "44hexuNxNq",
                    "data": {
                        "items": [
                            "Tng i h tr:&nbsp;<a href=\"tel:19002091\">1900.2091</a>",
                            "H Ni:&nbsp;<a href=\"tel:02473045566\">(024).7304.5566</a>",
                            "TP.HCM:&nbsp;<a href=\"tel:02873045566\">(028).7304.5566</a>"
                        ],
                        "style": "unordered"
                    },
                    "type": "list"
                },
                {
                    "id": "nfcD62bj83",
                    "data": {
                        "items": [
                            "Bc 1: B phn Chm Sc Khch Hng ca Cng ty s tip nhn cc khiu ni ca khch hng. B phn ny ch ng gii quyt nhanh chng v tr li ngay kt qu gii quyt cc khiu ni trn c s cc Chnh sch m Cng ty  cng b.",
                            "Bc 2: Lin h vi ngi phn nh  xc minh li thng tin phn nh.",
                            "Bc 3: Lin h vi b phn c trch nhim yu cu gii trnh v s vic gy tranh chp.",
                            "Bc 4: Chuyn kt qu gii quyt khiu ni cho cc b phn c lin quan  thc hin (B phn K ton  Ti chnh) v gi in xc nhn vi khch hng v kt qu khiu ni  c gii quyt."
                        ],
                        "style": "unordered"
                    },
                    "type": "list"
                },
                {
                    "id": "n1toG1-omb",
                    "data": {
                        "text": "- Hong H Mobile tn trng v nghim tc thc hin cc quy nh ca php lut v bo v quyn li ca ngi tiu dng."
                    },
                    "type": "paragraph"
                },
                {
                    "id": "6R27uE3ZtG",
                    "data": {
                        "text": "- Chng ti cng khai c ch gii quyt cc tranh chp pht sinh trong qu trnh t hng trn website&nbsp;<a href=\"https://hoanghamobile.com/\">https://hoanghamobile.com</a>."
                    },
                    "type": "paragraph"
                },
                {
                    "id": "cIT0X-FP4-",
                    "data": {
                        "text": "- C ch v quy trnh gii quyt tranh chp i vi khch hng l: gii quyt tranh chp theo c ch trao i tha thun thng nht, cc bn lin quan s thc hin theo quy trnh trao i gin tip qua in thoi, xc nhn vn bng email, nu vn cha tha thun c th s gii quyt thng qua gp trc tip  c th ha vn , gii quyt trit  vn  mu thun gia cc bn sao cho c li nht."
                    },
                    "type": "paragraph"
                },
                {
                    "id": "dWFbLqkm42",
                    "data": {
                        "text": "- Cc bn bao gm: khch hng v Hong H Mobile s phi c vai tr trch nhim trong vic tch cc gii quyt vn . i vi Hong H Mobile cn c trch nhim cung cp vn bn giy t chng thc (nu c) thng tin lin quan n s vic ang gy mu thun cho khch hng, lng nghe v tip nhn thng tin t khch hng (trong trng hp c th chng ti s: yu cu khch hng cn c trch nhim cung cp chnh xc cc thng tin v hnh v hu hnh v vn  mu thun ang pht sinh cn gii quyt m khch hng  t thy mnh b thit hi), sau  tin hnh xem xt v nu r, phn tch li thuc v bn no. Ly  kin v s tha thun mc  bi hon ca 2 bn v kt thc gii quyt tranh chp mt cch tha ng nht."
                    },
                    "type": "paragraph"
                },
                {
                    "id": "0jCul_gdPN",
                    "data": {
                        "text": "- Trong trng hp chng minh c li thuc v Hong H Mobile s c bin php bi hon cho khch hng."
                    },
                    "type": "paragraph"
                },
                {
                    "id": "AfP71ZuGKB",
                    "data": {
                        "text": "- Khi c tranh chp xy ra, khch hng c th lin h ngay vi&nbsp;Hong H Mobile theo email:&nbsp;<a href=\"mailto:cskh@hoanghamobile.com\">cskh@hoanghamobile.com</a>&nbsp;hoc&nbsp;gi&nbsp;trc tip v tng i 1900.2091,&nbsp;Hong H Mobile s c ngi gii quyt vn  ca khch hng ngay trong vng 24 gi  tm hiu vn  pht sinh."
                    },
                    "type": "paragraph"
                },
                {
                    "id": "gAvWBaETOy",
                    "data": {
                        "text": "- Mi tranh chp pht sinh gia Hong H Mobile v khch hng s c gii quyt trn c s thng lng. Trng hp khng t c tha thun nh mong mun, mt trong hai bn c quyn a v vic ra Ta n kinh t  gii quyt."
                    },
                    "type": "paragraph"
                }
            ],
            "version": "2.28.0"
        },
        "created_at": "2024-11-21T05:29:51.935Z"
    }
},
{
    "model": "page.page",
    "pk": 7,
    "fields": {
        "published_at": "2024-11-25T09:28:26.777Z",
        "is_published": true,
        "private_metadata": {},
        "metadata": {},
        "seo_title": "",
        "seo_description": "",
        "slug": "nen-mua-macbook-air-hay-pro-loai-may-nao-se-phu-hop-voi-ban-so-sanh-de-dua-ra-lua-chon-dung-dan",
        "title": "Nn mua MacBook Air hay Pro? Loi my no s ph hp vi bn? So snh  a ra la chn ng n",
        "page_type": 4,
        "content": {
            "time": 1732527469445,
            "blocks": [
                {
                    "id": "SRZL2NE-qP",
                    "data": {
                        "text": "OPPO Find N3 s hu cho ring mnh mt thit k kh sang trng nhng vn m bo c s thoi mi v linh hot cho ngi s dng. Vi kch thc 5,8mm khi m v 11,7mm khi gp cng trng lng 239g/245g, Find N3 c th tin li s dng khi ang di chuyn. Bn cnh , in thoi cn c cc cnh vin phng v cc gc bo cong nh nhng, mang n s thoi mi khi cm nm."
                    },
                    "type": "paragraph"
                },
                {
                    "id": "L0lwlfm3SJ",
                    "data": {
                        "text": "Bn l un tng th h ba<span style=\"box-sizing: border-box; font-weight: 400;\"><span>&nbsp;</span>ca OPPO  c tinh chnh  mng v nh hn so vi cc th h trc, ng thi m bo  bn b vi hn<span>&nbsp;</span></span>1,000,000 ln<span style=\"box-sizing: border-box; font-weight: 400;\"><span>&nbsp;</span>gp m  cc iu kin mi trng khc nhau.</span>"
                    },
                    "type": "paragraph"
                }
            ],
            "version": "2.28.0"
        },
        "created_at": "2024-11-25T09:28:26.790Z"
    }
},
{
    "model": "page.page",
    "pk": 8,
    "fields": {
        "published_at": "2024-11-26T05:20:04.110Z",
        "is_published": true,
        "private_metadata": {},
        "metadata": {},
        "seo_title": "",
        "seo_description": "",
        "slug": "tai-sao-dien-thoai-oppo-lai-ban-chay-nhat-hien-nay-bai-viet-nay-se-tra-loi-cau-hoi-do",
        "title": "Ti sao in thoi OPPO li bn chy nht hin nay? Bi vit ny s tr li cu hi !",
        "page_type": 5,
        "content": {
            "time": 1732598470551,
            "blocks": [
                {
                    "id": "-xAGTHg42C",
                    "data": {
                        "text": "<span style=\"font-variant-numeric: normal; font-variant-east-asian: normal; font-variant-alternates: normal; font-variant-position: normal; font-variant-emoji: normal; letter-spacing: normal; text-align: justify; white-space-collapse: preserve; background-color: rgb(244, 244, 244); font-size: 12pt; font-family: &quot;Open Sans&quot;, sans-serif; vertical-align: baseline;\"></span><mark style=\"background-color: rgb(255, 191, 0);\"></mark>Trn th trng smartphone hin nay, bn cnh nhng thng hiu nh m nh iPhone, Samsung, Xiaomi, th <a href=\"https://hoanghamobile.com/dien-thoai-di-dong/oppo\">in thoi OPPO</a> cng c ng o ngi dng a chung nh thit k tr trung v hin i, h thng camera nh cao cng lot cng ngh tin tin. c bit, cc dng in thoi ca OPPO tri di trn mi phn khc, t tm trung gi r cho n cc mu flagship cao cp nn ngi dng c th tha sc la chn."
                    },
                    "type": "paragraph"
                },
                {
                    "id": "QrKtGsvXkz",
                    "data": {
                        "text": "Cc in thoi OPPO thng c trang b cc cm bin camera cht lng cao, kt hp vi cc tnh nng thng minh nh AI Scene Recognition, Ultra Night Mode v Zoom Optical Hybrid, gip ngi dng chp nh p mt trong mi iu kin nh sng. Ngoi ra, n lc to ra con chip x l hnh nh MariSilicon X cng l bc ngot gip OPPO tng tc trong cuc ua ny."
                    },
                    "type": "paragraph"
                }
            ],
            "version": "2.28.0"
        },
        "created_at": "2024-11-26T05:20:04.127Z"
    }
},
{
    "model": "page.page",
    "pk": 9,
    "fields": {
        "published_at": "2024-11-26T10:14:00.711Z",
        "is_published": true,
        "private_metadata": {},
        "metadata": {},
        "seo_title": "",
        "seo_description": "",
        "slug": "nhung-loi-ich-cua-dien-thoai-thong-minh-trong-cuoc-song-ban-khong-nen-bo-qua",
        "title": "Nhng li ch ca in thoi thng minh trong cuc sng bn khng nn b qua",
        "page_type": 5,
        "content": null,
        "created_at": "2024-11-26T10:14:00.827Z"
    }
},
{
    "model": "page.pagetype",
    "pk": 4,
    "fields": {
        "private_metadata": {},
        "metadata": {},
        "name": "Trang chung chung",
        "slug": "default-page"
    }
},
{
    "model": "page.pagetype",
    "pk": 5,
    "fields": {
        "private_metadata": {},
        "metadata": {},
        "name": "Trang v in thoi",
        "slug": "trang-ve-dien-thoai"
    }
},
{
    "model": "payment.transactionitem",
    "pk": 314,
    "fields": {
        "private_metadata": {},
        "metadata": {},
        "token": "6bb06a65-7da0-47be-98eb-f99ddbb18703",
        "use_old_id": false,
        "created_at": "2024-11-29T07:30:21.360Z",
        "modified_at": "2024-11-29T07:30:21.382Z",
        "idempotency_key": null,
        "name": "Mark-as-paid transaction",
        "message": "",
        "psp_reference": "094930db-3328-4d9a-8cb7-6b6a47b01c48",
        "available_actions": "[\"refund\"]",
        "currency": "VND",
        "charged_value": "12250000.000",
        "authorized_value": "0.000",
        "refunded_value": "0.000",
        "canceled_value": "0.000",
        "refund_pending_value": "0.000",
        "charge_pending_value": "0.000",
        "authorize_pending_value": "0.000",
        "cancel_pending_value": "0.000",
        "external_url": null,
        "checkout": null,
        "order": "ec966c98-bfcc-47de-8279-99a6acec8221",
        "user": 1,
        "app": null,
        "app_identifier": null,
        "last_refund_success": true
    }
},
{
    "model": "payment.transactionitem",
    "pk": 315,
    "fields": {
        "private_metadata": {},
        "metadata": {},
        "token": "97d21b23-a2fe-4f5a-8da5-9dd82fe9aedc",
        "use_old_id": false,
        "created_at": "2024-11-29T08:37:44.868Z",
        "modified_at": "2024-11-29T08:37:57.907Z",
        "idempotency_key": "92b78ddb-30a2-448d-b3a8-a1df98d31a00",
        "name": "",
        "message": "",
        "psp_reference": "c8f321c6-2b76-4bd4-ad48-bc6876153a5c",
        "available_actions": "[]",
        "currency": "VND",
        "charged_value": "0.000",
        "authorized_value": "0.000",
        "refunded_value": "0.000",
        "canceled_value": "0.000",
        "refund_pending_value": "0.000",
        "charge_pending_value": "14195000.000",
        "authorize_pending_value": "0.000",
        "cancel_pending_value": "0.000",
        "external_url": null,
        "checkout": null,
        "order": "e84e9e28-3e8e-438e-a18d-babef8d12748",
        "user": null,
        "app": 27,
        "app_identifier": "saleor.app.cashDelivery",
        "last_refund_success": true
    }
},
{
    "model": "payment.transactionitem",
    "pk": 316,
    "fields": {
        "private_metadata": {},
        "metadata": {},
        "token": "0ef9dcd8-937a-4844-98b6-0a22c95b5347",
        "use_old_id": false,
        "created_at": "2024-11-29T08:38:28.756Z",
        "modified_at": "2024-11-29T08:38:30.970Z",
        "idempotency_key": "275725de-57bc-442b-a823-d29be7ec347a",
        "name": "",
        "message": "",
        "psp_reference": "738e890e-7699-4747-bcf4-5b3d54f921c7",
        "available_actions": "[]",
        "currency": "VND",
        "charged_value": "0.000",
        "authorized_value": "0.000",
        "refunded_value": "0.000",
        "canceled_value": "0.000",
        "refund_pending_value": "0.000",
        "charge_pending_value": "0.000",
        "authorize_pending_value": "0.000",
        "cancel_pending_value": "0.000",
        "external_url": null,
        "checkout": null,
        "order": "e84e9e28-3e8e-438e-a18d-babef8d12748",
        "user": null,
        "app": 27,
        "app_identifier": "saleor.app.cashDelivery",
        "last_refund_success": true
    }
},
{
    "model": "payment.transactionitem",
    "pk": 317,
    "fields": {
        "private_metadata": {},
        "metadata": {},
        "token": "0660f8ae-3a37-4609-903c-44b3d97fc962",
        "use_old_id": true,
        "created_at": "2024-11-29T08:52:22.743Z",
        "modified_at": "2024-11-29T08:52:22.768Z",
        "idempotency_key": null,
        "name": "Manual capture",
        "message": "",
        "psp_reference": null,
        "available_actions": "[]",
        "currency": "VND",
        "charged_value": "1000000.000",
        "authorized_value": "0.000",
        "refunded_value": "0.000",
        "canceled_value": "0.000",
        "refund_pending_value": "0.000",
        "charge_pending_value": "0.000",
        "authorize_pending_value": "0.000",
        "cancel_pending_value": "0.000",
        "external_url": null,
        "checkout": null,
        "order": "a1c006ab-890e-4474-83da-124efd1336a3",
        "user": 1,
        "app": null,
        "app_identifier": null,
        "last_refund_success": true
    }
},
{
    "model": "payment.transactionitem",
    "pk": 318,
    "fields": {
        "private_metadata": {},
        "metadata": {},
        "token": "f2d26bc3-97f3-4e46-91f0-bf0f684fc743",
        "use_old_id": false,
        "created_at": "2024-12-01T03:40:22.337Z",
        "modified_at": "2024-12-01T03:41:18.036Z",
        "idempotency_key": "1c9d30ef-0fda-45f4-9b0b-fdd4c16b0607",
        "name": "",
        "message": "",
        "psp_reference": "f241c380-628c-4b18-8958-43517e063226",
        "available_actions": "[]",
        "currency": "VND",
        "charged_value": "0.000",
        "authorized_value": "0.000",
        "refunded_value": "0.000",
        "canceled_value": "0.000",
        "refund_pending_value": "0.000",
        "charge_pending_value": "269700.000",
        "authorize_pending_value": "0.000",
        "cancel_pending_value": "0.000",
        "external_url": null,
        "checkout": null,
        "order": "93ae6386-007e-41a5-8a44-9c2ed5ae69de",
        "user": null,
        "app": 27,
        "app_identifier": "saleor.app.cashDelivery",
        "last_refund_success": true
    }
},
{
    "model": "payment.transactionitem",
    "pk": 319,
    "fields": {
        "private_metadata": {},
        "metadata": {},
        "token": "02ccbeac-1f23-4779-8ee2-b1c0041f26b8",
        "use_old_id": false,
        "created_at": "2024-12-03T15:54:32.677Z",
        "modified_at": "2024-12-03T15:54:35.160Z",
        "idempotency_key": "a03a0bb5-954e-410a-8dc3-34ffdbf73842",
        "name": "",
        "message": "",
        "psp_reference": "5b1fff18-0fbd-4985-b444-d8e7f81b746e",
        "available_actions": "[]",
        "currency": "VND",
        "charged_value": "0.000",
        "authorized_value": "0.000",
        "refunded_value": "0.000",
        "canceled_value": "0.000",
        "refund_pending_value": "0.000",
        "charge_pending_value": "0.000",
        "authorize_pending_value": "0.000",
        "cancel_pending_value": "0.000",
        "external_url": null,
        "checkout": "260bc635-12e2-4092-943c-57bc5d2ae5d4",
        "order": null,
        "user": null,
        "app": 27,
        "app_identifier": "saleor.app.cashDelivery",
        "last_refund_success": true
    }
},
{
    "model": "payment.transactionitem",
    "pk": 320,
    "fields": {
        "private_metadata": {},
        "metadata": {},
        "token": "90fbd1e4-0125-4daf-a056-3dda178e611e",
        "use_old_id": false,
        "created_at": "2024-12-04T05:23:01.260Z",
        "modified_at": "2024-12-04T05:23:04.123Z",
        "idempotency_key": "aede9c74-c8a9-4a81-88ce-61784db621bd",
        "name": "",
        "message": "",
        "psp_reference": "0699f23d-f7a8-43ba-b7fa-24915040a8ab",
        "available_actions": "[]",
        "currency": "VND",
        "charged_value": "0.000",
        "authorized_value": "0.000",
        "refunded_value": "0.000",
        "canceled_value": "0.000",
        "refund_pending_value": "0.000",
        "charge_pending_value": "0.000",
        "authorize_pending_value": "0.000",
        "cancel_pending_value": "0.000",
        "external_url": null,
        "checkout": "0ece491c-50ce-4c05-ae2b-77e06a645f56",
        "order": null,
        "user": null,
        "app": 27,
        "app_identifier": "saleor.app.cashDelivery",
        "last_refund_success": true
    }
},
{
    "model": "payment.transactionevent",
    "pk": 625,
    "fields": {
        "created_at": "2024-11-29T07:30:21.372Z",
        "idempotency_key": null,
        "psp_reference": null,
        "message": "Manual adjustment of the transaction.",
        "transaction": 314,
        "external_url": null,
        "currency": "VND",
        "type": "charge_success",
        "amount_value": "12250000.000",
        "user": 1,
        "app": null,
        "app_identifier": null,
        "include_in_calculations": true,
        "related_granted_refund": null
    }
},
{
    "model": "payment.transactionevent",
    "pk": 626,
    "fields": {
        "created_at": "2024-11-29T08:37:44.890Z",
        "idempotency_key": "92b78ddb-30a2-448d-b3a8-a1df98d31a00",
        "psp_reference": "c8f321c6-2b76-4bd4-ad48-bc6876153a5c",
        "message": "",
        "transaction": 315,
        "external_url": null,
        "currency": "VND",
        "type": "charge_request",
        "amount_value": "14195000.000",
        "user": null,
        "app": 27,
        "app_identifier": null,
        "include_in_calculations": true,
        "related_granted_refund": null
    }
},
{
    "model": "payment.transactionevent",
    "pk": 627,
    "fields": {
        "created_at": "2024-11-29T08:37:45.846Z",
        "idempotency_key": null,
        "psp_reference": "5fdb3891-8254-4eec-8572-db7ae1a8a208",
        "message": "",
        "transaction": 315,
        "external_url": "",
        "currency": "VND",
        "type": "charge_action_required",
        "amount_value": "14195000.000",
        "user": null,
        "app": 27,
        "app_identifier": "saleor.app.cashDelivery",
        "include_in_calculations": true,
        "related_granted_refund": null
    }
},
{
    "model": "payment.transactionevent",
    "pk": 628,
    "fields": {
        "created_at": "2024-11-29T08:38:28.781Z",
        "idempotency_key": "275725de-57bc-442b-a823-d29be7ec347a",
        "psp_reference": "738e890e-7699-4747-bcf4-5b3d54f921c7",
        "message": "",
        "transaction": 316,
        "external_url": null,
        "currency": "VND",
        "type": "charge_request",
        "amount_value": "0.000",
        "user": null,
        "app": 27,
        "app_identifier": null,
        "include_in_calculations": true,
        "related_granted_refund": null
    }
},
{
    "model": "payment.transactionevent",
    "pk": 629,
    "fields": {
        "created_at": "2024-11-29T08:38:29.428Z",
        "idempotency_key": null,
        "psp_reference": "24c63bc3-9b2a-4b13-8c5f-5886d2b3c815",
        "message": "",
        "transaction": 316,
        "external_url": "",
        "currency": "VND",
        "type": "charge_action_required",
        "amount_value": "0.000",
        "user": null,
        "app": 27,
        "app_identifier": "saleor.app.cashDelivery",
        "include_in_calculations": true,
        "related_granted_refund": null
    }
},
{
    "model": "payment.transactionevent",
    "pk": 630,
    "fields": {
        "created_at": "2024-11-29T08:52:22.750Z",
        "idempotency_key": null,
        "psp_reference": null,
        "message": "Manual adjustment of the transaction.",
        "transaction": 317,
        "external_url": null,
        "currency": "VND",
        "type": "charge_success",
        "amount_value": "1000000.000",
        "user": 1,
        "app": null,
        "app_identifier": null,
        "include_in_calculations": true,
        "related_granted_refund": null
    }
},
{
    "model": "payment.transactionevent",
    "pk": 631,
    "fields": {
        "created_at": "2024-11-29T08:52:23.313Z",
        "idempotency_key": null,
        "psp_reference": null,
        "message": "",
        "transaction": 317,
        "external_url": null,
        "currency": "VND",
        "type": "info",
        "amount_value": "0.000",
        "user": 1,
        "app": null,
        "app_identifier": null,
        "include_in_calculations": false,
        "related_granted_refund": null
    }
},
{
    "model": "payment.transactionevent",
    "pk": 632,
    "fields": {
        "created_at": "2024-12-01T03:40:22.358Z",
        "idempotency_key": "1c9d30ef-0fda-45f4-9b0b-fdd4c16b0607",
        "psp_reference": "f241c380-628c-4b18-8958-43517e063226",
        "message": "",
        "transaction": 318,
        "external_url": null,
        "currency": "VND",
        "type": "charge_request",
        "amount_value": "269700.000",
        "user": null,
        "app": 27,
        "app_identifier": null,
        "include_in_calculations": true,
        "related_granted_refund": null
    }
},
{
    "model": "payment.transactionevent",
    "pk": 633,
    "fields": {
        "created_at": "2024-12-01T03:40:25.389Z",
        "idempotency_key": null,
        "psp_reference": "3b3ddc08-793b-4d33-850a-2825d198f40a",
        "message": "",
        "transaction": 318,
        "external_url": "",
        "currency": "VND",
        "type": "charge_action_required",
        "amount_value": "269700.000",
        "user": null,
        "app": 27,
        "app_identifier": "saleor.app.cashDelivery",
        "include_in_calculations": true,
        "related_granted_refund": null
    }
},
{
    "model": "payment.transactionevent",
    "pk": 634,
    "fields": {
        "created_at": "2024-12-03T15:54:32.697Z",
        "idempotency_key": "a03a0bb5-954e-410a-8dc3-34ffdbf73842",
        "psp_reference": "5b1fff18-0fbd-4985-b444-d8e7f81b746e",
        "message": "",
        "transaction": 319,
        "external_url": null,
        "currency": "VND",
        "type": "authorization_request",
        "amount_value": "12500000.000",
        "user": null,
        "app": null,
        "app_identifier": null,
        "include_in_calculations": false,
        "related_granted_refund": null
    }
},
{
    "model": "payment.transactionevent",
    "pk": 635,
    "fields": {
        "created_at": "2024-12-03T15:54:35.044Z",
        "idempotency_key": null,
        "psp_reference": "5b1fff18-0fbd-4985-b444-d8e7f81b746e",
        "message": "",
        "transaction": 319,
        "external_url": "",
        "currency": "VND",
        "type": "charge_action_required",
        "amount_value": "12500000.000",
        "user": null,
        "app": 27,
        "app_identifier": "saleor.app.cashDelivery",
        "include_in_calculations": true,
        "related_granted_refund": null
    }
},
{
    "model": "payment.transactionevent",
    "pk": 636,
    "fields": {
        "created_at": "2024-12-04T05:23:01.279Z",
        "idempotency_key": "aede9c74-c8a9-4a81-88ce-61784db621bd",
        "psp_reference": "0699f23d-f7a8-43ba-b7fa-24915040a8ab",
        "message": "",
        "transaction": 320,
        "external_url": null,
        "currency": "VND",
        "type": "authorization_request",
        "amount_value": "14195000.000",
        "user": null,
        "app": null,
        "app_identifier": null,
        "include_in_calculations": false,
        "related_granted_refund": null
    }
},
{
    "model": "payment.transactionevent",
    "pk": 637,
    "fields": {
        "created_at": "2024-12-04T05:23:04.013Z",
        "idempotency_key": null,
        "psp_reference": "0699f23d-f7a8-43ba-b7fa-24915040a8ab",
        "message": "",
        "transaction": 320,
        "external_url": "",
        "currency": "VND",
        "type": "charge_action_required",
        "amount_value": "14195000.000",
        "user": null,
        "app": 27,
        "app_identifier": "saleor.app.cashDelivery",
        "include_in_calculations": true,
        "related_granted_refund": null
    }
},
{
    "model": "tax.taxconfiguration",
    "pk": 1,
    "fields": {
        "private_metadata": {},
        "metadata": {},
        "channel": 1,
        "charge_taxes": true,
        "tax_calculation_strategy": "FLAT_RATES",
        "display_gross_prices": false,
        "prices_entered_with_tax": false,
        "tax_app_id": null
    }
},
{
    "model": "tax.taxconfiguration",
    "pk": 3,
    "fields": {
        "private_metadata": {},
        "metadata": {},
        "channel": 3,
        "charge_taxes": true,
        "tax_calculation_strategy": "FLAT_RATES",
        "display_gross_prices": true,
        "prices_entered_with_tax": true,
        "tax_app_id": null
    }
},
{
    "model": "warehouse.channelwarehouse",
    "pk": 15,
    "fields": {
        "sort_order": null,
        "channel": 1,
        "warehouse": "8451d808-7988-438e-b98e-1a3df58cc2f4"
    }
},
{
    "model": "warehouse.channelwarehouse",
    "pk": 16,
    "fields": {
        "sort_order": null,
        "channel": 3,
        "warehouse": "8451d808-7988-438e-b98e-1a3df58cc2f4"
    }
},
{
    "model": "warehouse.warehouse",
    "pk": "8451d808-7988-438e-b98e-1a3df58cc2f4",
    "fields": {
        "private_metadata": {},
        "metadata": {},
        "external_reference": null,
        "name": "Kho hng HCM",
        "slug": "kho-hang-hcm",
        "address": 162,
        "email": "",
        "click_and_collect_option": "all",
        "is_private": true,
        "shipping_zones": [
            7
        ]
    }
},
{
    "model": "warehouse.warehouse",
    "pk": "87e4a01e-1ce1-4547-9c93-444c3cd63824",
    "fields": {
        "private_metadata": {},
        "metadata": {},
        "external_reference": null,
        "name": "Default Warehouse",
        "slug": "default-warehouse",
        "address": 1,
        "email": "",
        "click_and_collect_option": "disabled",
        "is_private": true,
        "shipping_zones": []
    }
},
{
    "model": "warehouse.stock",
    "pk": 275,
    "fields": {
        "warehouse": "8451d808-7988-438e-b98e-1a3df58cc2f4",
        "product_variant": 359,
        "quantity": 600,
        "quantity_allocated": 0
    }
},
{
    "model": "warehouse.stock",
    "pk": 276,
    "fields": {
        "warehouse": "8451d808-7988-438e-b98e-1a3df58cc2f4",
        "product_variant": 358,
        "quantity": 699,
        "quantity_allocated": 0
    }
},
{
    "model": "warehouse.stock",
    "pk": 277,
    "fields": {
        "warehouse": "8451d808-7988-438e-b98e-1a3df58cc2f4",
        "product_variant": 353,
        "quantity": 400,
        "quantity_allocated": 0
    }
},
{
    "model": "warehouse.stock",
    "pk": 278,
    "fields": {
        "warehouse": "8451d808-7988-438e-b98e-1a3df58cc2f4",
        "product_variant": 354,
        "quantity": 300,
        "quantity_allocated": 0
    }
},
{
    "model": "warehouse.stock",
    "pk": 279,
    "fields": {
        "warehouse": "8451d808-7988-438e-b98e-1a3df58cc2f4",
        "product_variant": 355,
        "quantity": 102,
        "quantity_allocated": 0
    }
},
{
    "model": "warehouse.stock",
    "pk": 282,
    "fields": {
        "warehouse": "8451d808-7988-438e-b98e-1a3df58cc2f4",
        "product_variant": 363,
        "quantity": 500,
        "quantity_allocated": 0
    }
},
{
    "model": "warehouse.stock",
    "pk": 283,
    "fields": {
        "warehouse": "8451d808-7988-438e-b98e-1a3df58cc2f4",
        "product_variant": 362,
        "quantity": 58,
        "quantity_allocated": 0
    }
},
{
    "model": "warehouse.stock",
    "pk": 284,
    "fields": {
        "warehouse": "8451d808-7988-438e-b98e-1a3df58cc2f4",
        "product_variant": 364,
        "quantity": 3000,
        "quantity_allocated": 0
    }
},
{
    "model": "warehouse.stock",
    "pk": 285,
    "fields": {
        "warehouse": "8451d808-7988-438e-b98e-1a3df58cc2f4",
        "product_variant": 370,
        "quantity": 499,
        "quantity_allocated": 0
    }
},
{
    "model": "warehouse.stock",
    "pk": 286,
    "fields": {
        "warehouse": "8451d808-7988-438e-b98e-1a3df58cc2f4",
        "product_variant": 369,
        "quantity": 100,
        "quantity_allocated": 0
    }
},
{
    "model": "warehouse.stock",
    "pk": 287,
    "fields": {
        "warehouse": "8451d808-7988-438e-b98e-1a3df58cc2f4",
        "product_variant": 368,
        "quantity": 299,
        "quantity_allocated": 0
    }
},
{
    "model": "warehouse.stock",
    "pk": 288,
    "fields": {
        "warehouse": "8451d808-7988-438e-b98e-1a3df58cc2f4",
        "product_variant": 366,
        "quantity": 300,
        "quantity_allocated": 0
    }
},
{
    "model": "warehouse.stock",
    "pk": 289,
    "fields": {
        "warehouse": "8451d808-7988-438e-b98e-1a3df58cc2f4",
        "product_variant": 365,
        "quantity": 199,
        "quantity_allocated": 0
    }
},
{
    "model": "warehouse.stock",
    "pk": 290,
    "fields": {
        "warehouse": "8451d808-7988-438e-b98e-1a3df58cc2f4",
        "product_variant": 361,
        "quantity": 999,
        "quantity_allocated": 0
    }
},
{
    "model": "warehouse.stock",
    "pk": 291,
    "fields": {
        "warehouse": "8451d808-7988-438e-b98e-1a3df58cc2f4",
        "product_variant": 360,
        "quantity": 99,
        "quantity_allocated": 0
    }
},
{
    "model": "warehouse.stock",
    "pk": 292,
    "fields": {
        "warehouse": "8451d808-7988-438e-b98e-1a3df58cc2f4",
        "product_variant": 371,
        "quantity": 200,
        "quantity_allocated": 0
    }
},
{
    "model": "warehouse.stock",
    "pk": 301,
    "fields": {
        "warehouse": "8451d808-7988-438e-b98e-1a3df58cc2f4",
        "product_variant": 380,
        "quantity": 200,
        "quantity_allocated": 0
    }
},
{
    "model": "warehouse.stock",
    "pk": 302,
    "fields": {
        "warehouse": "8451d808-7988-438e-b98e-1a3df58cc2f4",
        "product_variant": 381,
        "quantity": 199,
        "quantity_allocated": 0
    }
},
{
    "model": "warehouse.stock",
    "pk": 303,
    "fields": {
        "warehouse": "8451d808-7988-438e-b98e-1a3df58cc2f4",
        "product_variant": 382,
        "quantity": 299,
        "quantity_allocated": 0
    }
},
{
    "model": "warehouse.stock",
    "pk": 304,
    "fields": {
        "warehouse": "8451d808-7988-438e-b98e-1a3df58cc2f4",
        "product_variant": 383,
        "quantity": 99,
        "quantity_allocated": 0
    }
},
{
    "model": "warehouse.stock",
    "pk": 305,
    "fields": {
        "warehouse": "8451d808-7988-438e-b98e-1a3df58cc2f4",
        "product_variant": 384,
        "quantity": 300,
        "quantity_allocated": 0
    }
},
{
    "model": "warehouse.reservation",
    "pk": 5,
    "fields": {
        "checkout_line": "f7151636-b15b-4393-894e-5ada1ce0ce8d",
        "stock": 289,
        "quantity_reserved": 1,
        "reserved_until": "2024-12-04T06:07:54.783Z"
    }
},
{
    "model": "webhook.webhook",
    "pk": 76,
    "fields": {
        "name": "Order Created in Saleor",
        "app": 27,
        "target_url": "https://payment-cash-delivery.vercel.app/api/webhooks/order-created",
        "is_active": true,
        "secret_key": null,
        "subscription_query": "subscription OrderCreated { event { ...OrderCreatedWebhookPayload }}fragment OrderCreatedWebhookPayload on OrderCreated { order { userEmail id number user { email firstName lastName } }}",
        "custom_headers": null,
        "filterable_channel_slugs": "[]"
    }
},
{
    "model": "webhook.webhook",
    "pk": 77,
    "fields": {
        "name": "Transaction Initialize Session",
        "app": 27,
        "target_url": "https://payment-cash-delivery.vercel.app/api/webhooks/transaction-initialize-session",
        "is_active": true,
        "secret_key": null,
        "subscription_query": "subscription TransactionInitializeSession { event { ...TransactionInitializeSessionPayload }}fragment TransactionInitializeSessionPayload on TransactionInitializeSession { action { amount currency actionType } data}",
        "custom_headers": null,
        "filterable_channel_slugs": "[]"
    }
},
{
    "model": "webhook.webhook",
    "pk": 78,
    "fields": {
        "name": "Transaction Process Session",
        "app": 27,
        "target_url": "https://payment-cash-delivery.vercel.app/api/webhooks/transaction-process-session",
        "is_active": true,
        "secret_key": null,
        "subscription_query": "subscription TransactionProcessSession { event { ...TransactionProcessSessionPayload }}fragment TransactionProcessSessionPayload on TransactionProcessSession { action { amount currency actionType }}",
        "custom_headers": null,
        "filterable_channel_slugs": "[]"
    }
},
{
    "model": "webhook.webhookevent",
    "pk": 76,
    "fields": {
        "webhook": 76,
        "event_type": "order_created"
    }
},
{
    "model": "webhook.webhookevent",
    "pk": 77,
    "fields": {
        "webhook": 77,
        "event_type": "transaction_initialize_session"
    }
},
{
    "model": "webhook.webhookevent",
    "pk": 78,
    "fields": {
        "webhook": 78,
        "event_type": "transaction_process_session"
    }
},
{
    "model": "app.app",
    "pk": 27,
    "fields": {
        "private_metadata": {},
        "metadata": {},
        "uuid": "ad471e4e-4dcc-4a43-9599-74a2f5f81719",
        "name": "Thanh ton khi nhn hng",
        "created_at": "2024-11-29T08:08:54.418Z",
        "is_active": true,
        "removed_at": null,
        "type": "thirdparty",
        "identifier": "saleor.app.cashDelivery",
        "about_app": null,
        "data_privacy": null,
        "data_privacy_url": null,
        "homepage_url": null,
        "support_url": null,
        "configuration_url": null,
        "app_url": "https://payment-cash-delivery.vercel.app",
        "manifest_url": "https://payment-cash-delivery.vercel.app/api/manifest",
        "version": "1.0.0",
        "audience": null,
        "is_installed": true,
        "author": "Saleor Commerce",
        "brand_logo_default": "app-brand-data/logo_1eb49a24.png",
        "permissions": [
            323,
            414
        ]
    }
},
{
    "model": "app.app",
    "pk": 28,
    "fields": {
        "private_metadata": {},
        "metadata": {},
        "uuid": "cbc30acf-7921-493b-8b58-6c60d4e0561c",
        "name": "Testing",
        "created_at": "2024-12-03T17:08:25.333Z",
        "is_active": true,
        "removed_at": null,
        "type": "local",
        "identifier": "QXBwOjI4",
        "about_app": null,
        "data_privacy": null,
        "data_privacy_url": null,
        "homepage_url": null,
        "support_url": null,
        "configuration_url": null,
        "app_url": null,
        "manifest_url": null,
        "version": null,
        "audience": null,
        "is_installed": true,
        "author": null,
        "brand_logo_default": "",
        "permissions": [
            56,
            55,
            54,
            475,
            476,
            269,
            275,
            276,
            274,
            277,
            97,
            142,
            310,
            323,
            324,
            392,
            401,
            414,
            41,
            164,
            159,
            361,
            382,
            383
        ]
    }
},
{
    "model": "app.apptoken",
    "pk": 27,
    "fields": {
        "app": 27,
        "name": "Default token",
        "auth_token": "pbkdf2_sha256$600000$Sou7Y1rm7pC1ggAZuMZL5s$XNO3mBxpQRriMLX8Z62zpNiw5d00L8NK4webHfCM0Ag=",
        "token_last_4": "ANMo"
    }
},
{
    "model": "app.apptoken",
    "pk": 28,
    "fields": {
        "app": 28,
        "name": "Default",
        "auth_token": "pbkdf2_sha256$600000$pNyL62XVO2WeMxHmMdS0tL$mtH8fBjJCM5fEXGm0W4KlcgSNyhD6KmtT8UEDY3aieo=",
        "token_last_4": "9zpn"
    }
},
{
    "model": "thumbnail.thumbnail",
    "pk": 16,
    "fields": {
        "image": "thumbnails/products/giay-the-thao-nam-bn0074-2.jpg-BAIpMjE9T0WdZZgRQHUTggC7_4d77b732_th_n4wIezI.webp",
        "size": 1024,
        "format": null,
        "category": null,
        "collection": null,
        "product_media": 51,
        "user": null,
        "app": null,
        "app_installation": null
    }
},
{
    "model": "thumbnail.thumbnail",
    "pk": 17,
    "fields": {
        "image": "thumbnails/products/giay-nam-the-thao-dep-unisex-thoai-mai-tre-trung_b9e115_500cb39e_thu_BUOCb4y.jpg",
        "size": 1024,
        "format": null,
        "category": null,
        "collection": null,
        "product_media": 52,
        "user": null,
        "app": null,
        "app_installation": null
    }
},
{
    "model": "thumbnail.thumbnail",
    "pk": 19,
    "fields": {
        "image": "thumbnails/products/giay-the-thao-nam-bn0074-2.jpg-BAIpMjE9T0WdZZgRQHUTggC7_4d77b732_th_Ee9csDn.webp",
        "size": 256,
        "format": null,
        "category": null,
        "collection": null,
        "product_media": 51,
        "user": null,
        "app": null,
        "app_installation": null
    }
},
{
    "model": "thumbnail.thumbnail",
    "pk": 20,
    "fields": {
        "image": "thumbnails/products/giay-nam-the-thao-dep-unisex-thoai-mai-tre-trung_b9e115_500cb39e_thu_E60CRRA.jpg",
        "size": 4096,
        "format": null,
        "category": null,
        "collection": null,
        "product_media": 52,
        "user": null,
        "app": null,
        "app_installation": null
    }
},
{
    "model": "thumbnail.thumbnail",
    "pk": 21,
    "fields": {
        "image": "thumbnails/products/giay-the-thao-nam-bn0074-2.jpg-BAIpMjE9T0WdZZgRQHUTggC7_4d77b732_th_pW4Jnr3.webp",
        "size": 4096,
        "format": null,
        "category": null,
        "collection": null,
        "product_media": 51,
        "user": null,
        "app": null,
        "app_installation": null
    }
},
{
    "model": "thumbnail.thumbnail",
    "pk": 22,
    "fields": {
        "image": "thumbnails/products/giay-the-thao-nam-bn0074-2.jpg-BAIpMjE9T0WdZZgRQHUTggC7_4d77b732_th_FZd8p43.webp",
        "size": 4096,
        "format": null,
        "category": null,
        "collection": null,
        "product_media": 51,
        "user": null,
        "app": null,
        "app_installation": null
    }
},
{
    "model": "thumbnail.thumbnail",
    "pk": 23,
    "fields": {
        "image": "thumbnails/products/giay-the-thao-nam-bn0074-2.jpg-BAIpMjE9T0WdZZgRQHUTggC7_4d77b732_th_eyFXgow.webp",
        "size": 64,
        "format": null,
        "category": null,
        "collection": null,
        "product_media": 51,
        "user": null,
        "app": null,
        "app_installation": null
    }
},
{
    "model": "thumbnail.thumbnail",
    "pk": 24,
    "fields": {
        "image": "thumbnails/products/giay-the-thao-nam-bn0074-2.jpg-BAIpMjE9T0WdZZgRQHUTggC7_4d77b732_th_bAt2LYZ.webp",
        "size": 1024,
        "format": "webp",
        "category": null,
        "collection": null,
        "product_media": 51,
        "user": null,
        "app": null,
        "app_installation": null
    }
},
{
    "model": "thumbnail.thumbnail",
    "pk": 31,
    "fields": {
        "image": "thumbnails/products/000_vn000bvx2ln_1_115d0ad0fd694944a4c76f94c0739f21_larg_39091387_th_ErFn069.webp",
        "size": 4096,
        "format": null,
        "category": null,
        "collection": null,
        "product_media": 53,
        "user": null,
        "app": null,
        "app_installation": null
    }
},
{
    "model": "thumbnail.thumbnail",
    "pk": 32,
    "fields": {
        "image": "thumbnails/products/000_vn000bvx2ln_1_115d0ad0fd694944a4c76f94c0739f21_larg_39091387_th_4nI4lDH.webp",
        "size": 4096,
        "format": null,
        "category": null,
        "collection": null,
        "product_media": 53,
        "user": null,
        "app": null,
        "app_installation": null
    }
},
{
    "model": "thumbnail.thumbnail",
    "pk": 33,
    "fields": {
        "image": "thumbnails/category-backgrounds/shoe-high-heel-svgrepo-com_1_ef7d5d45_thumbnail_4096.png",
        "size": 4096,
        "format": null,
        "category": 45,
        "collection": null,
        "product_media": null,
        "user": null,
        "app": null,
        "app_installation": null
    }
},
{
    "model": "thumbnail.thumbnail",
    "pk": 34,
    "fields": {
        "image": "thumbnails/category-backgrounds/shoe-svgrepo-com_c18da60c_thumbnail_4096.png",
        "size": 4096,
        "format": null,
        "category": 27,
        "collection": null,
        "product_media": null,
        "user": null,
        "app": null,
        "app_installation": null
    }
},
{
    "model": "thumbnail.thumbnail",
    "pk": 35,
    "fields": {
        "image": "thumbnails/products/mwc_1_ef537206_thumbnail_1024.webp",
        "size": 1024,
        "format": "webp",
        "category": null,
        "collection": null,
        "product_media": 54,
        "user": null,
        "app": null,
        "app_installation": null
    }
},
{
    "model": "thumbnail.thumbnail",
    "pk": 36,
    "fields": {
        "image": "thumbnails/products/giay-nam-the-thao-dep-unisex-thoai-mai-tre-trung_b9e115_d4cdd313_th_1JCXQPS.webp",
        "size": 1024,
        "format": "webp",
        "category": null,
        "collection": null,
        "product_media": 55,
        "user": null,
        "app": null,
        "app_installation": null
    }
},
{
    "model": "thumbnail.thumbnail",
    "pk": 37,
    "fields": {
        "image": "thumbnails/products/giay-nam-the-thao-dep-unisex-thoai-mai-tre-trung_b9e115_da18070e_thu_pbK6X7f.jpg",
        "size": 4096,
        "format": null,
        "category": null,
        "collection": null,
        "product_media": 56,
        "user": null,
        "app": null,
        "app_installation": null
    }
},
{
    "model": "thumbnail.thumbnail",
    "pk": 38,
    "fields": {
        "image": "thumbnails/products/giay-nam-the-thao-dep-unisex-thoai-mai-tre-trung_b9e115_d4cdd313_thu_477t93v.jpg",
        "size": 4096,
        "format": null,
        "category": null,
        "collection": null,
        "product_media": 55,
        "user": null,
        "app": null,
        "app_installation": null
    }
},
{
    "model": "thumbnail.thumbnail",
    "pk": 39,
    "fields": {
        "image": "thumbnails/products/giay-nam-the-thao-dep-unisex-thoai-mai-tre-trung_b9e115_d4cdd313_thu_gE7Ihkg.jpg",
        "size": 4096,
        "format": null,
        "category": null,
        "collection": null,
        "product_media": 55,
        "user": null,
        "app": null,
        "app_installation": null
    }
},
{
    "model": "thumbnail.thumbnail",
    "pk": 40,
    "fields": {
        "image": "thumbnails/products/giay-nam-the-thao-dep-unisex-thoai-mai-tre-trung_b9e115_da18070e_thu_z4YrPpy.jpg",
        "size": 4096,
        "format": null,
        "category": null,
        "collection": null,
        "product_media": 56,
        "user": null,
        "app": null,
        "app_installation": null
    }
},
{
    "model": "thumbnail.thumbnail",
    "pk": 41,
    "fields": {
        "image": "thumbnails/products/mwc_1_ef537206_thumbnail_256.jpg",
        "size": 256,
        "format": null,
        "category": null,
        "collection": null,
        "product_media": 54,
        "user": null,
        "app": null,
        "app_installation": null
    }
},
{
    "model": "thumbnail.thumbnail",
    "pk": 42,
    "fields": {
        "image": "thumbnails/products/mwc_1_ef537206_thumbnail_64.jpg",
        "size": 64,
        "format": null,
        "category": null,
        "collection": null,
        "product_media": 54,
        "user": null,
        "app": null,
        "app_installation": null
    }
},
{
    "model": "thumbnail.thumbnail",
    "pk": 43,
    "fields": {
        "image": "thumbnails/products/giay-nam-the-thao-dep-unisex-thoai-mai-tre-trung_b9e115_d4cdd313_thu_cdKWVNt.jpg",
        "size": 256,
        "format": null,
        "category": null,
        "collection": null,
        "product_media": 55,
        "user": null,
        "app": null,
        "app_installation": null
    }
},
{
    "model": "thumbnail.thumbnail",
    "pk": 44,
    "fields": {
        "image": "thumbnails/products/giay-nam-the-thao-dep-unisex-thoai-mai-tre-trung_b9e115_d4cdd313_thu_YIFHSJg.jpg",
        "size": 64,
        "format": null,
        "category": null,
        "collection": null,
        "product_media": 55,
        "user": null,
        "app": null,
        "app_installation": null
    }
},
{
    "model": "thumbnail.thumbnail",
    "pk": 45,
    "fields": {
        "image": "thumbnails/products/giay-nam-the-thao-dep-unisex-thoai-mai-tre-trung_b9e115_d4cdd313_thu_EKHFe8i.jpg",
        "size": 1024,
        "format": null,
        "category": null,
        "collection": null,
        "product_media": 55,
        "user": null,
        "app": null,
        "app_installation": null
    }
},
{
    "model": "thumbnail.thumbnail",
    "pk": 46,
    "fields": {
        "image": "thumbnails/products/mwc_1_ef537206_thumbnail_1024.jpg",
        "size": 1024,
        "format": null,
        "category": null,
        "collection": null,
        "product_media": 54,
        "user": null,
        "app": null,
        "app_installation": null
    }
},
{
    "model": "thumbnail.thumbnail",
    "pk": 47,
    "fields": {
        "image": "thumbnails/products/giay-nam-the-thao-dep-unisex-thoai-mai-tre-trung_b9e115_da18070e_thu_EXkdakP.jpg",
        "size": 1024,
        "format": null,
        "category": null,
        "collection": null,
        "product_media": 56,
        "user": null,
        "app": null,
        "app_installation": null
    }
},
{
    "model": "thumbnail.thumbnail",
    "pk": 49,
    "fields": {
        "image": "thumbnails/products/000_vn000bvx2ln_1_115d0ad0fd694944a4c76f94c0739f21_larg_39091387_th_SudMpFZ.webp",
        "size": 1024,
        "format": null,
        "category": null,
        "collection": null,
        "product_media": 53,
        "user": null,
        "app": null,
        "app_installation": null
    }
},
{
    "model": "thumbnail.thumbnail",
    "pk": 50,
    "fields": {
        "image": "thumbnails/category-backgrounds/laptop-minimalistic-svgrepo-com_29c0643c_thumbnail_4096.png",
        "size": 4096,
        "format": null,
        "category": 46,
        "collection": null,
        "product_media": null,
        "user": null,
        "app": null,
        "app_installation": null
    }
},
{
    "model": "thumbnail.thumbnail",
    "pk": 51,
    "fields": {
        "image": "thumbnails/products/hp-15-fd0234tu-i5-9q969pa-4-1-750x500_347e6011_thumbnail_1024.jpg",
        "size": 1024,
        "format": null,
        "category": null,
        "collection": null,
        "product_media": 57,
        "user": null,
        "app": null,
        "app_installation": null
    }
},
{
    "model": "thumbnail.thumbnail",
    "pk": 52,
    "fields": {
        "image": "thumbnails/products/hp-15-fd0234tu-i5-9q969pa-3-1-750x500_4312423e_thumbnail_1024.jpg",
        "size": 1024,
        "format": null,
        "category": null,
        "collection": null,
        "product_media": 58,
        "user": null,
        "app": null,
        "app_installation": null
    }
},
{
    "model": "thumbnail.thumbnail",
    "pk": 53,
    "fields": {
        "image": "thumbnails/products/hp-15-fd0234tu-i5-9q969pa-2-1-750x500_755a65c1_thumbnail_1024.jpg",
        "size": 1024,
        "format": null,
        "category": null,
        "collection": null,
        "product_media": 59,
        "user": null,
        "app": null,
        "app_installation": null
    }
},
{
    "model": "thumbnail.thumbnail",
    "pk": 54,
    "fields": {
        "image": "thumbnails/products/hp-15-fd0234tu-i5-9q969pa-1-1-750x500_f13e8d31_thumbnail_1024.jpg",
        "size": 1024,
        "format": null,
        "category": null,
        "collection": null,
        "product_media": 60,
        "user": null,
        "app": null,
        "app_installation": null
    }
},
{
    "model": "thumbnail.thumbnail",
    "pk": 55,
    "fields": {
        "image": "thumbnails/products/hp-15-fd0234tu-i5-9q969pa-4-1-750x500_347e6011_thumbnail_1024.webp",
        "size": 1024,
        "format": "webp",
        "category": null,
        "collection": null,
        "product_media": 57,
        "user": null,
        "app": null,
        "app_installation": null
    }
},
{
    "model": "thumbnail.thumbnail",
    "pk": 56,
    "fields": {
        "image": "thumbnails/products/lenovo-ideapad-slim-3-15iah8-i5-83er00evn-glr-9-750x500_d6180c3a_thu_QmXN8Zn.jpg",
        "size": 1024,
        "format": null,
        "category": null,
        "collection": null,
        "product_media": 61,
        "user": null,
        "app": null,
        "app_installation": null
    }
},
{
    "model": "thumbnail.thumbnail",
    "pk": 57,
    "fields": {
        "image": "thumbnails/products/lenovo-ideapad-slim-3-15iah8-i5-83er00evn-glr-7-750x500_9422915f_thu_hU38sKA.jpg",
        "size": 1024,
        "format": null,
        "category": null,
        "collection": null,
        "product_media": 62,
        "user": null,
        "app": null,
        "app_installation": null
    }
},
{
    "model": "thumbnail.thumbnail",
    "pk": 58,
    "fields": {
        "image": "thumbnails/products/lenovo-ideapad-slim-3-15iah8-i5-83er00evn-glr-4-750x500_f0c4a2ad_thu_ndnaPgE.jpg",
        "size": 1024,
        "format": null,
        "category": null,
        "collection": null,
        "product_media": 63,
        "user": null,
        "app": null,
        "app_installation": null
    }
},
{
    "model": "thumbnail.thumbnail",
    "pk": 59,
    "fields": {
        "image": "thumbnails/products/lenovo-ideapad-slim-3-15iah8-i5-83er00evn-glr-3-750x500_09fb885e_thu_EekWAcj.jpg",
        "size": 1024,
        "format": null,
        "category": null,
        "collection": null,
        "product_media": 64,
        "user": null,
        "app": null,
        "app_installation": null
    }
},
{
    "model": "thumbnail.thumbnail",
    "pk": 60,
    "fields": {
        "image": "thumbnails/products/lenovo-ideapad-slim-3-15iah8-i5-83er00evn-glr-2-750x500_ae2f63d4_thu_i7RH6ZI.jpg",
        "size": 1024,
        "format": null,
        "category": null,
        "collection": null,
        "product_media": 65,
        "user": null,
        "app": null,
        "app_installation": null
    }
},
{
    "model": "thumbnail.thumbnail",
    "pk": 61,
    "fields": {
        "image": "thumbnails/products/lenovo-ideapad-slim-3-15iah8-i5-83er00evn-glr-1-750x500_665f1411_thu_9Plp1Qx.jpg",
        "size": 1024,
        "format": null,
        "category": null,
        "collection": null,
        "product_media": 66,
        "user": null,
        "app": null,
        "app_installation": null
    }
},
{
    "model": "thumbnail.thumbnail",
    "pk": 62,
    "fields": {
        "image": "thumbnails/products/lenovo-ideapad-slim-3-15iah8-i5-83er00evn-glr-9-750x500_d6180c3a_th_WmQno4T.webp",
        "size": 1024,
        "format": "webp",
        "category": null,
        "collection": null,
        "product_media": 61,
        "user": null,
        "app": null,
        "app_installation": null
    }
},
{
    "model": "thumbnail.thumbnail",
    "pk": 63,
    "fields": {
        "image": "thumbnails/products/lenovo-ideapad-slim-3-15iah8-i5-83er00evn-glr-9-750x500_f5b8fae9_thu_PJilYKt.jpg",
        "size": 1024,
        "format": null,
        "category": null,
        "collection": null,
        "product_media": 67,
        "user": null,
        "app": null,
        "app_installation": null
    }
},
{
    "model": "thumbnail.thumbnail",
    "pk": 64,
    "fields": {
        "image": "thumbnails/products/lenovo-ideapad-slim-3-15iah8-i5-83er00evn-glr-7-750x500_b15ec220_thu_erzxfPp.jpg",
        "size": 1024,
        "format": null,
        "category": null,
        "collection": null,
        "product_media": 68,
        "user": null,
        "app": null,
        "app_installation": null
    }
},
{
    "model": "thumbnail.thumbnail",
    "pk": 65,
    "fields": {
        "image": "thumbnails/products/lenovo-ideapad-slim-3-15iah8-i5-83er00evn-glr-4-750x500_b442d887_thu_wtZKDiT.jpg",
        "size": 1024,
        "format": null,
        "category": null,
        "collection": null,
        "product_media": 69,
        "user": null,
        "app": null,
        "app_installation": null
    }
},
{
    "model": "thumbnail.thumbnail",
    "pk": 66,
    "fields": {
        "image": "thumbnails/products/lenovo-ideapad-slim-3-15iah8-i5-83er00evn-glr-3-750x500_692187bf_thu_F7bM97Y.jpg",
        "size": 1024,
        "format": null,
        "category": null,
        "collection": null,
        "product_media": 70,
        "user": null,
        "app": null,
        "app_installation": null
    }
},
{
    "model": "thumbnail.thumbnail",
    "pk": 67,
    "fields": {
        "image": "thumbnails/products/lenovo-ideapad-slim-3-15iah8-i5-83er00evn-glr-2-750x500_311a2001_thu_3aMuyIS.jpg",
        "size": 1024,
        "format": null,
        "category": null,
        "collection": null,
        "product_media": 71,
        "user": null,
        "app": null,
        "app_installation": null
    }
},
{
    "model": "thumbnail.thumbnail",
    "pk": 68,
    "fields": {
        "image": "thumbnails/products/lenovo-ideapad-slim-3-15iah8-i5-83er00evn-glr-1-750x500_baac37fb_thu_09aXQ5l.jpg",
        "size": 1024,
        "format": null,
        "category": null,
        "collection": null,
        "product_media": 72,
        "user": null,
        "app": null,
        "app_installation": null
    }
},
{
    "model": "thumbnail.thumbnail",
    "pk": 69,
    "fields": {
        "image": "thumbnails/products/lenovo-ideapad-slim-3-15iah8-i5-83er00evn-glr-9-750x500_f5b8fae9_th_z0FrGrt.webp",
        "size": 1024,
        "format": "webp",
        "category": null,
        "collection": null,
        "product_media": 67,
        "user": null,
        "app": null,
        "app_installation": null
    }
},
{
    "model": "thumbnail.thumbnail",
    "pk": 70,
    "fields": {
        "image": "thumbnails/products/lenovo-ideapad-slim-3-15iah8-i5-83er00evn-glr-3-750x500_692187bf_th_VrXODIC.webp",
        "size": 1024,
        "format": "webp",
        "category": null,
        "collection": null,
        "product_media": 70,
        "user": null,
        "app": null,
        "app_installation": null
    }
},
{
    "model": "thumbnail.thumbnail",
    "pk": 71,
    "fields": {
        "image": "thumbnails/products/lenovo-ideapad-slim-3-15iah8-i5-83er00evn-glr-2-750x500_ae2f63d4_th_nTMiMmd.webp",
        "size": 1024,
        "format": "webp",
        "category": null,
        "collection": null,
        "product_media": 65,
        "user": null,
        "app": null,
        "app_installation": null
    }
},
{
    "model": "thumbnail.thumbnail",
    "pk": 72,
    "fields": {
        "image": "thumbnails/products/acer-aspire-lite-14-51m-59bn-i5-nxktxsv001-glr-3-750x50_9ab1a1ba_thu_EAuLjwO.jpg",
        "size": 1024,
        "format": null,
        "category": null,
        "collection": null,
        "product_media": 73,
        "user": null,
        "app": null,
        "app_installation": null
    }
},
{
    "model": "thumbnail.thumbnail",
    "pk": 73,
    "fields": {
        "image": "thumbnails/products/acer-aspire-lite-14-51m-59bn-i5-nxktxsv001-glr-2-750x50_d950ae46_thu_zTH5hJK.jpg",
        "size": 1024,
        "format": null,
        "category": null,
        "collection": null,
        "product_media": 74,
        "user": null,
        "app": null,
        "app_installation": null
    }
},
{
    "model": "thumbnail.thumbnail",
    "pk": 74,
    "fields": {
        "image": "thumbnails/products/acer-aspire-lite-14-51m-59bn-i5-nxktxsv001-glr-1-750x50_116a1fe5_thu_HgrwUOD.jpg",
        "size": 1024,
        "format": null,
        "category": null,
        "collection": null,
        "product_media": 75,
        "user": null,
        "app": null,
        "app_installation": null
    }
},
{
    "model": "thumbnail.thumbnail",
    "pk": 75,
    "fields": {
        "image": "thumbnails/products/acer-aspire-lite-14-51m-59bn-i5-nxktxsv001-glr-3-750x50_9ab1a1ba_th_leS2kLZ.webp",
        "size": 1024,
        "format": "webp",
        "category": null,
        "collection": null,
        "product_media": 73,
        "user": null,
        "app": null,
        "app_installation": null
    }
},
{
    "model": "thumbnail.thumbnail",
    "pk": 76,
    "fields": {
        "image": "thumbnails/products/lenovo-ideapad-slim-3-15iah8-i5-83er00evn-glr-2-750x500_311a2001_thu_k0BTDGg.jpg",
        "size": 4096,
        "format": null,
        "category": null,
        "collection": null,
        "product_media": 71,
        "user": null,
        "app": null,
        "app_installation": null
    }
},
{
    "model": "thumbnail.thumbnail",
    "pk": 77,
    "fields": {
        "image": "thumbnails/products/lenovo-ideapad-slim-3-15iah8-i5-83er00evn-glr-1-750x500_baac37fb_thu_QdXt2J2.jpg",
        "size": 4096,
        "format": null,
        "category": null,
        "collection": null,
        "product_media": 72,
        "user": null,
        "app": null,
        "app_installation": null
    }
},
{
    "model": "thumbnail.thumbnail",
    "pk": 78,
    "fields": {
        "image": "thumbnails/products/lenovo-ideapad-slim-3-15iah8-i5-83er00evn-glr-3-750x500_692187bf_thu_FHaZ9zE.jpg",
        "size": 4096,
        "format": null,
        "category": null,
        "collection": null,
        "product_media": 70,
        "user": null,
        "app": null,
        "app_installation": null
    }
},
{
    "model": "thumbnail.thumbnail",
    "pk": 79,
    "fields": {
        "image": "thumbnails/products/lenovo-ideapad-slim-3-15iah8-i5-83er00evn-glr-9-750x500_f5b8fae9_thu_c4J02ku.jpg",
        "size": 4096,
        "format": null,
        "category": null,
        "collection": null,
        "product_media": 67,
        "user": null,
        "app": null,
        "app_installation": null
    }
},
{
    "model": "thumbnail.thumbnail",
    "pk": 80,
    "fields": {
        "image": "thumbnails/products/lenovo-ideapad-slim-3-15iah8-i5-83er00evn-glr-9-750x500_f5b8fae9_thu_6j6RmEA.jpg",
        "size": 4096,
        "format": null,
        "category": null,
        "collection": null,
        "product_media": 67,
        "user": null,
        "app": null,
        "app_installation": null
    }
},
{
    "model": "thumbnail.thumbnail",
    "pk": 81,
    "fields": {
        "image": "thumbnails/products/lenovo-ideapad-slim-3-15iah8-i5-83er00evn-glr-1-750x500_baac37fb_thu_fAw4ZdG.jpg",
        "size": 4096,
        "format": null,
        "category": null,
        "collection": null,
        "product_media": 72,
        "user": null,
        "app": null,
        "app_installation": null
    }
},
{
    "model": "thumbnail.thumbnail",
    "pk": 82,
    "fields": {
        "image": "thumbnails/products/lenovo-ideapad-slim-3-15iah8-i5-83er00evn-glr-7-750x500_b15ec220_thu_MxorvDu.jpg",
        "size": 4096,
        "format": null,
        "category": null,
        "collection": null,
        "product_media": 68,
        "user": null,
        "app": null,
        "app_installation": null
    }
},
{
    "model": "thumbnail.thumbnail",
    "pk": 83,
    "fields": {
        "image": "thumbnails/products/lenovo-ideapad-slim-3-15iah8-i5-83er00evn-glr-3-750x500_692187bf_thu_12iXnru.jpg",
        "size": 4096,
        "format": null,
        "category": null,
        "collection": null,
        "product_media": 70,
        "user": null,
        "app": null,
        "app_installation": null
    }
},
{
    "model": "thumbnail.thumbnail",
    "pk": 84,
    "fields": {
        "image": "thumbnails/products/lenovo-ideapad-slim-3-15iah8-i5-83er00evn-glr-4-750x500_b442d887_thu_Ts9IGHd.jpg",
        "size": 4096,
        "format": null,
        "category": null,
        "collection": null,
        "product_media": 69,
        "user": null,
        "app": null,
        "app_installation": null
    }
},
{
    "model": "thumbnail.thumbnail",
    "pk": 85,
    "fields": {
        "image": "thumbnails/products/lenovo-ideapad-slim-3-15iah8-i5-83er00evn-glr-7-750x500_b15ec220_thu_V2Axn6Z.jpg",
        "size": 4096,
        "format": null,
        "category": null,
        "collection": null,
        "product_media": 68,
        "user": null,
        "app": null,
        "app_installation": null
    }
},
{
    "model": "thumbnail.thumbnail",
    "pk": 86,
    "fields": {
        "image": "thumbnails/products/acer-aspire-lite-14-51m-59bn-i5-nxktxsv001-glr-3-750x50_9ab1a1ba_thu_FXJihrH.jpg",
        "size": 4096,
        "format": null,
        "category": null,
        "collection": null,
        "product_media": 73,
        "user": null,
        "app": null,
        "app_installation": null
    }
},
{
    "model": "thumbnail.thumbnail",
    "pk": 87,
    "fields": {
        "image": "thumbnails/products/acer-aspire-lite-14-51m-59bn-i5-nxktxsv001-glr-1-750x50_116a1fe5_thu_je06yW7.jpg",
        "size": 4096,
        "format": null,
        "category": null,
        "collection": null,
        "product_media": 75,
        "user": null,
        "app": null,
        "app_installation": null
    }
},
{
    "model": "thumbnail.thumbnail",
    "pk": 88,
    "fields": {
        "image": "thumbnails/products/acer-aspire-lite-14-51m-59bn-i5-nxktxsv001-glr-2-750x50_d950ae46_thu_y4BPckn.jpg",
        "size": 4096,
        "format": null,
        "category": null,
        "collection": null,
        "product_media": 74,
        "user": null,
        "app": null,
        "app_installation": null
    }
},
{
    "model": "thumbnail.thumbnail",
    "pk": 89,
    "fields": {
        "image": "thumbnails/products/acer-aspire-lite-14-51m-59bn-i5-nxktxsv001-glr-2-750x50_d950ae46_thu_xrN7NzY.jpg",
        "size": 4096,
        "format": null,
        "category": null,
        "collection": null,
        "product_media": 74,
        "user": null,
        "app": null,
        "app_installation": null
    }
},
{
    "model": "thumbnail.thumbnail",
    "pk": 90,
    "fields": {
        "image": "thumbnails/products/acer-aspire-lite-14-51m-59bn-i5-nxktxsv001-glr-1-750x50_116a1fe5_thu_oUZsWtE.jpg",
        "size": 4096,
        "format": null,
        "category": null,
        "collection": null,
        "product_media": 75,
        "user": null,
        "app": null,
        "app_installation": null
    }
},
{
    "model": "thumbnail.thumbnail",
    "pk": 91,
    "fields": {
        "image": "thumbnails/products/acer-aspire-lite-14-51m-59bn-i5-nxktxsv001-glr-3-750x50_9ab1a1ba_thu_gNPsit7.jpg",
        "size": 4096,
        "format": null,
        "category": null,
        "collection": null,
        "product_media": 73,
        "user": null,
        "app": null,
        "app_installation": null
    }
},
{
    "model": "thumbnail.thumbnail",
    "pk": 92,
    "fields": {
        "image": "thumbnails/products/lenovo-ideapad-slim-3-15iah8-i5-83er00evn-glr-9-750x500_f5b8fae9_thu_UVJxfrM.jpg",
        "size": 256,
        "format": null,
        "category": null,
        "collection": null,
        "product_media": 67,
        "user": null,
        "app": null,
        "app_installation": null
    }
},
{
    "model": "thumbnail.thumbnail",
    "pk": 93,
    "fields": {
        "image": "thumbnails/products/lenovo-ideapad-slim-3-15iah8-i5-83er00evn-glr-3-750x500_692187bf_thu_xi5mGGU.jpg",
        "size": 256,
        "format": null,
        "category": null,
        "collection": null,
        "product_media": 70,
        "user": null,
        "app": null,
        "app_installation": null
    }
},
{
    "model": "thumbnail.thumbnail",
    "pk": 94,
    "fields": {
        "image": "thumbnails/products/lenovo-ideapad-slim-3-15iah8-i5-83er00evn-glr-3-750x500_692187bf_thu_4aluFMM.jpg",
        "size": 64,
        "format": null,
        "category": null,
        "collection": null,
        "product_media": 70,
        "user": null,
        "app": null,
        "app_installation": null
    }
},
{
    "model": "thumbnail.thumbnail",
    "pk": 95,
    "fields": {
        "image": "thumbnails/products/lenovo-ideapad-slim-3-15iah8-i5-83er00evn-glr-2-750x500_ae2f63d4_thu_ymcTAb4.jpg",
        "size": 4096,
        "format": null,
        "category": null,
        "collection": null,
        "product_media": 65,
        "user": null,
        "app": null,
        "app_installation": null
    }
},
{
    "model": "thumbnail.thumbnail",
    "pk": 96,
    "fields": {
        "image": "thumbnails/products/lenovo-ideapad-slim-3-15iah8-i5-83er00evn-glr-1-750x500_665f1411_thu_U1TLaqc.jpg",
        "size": 4096,
        "format": null,
        "category": null,
        "collection": null,
        "product_media": 66,
        "user": null,
        "app": null,
        "app_installation": null
    }
},
{
    "model": "thumbnail.thumbnail",
    "pk": 97,
    "fields": {
        "image": "thumbnails/products/lenovo-ideapad-slim-3-15iah8-i5-83er00evn-glr-9-750x500_d6180c3a_thu_cG249xp.jpg",
        "size": 4096,
        "format": null,
        "category": null,
        "collection": null,
        "product_media": 61,
        "user": null,
        "app": null,
        "app_installation": null
    }
},
{
    "model": "thumbnail.thumbnail",
    "pk": 98,
    "fields": {
        "image": "thumbnails/products/lenovo-ideapad-slim-3-15iah8-i5-83er00evn-glr-9-750x500_d6180c3a_thu_rvVvd92.jpg",
        "size": 4096,
        "format": null,
        "category": null,
        "collection": null,
        "product_media": 61,
        "user": null,
        "app": null,
        "app_installation": null
    }
},
{
    "model": "thumbnail.thumbnail",
    "pk": 99,
    "fields": {
        "image": "thumbnails/products/lenovo-ideapad-slim-3-15iah8-i5-83er00evn-glr-2-750x500_ae2f63d4_thu_YBb1Nsq.jpg",
        "size": 4096,
        "format": null,
        "category": null,
        "collection": null,
        "product_media": 65,
        "user": null,
        "app": null,
        "app_installation": null
    }
},
{
    "model": "thumbnail.thumbnail",
    "pk": 100,
    "fields": {
        "image": "thumbnails/products/lenovo-ideapad-slim-3-15iah8-i5-83er00evn-glr-7-750x500_9422915f_thu_qV9WqLb.jpg",
        "size": 4096,
        "format": null,
        "category": null,
        "collection": null,
        "product_media": 62,
        "user": null,
        "app": null,
        "app_installation": null
    }
},
{
    "model": "thumbnail.thumbnail",
    "pk": 101,
    "fields": {
        "image": "thumbnails/products/lenovo-ideapad-slim-3-15iah8-i5-83er00evn-glr-4-750x500_f0c4a2ad_thu_KDrZ8FS.jpg",
        "size": 4096,
        "format": null,
        "category": null,
        "collection": null,
        "product_media": 63,
        "user": null,
        "app": null,
        "app_installation": null
    }
},
{
    "model": "thumbnail.thumbnail",
    "pk": 102,
    "fields": {
        "image": "thumbnails/products/lenovo-ideapad-slim-3-15iah8-i5-83er00evn-glr-3-750x500_09fb885e_thu_Egqmq86.jpg",
        "size": 4096,
        "format": null,
        "category": null,
        "collection": null,
        "product_media": 64,
        "user": null,
        "app": null,
        "app_installation": null
    }
},
{
    "model": "thumbnail.thumbnail",
    "pk": 103,
    "fields": {
        "image": "thumbnails/products/acer-aspire-lite-14-51m-59bn-i5-nxktxsv001-glr-3-750x50_9ab1a1ba_thu_Y6JL8ni.jpg",
        "size": 256,
        "format": null,
        "category": null,
        "collection": null,
        "product_media": 73,
        "user": null,
        "app": null,
        "app_installation": null
    }
},
{
    "model": "thumbnail.thumbnail",
    "pk": 104,
    "fields": {
        "image": "thumbnails/products/hp-15-fd0234tu-i5-9q969pa-4-1-750x500_347e6011_thumbnail_256.jpg",
        "size": 256,
        "format": null,
        "category": null,
        "collection": null,
        "product_media": 57,
        "user": null,
        "app": null,
        "app_installation": null
    }
},
{
    "model": "thumbnail.thumbnail",
    "pk": 105,
    "fields": {
        "image": "thumbnails/products/lenovo-ideapad-slim-3-15iah8-i5-83er00evn-glr-2-750x500_ae2f63d4_thu_kUwfuCx.jpg",
        "size": 256,
        "format": null,
        "category": null,
        "collection": null,
        "product_media": 65,
        "user": null,
        "app": null,
        "app_installation": null
    }
},
{
    "model": "thumbnail.thumbnail",
    "pk": 107,
    "fields": {
        "image": "thumbnails/products/iphone-16-pro-max-titan-sa-mac-6-638638962370086021-750_b98ec65a_thu_fnQvc4G.jpg",
        "size": 1024,
        "format": null,
        "category": null,
        "collection": null,
        "product_media": 76,
        "user": null,
        "app": null,
        "app_installation": null
    }
},
{
    "model": "thumbnail.thumbnail",
    "pk": 108,
    "fields": {
        "image": "thumbnails/products/iphone-16-pro-max-titan-sa-mac-5-638638962363556047-750_50df8cd2_thu_epbIxLF.jpg",
        "size": 1024,
        "format": null,
        "category": null,
        "collection": null,
        "product_media": 77,
        "user": null,
        "app": null,
        "app_installation": null
    }
},
{
    "model": "thumbnail.thumbnail",
    "pk": 109,
    "fields": {
        "image": "thumbnails/products/iphone-16-pro-max-titan-sa-mac-4-638638962357240755-750_c29ecc4a_thu_gFvCYv0.jpg",
        "size": 1024,
        "format": null,
        "category": null,
        "collection": null,
        "product_media": 78,
        "user": null,
        "app": null,
        "app_installation": null
    }
},
{
    "model": "thumbnail.thumbnail",
    "pk": 110,
    "fields": {
        "image": "thumbnails/products/iphone-16-pro-max-titan-sa-mac-3-638638962351331027-750_d120d606_thu_F525zxx.jpg",
        "size": 1024,
        "format": null,
        "category": null,
        "collection": null,
        "product_media": 79,
        "user": null,
        "app": null,
        "app_installation": null
    }
},
{
    "model": "thumbnail.thumbnail",
    "pk": 111,
    "fields": {
        "image": "thumbnails/products/iphone-16-pro-max-titan-sa-mac-2-638638962343879149-750_e09ff153_thu_47g9FcZ.jpg",
        "size": 1024,
        "format": null,
        "category": null,
        "collection": null,
        "product_media": 80,
        "user": null,
        "app": null,
        "app_installation": null
    }
},
{
    "model": "thumbnail.thumbnail",
    "pk": 112,
    "fields": {
        "image": "thumbnails/products/iphone-16-pro-max-titan-sa-mac-1-638638962337813406-750_bb0cfe85_thu_PS2iPI7.jpg",
        "size": 1024,
        "format": null,
        "category": null,
        "collection": null,
        "product_media": 81,
        "user": null,
        "app": null,
        "app_installation": null
    }
},
{
    "model": "thumbnail.thumbnail",
    "pk": 113,
    "fields": {
        "image": "thumbnails/products/iphone-16-pro-max-titan-sa-mac-6-638638962370086021-750_b98ec65a_th_D3aqvKj.webp",
        "size": 1024,
        "format": "webp",
        "category": null,
        "collection": null,
        "product_media": 76,
        "user": null,
        "app": null,
        "app_installation": null
    }
},
{
    "model": "thumbnail.thumbnail",
    "pk": 114,
    "fields": {
        "image": "thumbnails/products/iphone-16-pro-max-titan-sa-mac-6-638638962370086021-750_469ab46a_thu_rTpXHLW.jpg",
        "size": 1024,
        "format": null,
        "category": null,
        "collection": null,
        "product_media": 82,
        "user": null,
        "app": null,
        "app_installation": null
    }
},
{
    "model": "thumbnail.thumbnail",
    "pk": 115,
    "fields": {
        "image": "thumbnails/products/iphone-16-pro-max-titan-sa-mac-5-638638962363556047-750_727d6abe_thu_nA70Kff.jpg",
        "size": 1024,
        "format": null,
        "category": null,
        "collection": null,
        "product_media": 83,
        "user": null,
        "app": null,
        "app_installation": null
    }
},
{
    "model": "thumbnail.thumbnail",
    "pk": 116,
    "fields": {
        "image": "thumbnails/products/iphone-16-pro-max-titan-sa-mac-2-638638962343879149-750_f6cd77e3_thu_OusSVna.jpg",
        "size": 1024,
        "format": null,
        "category": null,
        "collection": null,
        "product_media": 84,
        "user": null,
        "app": null,
        "app_installation": null
    }
},
{
    "model": "thumbnail.thumbnail",
    "pk": 117,
    "fields": {
        "image": "thumbnails/products/iphone-16-pro-max-titan-sa-mac-1-638638962337813406-750_86119d39_thu_3TgwRlF.jpg",
        "size": 1024,
        "format": null,
        "category": null,
        "collection": null,
        "product_media": 85,
        "user": null,
        "app": null,
        "app_installation": null
    }
},
{
    "model": "thumbnail.thumbnail",
    "pk": 118,
    "fields": {
        "image": "thumbnails/products/iphone-16-pro-max-titan-sa-mac-4-638638962357240755-750_2dd617f9_thu_7TUgRZ6.jpg",
        "size": 1024,
        "format": null,
        "category": null,
        "collection": null,
        "product_media": 86,
        "user": null,
        "app": null,
        "app_installation": null
    }
},
{
    "model": "thumbnail.thumbnail",
    "pk": 119,
    "fields": {
        "image": "thumbnails/products/iphone-16-pro-max-titan-sa-mac-3-638638962351331027-750_87e61dd4_thu_6GWpT8F.jpg",
        "size": 1024,
        "format": null,
        "category": null,
        "collection": null,
        "product_media": 87,
        "user": null,
        "app": null,
        "app_installation": null
    }
},
{
    "model": "thumbnail.thumbnail",
    "pk": 120,
    "fields": {
        "image": "thumbnails/products/iphone-16-pro-max-titan-sa-mac-1-638638962337813406-750_bf357645_thu_MZOfqmE.jpg",
        "size": 1024,
        "format": null,
        "category": null,
        "collection": null,
        "product_media": 88,
        "user": null,
        "app": null,
        "app_installation": null
    }
},
{
    "model": "thumbnail.thumbnail",
    "pk": 121,
    "fields": {
        "image": "thumbnails/products/samsung-galaxy-z-fold6-xam-8-750x500_47648d18_thumbnail_1024.jpg",
        "size": 1024,
        "format": null,
        "category": null,
        "collection": null,
        "product_media": 89,
        "user": null,
        "app": null,
        "app_installation": null
    }
},
{
    "model": "thumbnail.thumbnail",
    "pk": 122,
    "fields": {
        "image": "thumbnails/products/samsung-galaxy-z-fold6-xam-3-1-750x500_12bde8fe_thumbnail_1024.jpg",
        "size": 1024,
        "format": null,
        "category": null,
        "collection": null,
        "product_media": 90,
        "user": null,
        "app": null,
        "app_installation": null
    }
},
{
    "model": "thumbnail.thumbnail",
    "pk": 123,
    "fields": {
        "image": "thumbnails/products/samsung-galaxy-z-fold6-xam-12-750x500_a5d8c6fc_thumbnail_1024.jpg",
        "size": 1024,
        "format": null,
        "category": null,
        "collection": null,
        "product_media": 91,
        "user": null,
        "app": null,
        "app_installation": null
    }
},
{
    "model": "thumbnail.thumbnail",
    "pk": 124,
    "fields": {
        "image": "thumbnails/products/samsung-galaxy-z-fold6-xam-3-1-750x500_1398cd22_thumbnail_1024.jpg",
        "size": 1024,
        "format": null,
        "category": null,
        "collection": null,
        "product_media": 92,
        "user": null,
        "app": null,
        "app_installation": null
    }
},
{
    "model": "thumbnail.thumbnail",
    "pk": 125,
    "fields": {
        "image": "thumbnails/products/samsung-galaxy-z-fold6-xam-2-1-750x500_53167ea8_thumbnail_1024.jpg",
        "size": 1024,
        "format": null,
        "category": null,
        "collection": null,
        "product_media": 93,
        "user": null,
        "app": null,
        "app_installation": null
    }
},
{
    "model": "thumbnail.thumbnail",
    "pk": 126,
    "fields": {
        "image": "thumbnails/products/iphone-16-pro-max-titan-sa-mac-4-638638962357240755-750_2dd617f9_th_JQpVmgk.webp",
        "size": 1024,
        "format": "webp",
        "category": null,
        "collection": null,
        "product_media": 86,
        "user": null,
        "app": null,
        "app_installation": null
    }
},
{
    "model": "thumbnail.thumbnail",
    "pk": 127,
    "fields": {
        "image": "thumbnails/products/iphone-16-pro-max-titan-sa-mac-6-638638962370086021-750_469ab46a_th_rYWxc69.webp",
        "size": 1024,
        "format": "webp",
        "category": null,
        "collection": null,
        "product_media": 82,
        "user": null,
        "app": null,
        "app_installation": null
    }
},
{
    "model": "thumbnail.thumbnail",
    "pk": 128,
    "fields": {
        "image": "thumbnails/products/samsung-galaxy-z-fold6-xam-8-750x500_47648d18_thumbnail_1024.webp",
        "size": 1024,
        "format": "webp",
        "category": null,
        "collection": null,
        "product_media": 89,
        "user": null,
        "app": null,
        "app_installation": null
    }
},
{
    "model": "thumbnail.thumbnail",
    "pk": 129,
    "fields": {
        "image": "thumbnails/products/samsung-galaxy-z-fold6-xam-12-750x500_a5d8c6fc_thumbnail_1024.webp",
        "size": 1024,
        "format": "webp",
        "category": null,
        "collection": null,
        "product_media": 91,
        "user": null,
        "app": null,
        "app_installation": null
    }
},
{
    "model": "thumbnail.thumbnail",
    "pk": 130,
    "fields": {
        "image": "thumbnails/products/iphone-16-pro-max-titan-sa-mac-1-638638962337813406-750_86119d39_thu_ztYGaEB.jpg",
        "size": 4096,
        "format": null,
        "category": null,
        "collection": null,
        "product_media": 85,
        "user": null,
        "app": null,
        "app_installation": null
    }
},
{
    "model": "thumbnail.thumbnail",
    "pk": 131,
    "fields": {
        "image": "thumbnails/products/iphone-16-pro-max-titan-sa-mac-6-638638962370086021-750_469ab46a_thu_ygiqPsa.jpg",
        "size": 4096,
        "format": null,
        "category": null,
        "collection": null,
        "product_media": 82,
        "user": null,
        "app": null,
        "app_installation": null
    }
},
{
    "model": "thumbnail.thumbnail",
    "pk": 132,
    "fields": {
        "image": "thumbnails/products/iphone-16-pro-max-titan-sa-mac-5-638638962363556047-750_727d6abe_thu_ECm4krc.jpg",
        "size": 4096,
        "format": null,
        "category": null,
        "collection": null,
        "product_media": 83,
        "user": null,
        "app": null,
        "app_installation": null
    }
},
{
    "model": "thumbnail.thumbnail",
    "pk": 133,
    "fields": {
        "image": "thumbnails/products/iphone-16-pro-max-titan-sa-mac-2-638638962343879149-750_f6cd77e3_thu_Xcew3wE.jpg",
        "size": 4096,
        "format": null,
        "category": null,
        "collection": null,
        "product_media": 84,
        "user": null,
        "app": null,
        "app_installation": null
    }
},
{
    "model": "thumbnail.thumbnail",
    "pk": 134,
    "fields": {
        "image": "thumbnails/products/iphone-16-pro-max-titan-sa-mac-5-638638962363556047-750_727d6abe_thu_Oh0biLZ.jpg",
        "size": 4096,
        "format": null,
        "category": null,
        "collection": null,
        "product_media": 83,
        "user": null,
        "app": null,
        "app_installation": null
    }
},
{
    "model": "thumbnail.thumbnail",
    "pk": 135,
    "fields": {
        "image": "thumbnails/products/samsung-galaxy-z-fold6-xam-12-750x500_a5d8c6fc_thumbnail_4096.jpg",
        "size": 4096,
        "format": null,
        "category": null,
        "collection": null,
        "product_media": 91,
        "user": null,
        "app": null,
        "app_installation": null
    }
},
{
    "model": "thumbnail.thumbnail",
    "pk": 136,
    "fields": {
        "image": "thumbnails/products/samsung-galaxy-z-fold6-xam-2-1-750x500_53167ea8_thumbnail_4096.jpg",
        "size": 4096,
        "format": null,
        "category": null,
        "collection": null,
        "product_media": 93,
        "user": null,
        "app": null,
        "app_installation": null
    }
},
{
    "model": "thumbnail.thumbnail",
    "pk": 137,
    "fields": {
        "image": "thumbnails/products/samsung-galaxy-z-fold6-xam-3-1-750x500_1398cd22_thumbnail_4096.jpg",
        "size": 4096,
        "format": null,
        "category": null,
        "collection": null,
        "product_media": 92,
        "user": null,
        "app": null,
        "app_installation": null
    }
},
{
    "model": "thumbnail.thumbnail",
    "pk": 138,
    "fields": {
        "image": "thumbnails/products/samsung-galaxy-z-fold6-xam-3-1-750x500_1398cd22_thumbnail_4096_kL4XhsW.jpg",
        "size": 4096,
        "format": null,
        "category": null,
        "collection": null,
        "product_media": 92,
        "user": null,
        "app": null,
        "app_installation": null
    }
},
{
    "model": "thumbnail.thumbnail",
    "pk": 139,
    "fields": {
        "image": "thumbnails/products/iphone-16-pro-max-titan-sa-mac-5-638638962363556047-750_50df8cd2_thu_bw2yxIn.jpg",
        "size": 4096,
        "format": null,
        "category": null,
        "collection": null,
        "product_media": 77,
        "user": null,
        "app": null,
        "app_installation": null
    }
},
{
    "model": "thumbnail.thumbnail",
    "pk": 140,
    "fields": {
        "image": "thumbnails/products/iphone-16-pro-max-titan-sa-mac-1-638638962337813406-750_bb0cfe85_thu_eUKUmno.jpg",
        "size": 4096,
        "format": null,
        "category": null,
        "collection": null,
        "product_media": 81,
        "user": null,
        "app": null,
        "app_installation": null
    }
},
{
    "model": "thumbnail.thumbnail",
    "pk": 141,
    "fields": {
        "image": "thumbnails/products/iphone-16-pro-max-titan-sa-mac-6-638638962370086021-750_b98ec65a_thu_RNAv2Yj.jpg",
        "size": 4096,
        "format": null,
        "category": null,
        "collection": null,
        "product_media": 76,
        "user": null,
        "app": null,
        "app_installation": null
    }
},
{
    "model": "thumbnail.thumbnail",
    "pk": 142,
    "fields": {
        "image": "thumbnails/products/iphone-16-pro-max-titan-sa-mac-6-638638962370086021-750_b98ec65a_thu_5aTS7ox.jpg",
        "size": 4096,
        "format": null,
        "category": null,
        "collection": null,
        "product_media": 76,
        "user": null,
        "app": null,
        "app_installation": null
    }
},
{
    "model": "thumbnail.thumbnail",
    "pk": 143,
    "fields": {
        "image": "thumbnails/products/iphone-16-pro-max-titan-sa-mac-4-638638962357240755-750_c29ecc4a_thu_IwQsDoO.jpg",
        "size": 4096,
        "format": null,
        "category": null,
        "collection": null,
        "product_media": 78,
        "user": null,
        "app": null,
        "app_installation": null
    }
},
{
    "model": "thumbnail.thumbnail",
    "pk": 144,
    "fields": {
        "image": "thumbnails/products/iphone-16-pro-max-titan-sa-mac-5-638638962363556047-750_50df8cd2_thu_hMXAELa.jpg",
        "size": 4096,
        "format": null,
        "category": null,
        "collection": null,
        "product_media": 77,
        "user": null,
        "app": null,
        "app_installation": null
    }
},
{
    "model": "thumbnail.thumbnail",
    "pk": 145,
    "fields": {
        "image": "thumbnails/products/iphone-16-pro-max-titan-sa-mac-3-638638962351331027-750_d120d606_thu_kzvHL4a.jpg",
        "size": 4096,
        "format": null,
        "category": null,
        "collection": null,
        "product_media": 79,
        "user": null,
        "app": null,
        "app_installation": null
    }
},
{
    "model": "thumbnail.thumbnail",
    "pk": 146,
    "fields": {
        "image": "thumbnails/products/iphone-16-pro-max-titan-sa-mac-2-638638962343879149-750_e09ff153_thu_2YWOMAJ.jpg",
        "size": 4096,
        "format": null,
        "category": null,
        "collection": null,
        "product_media": 80,
        "user": null,
        "app": null,
        "app_installation": null
    }
},
{
    "model": "thumbnail.thumbnail",
    "pk": 147,
    "fields": {
        "image": "thumbnails/products/samsung-galaxy-z-fold6-xam-8-750x500_47648d18_thumbnail_4096.jpg",
        "size": 4096,
        "format": null,
        "category": null,
        "collection": null,
        "product_media": 89,
        "user": null,
        "app": null,
        "app_installation": null
    }
},
{
    "model": "thumbnail.thumbnail",
    "pk": 148,
    "fields": {
        "image": "thumbnails/products/samsung-galaxy-z-fold6-xam-3-1-750x500_12bde8fe_thumbnail_4096_x7RGLvx.jpg",
        "size": 4096,
        "format": null,
        "category": null,
        "collection": null,
        "product_media": 90,
        "user": null,
        "app": null,
        "app_installation": null
    }
},
{
    "model": "thumbnail.thumbnail",
    "pk": 149,
    "fields": {
        "image": "thumbnails/products/samsung-galaxy-z-fold6-xam-8-750x500_47648d18_thumbnail_4096_ortMXAZ.jpg",
        "size": 4096,
        "format": null,
        "category": null,
        "collection": null,
        "product_media": 89,
        "user": null,
        "app": null,
        "app_installation": null
    }
},
{
    "model": "thumbnail.thumbnail",
    "pk": 150,
    "fields": {
        "image": "thumbnails/products/samsung-galaxy-z-fold6-xam-3-1-750x500_12bde8fe_thumbnail_4096.jpg",
        "size": 4096,
        "format": null,
        "category": null,
        "collection": null,
        "product_media": 90,
        "user": null,
        "app": null,
        "app_installation": null
    }
},
{
    "model": "thumbnail.thumbnail",
    "pk": 151,
    "fields": {
        "image": "thumbnails/products/iphone-16-pro-max-titan-sa-mac-6-638638962370086021-750_b98ec65a_thu_3AYBvEd.jpg",
        "size": 64,
        "format": null,
        "category": null,
        "collection": null,
        "product_media": 76,
        "user": null,
        "app": null,
        "app_installation": null
    }
},
{
    "model": "thumbnail.thumbnail",
    "pk": 152,
    "fields": {
        "image": "thumbnails/products/iphone-16-pro-max-titan-sa-mac-6-638638962370086021-750_b98ec65a_thu_p2eywzt.jpg",
        "size": 256,
        "format": null,
        "category": null,
        "collection": null,
        "product_media": 76,
        "user": null,
        "app": null,
        "app_installation": null
    }
},
{
    "model": "thumbnail.thumbnail",
    "pk": 153,
    "fields": {
        "image": "thumbnails/products/iphone-16-pro-max-titan-sa-mac-4-638638962357240755-750_2dd617f9_thu_5yT9JMK.jpg",
        "size": 4096,
        "format": null,
        "category": null,
        "collection": null,
        "product_media": 86,
        "user": null,
        "app": null,
        "app_installation": null
    }
},
{
    "model": "thumbnail.thumbnail",
    "pk": 154,
    "fields": {
        "image": "thumbnails/products/iphone-16-pro-max-titan-sa-mac-1-638638962337813406-750_bf357645_thu_yLaY4tn.jpg",
        "size": 4096,
        "format": null,
        "category": null,
        "collection": null,
        "product_media": 88,
        "user": null,
        "app": null,
        "app_installation": null
    }
},
{
    "model": "thumbnail.thumbnail",
    "pk": 155,
    "fields": {
        "image": "thumbnails/products/iphone-16-pro-max-titan-sa-mac-3-638638962351331027-750_87e61dd4_thu_yw2iWWP.jpg",
        "size": 4096,
        "format": null,
        "category": null,
        "collection": null,
        "product_media": 87,
        "user": null,
        "app": null,
        "app_installation": null
    }
},
{
    "model": "thumbnail.thumbnail",
    "pk": 156,
    "fields": {
        "image": "thumbnails/products/iphone-16-pro-max-titan-sa-mac-3-638638962351331027-750_87e61dd4_thu_gnoIp5h.jpg",
        "size": 4096,
        "format": null,
        "category": null,
        "collection": null,
        "product_media": 87,
        "user": null,
        "app": null,
        "app_installation": null
    }
},
{
    "model": "thumbnail.thumbnail",
    "pk": 157,
    "fields": {
        "image": "thumbnails/products/samsung-galaxy-z-fold6-xam-8-750x500_64b0801b_thumbnail_1024.jpg",
        "size": 1024,
        "format": null,
        "category": null,
        "collection": null,
        "product_media": 94,
        "user": null,
        "app": null,
        "app_installation": null
    }
},
{
    "model": "thumbnail.thumbnail",
    "pk": 158,
    "fields": {
        "image": "thumbnails/products/11076230_375009099367587_342484645172935856_n_0e3a4021_thumbnail_1024.jpg",
        "size": 1024,
        "format": null,
        "category": null,
        "collection": null,
        "product_media": 95,
        "user": null,
        "app": null,
        "app_installation": null
    }
},
{
    "model": "thumbnail.thumbnail",
    "pk": 159,
    "fields": {
        "image": "thumbnails/products/11076230_375009099367587_342484645172935856_n_0e3a4021_thumbnail_4096.jpg",
        "size": 4096,
        "format": null,
        "category": null,
        "collection": null,
        "product_media": 95,
        "user": null,
        "app": null,
        "app_installation": null
    }
},
{
    "model": "thumbnail.thumbnail",
    "pk": 160,
    "fields": {
        "image": "thumbnails/products/samsung-galaxy-z-fold6-xam-8-750x500_64b0801b_thumbnail_4096.jpg",
        "size": 4096,
        "format": null,
        "category": null,
        "collection": null,
        "product_media": 94,
        "user": null,
        "app": null,
        "app_installation": null
    }
},
{
    "model": "thumbnail.thumbnail",
    "pk": 161,
    "fields": {
        "image": "thumbnails/products/hp-15-fd0234tu-i5-9q969pa-1-1-750x500_f13e8d31_thumbnail_4096.jpg",
        "size": 4096,
        "format": null,
        "category": null,
        "collection": null,
        "product_media": 60,
        "user": null,
        "app": null,
        "app_installation": null
    }
},
{
    "model": "thumbnail.thumbnail",
    "pk": 162,
    "fields": {
        "image": "thumbnails/products/hp-15-fd0234tu-i5-9q969pa-4-1-750x500_347e6011_thumbnail_4096.jpg",
        "size": 4096,
        "format": null,
        "category": null,
        "collection": null,
        "product_media": 57,
        "user": null,
        "app": null,
        "app_installation": null
    }
},
{
    "model": "thumbnail.thumbnail",
    "pk": 163,
    "fields": {
        "image": "thumbnails/products/hp-15-fd0234tu-i5-9q969pa-2-1-750x500_755a65c1_thumbnail_4096.jpg",
        "size": 4096,
        "format": null,
        "category": null,
        "collection": null,
        "product_media": 59,
        "user": null,
        "app": null,
        "app_installation": null
    }
},
{
    "model": "thumbnail.thumbnail",
    "pk": 164,
    "fields": {
        "image": "thumbnails/products/hp-15-fd0234tu-i5-9q969pa-3-1-750x500_4312423e_thumbnail_4096_V9j5XFy.jpg",
        "size": 4096,
        "format": null,
        "category": null,
        "collection": null,
        "product_media": 58,
        "user": null,
        "app": null,
        "app_installation": null
    }
},
{
    "model": "thumbnail.thumbnail",
    "pk": 165,
    "fields": {
        "image": "thumbnails/products/hp-15-fd0234tu-i5-9q969pa-3-1-750x500_4312423e_thumbnail_4096.jpg",
        "size": 4096,
        "format": null,
        "category": null,
        "collection": null,
        "product_media": 58,
        "user": null,
        "app": null,
        "app_installation": null
    }
},
{
    "model": "thumbnail.thumbnail",
    "pk": 166,
    "fields": {
        "image": "thumbnails/products/acer-aspire-lite-14-51m-59bn-i5-nxktxsv001-glr-3-750x50_9ab1a1ba_thu_TnwmDpD.jpg",
        "size": 64,
        "format": null,
        "category": null,
        "collection": null,
        "product_media": 73,
        "user": null,
        "app": null,
        "app_installation": null
    }
},
{
    "model": "thumbnail.thumbnail",
    "pk": 167,
    "fields": {
        "image": "thumbnails/products/iphone-15-pro-black-1-750x500_b52f2e15_thumbnail_1024.jpg",
        "size": 1024,
        "format": null,
        "category": null,
        "collection": null,
        "product_media": 96,
        "user": null,
        "app": null,
        "app_installation": null
    }
},
{
    "model": "thumbnail.thumbnail",
    "pk": 168,
    "fields": {
        "image": "thumbnails/products/iphone-16-pro-max-titan-sa-mac-6-638638962370086021-750_b58d481a_thu_RO9KWmr.jpg",
        "size": 1024,
        "format": null,
        "category": null,
        "collection": null,
        "product_media": 97,
        "user": null,
        "app": null,
        "app_installation": null
    }
},
{
    "model": "thumbnail.thumbnail",
    "pk": 169,
    "fields": {
        "image": "thumbnails/products/iphone-15-pro-black-1-750x500_b52f2e15_thumbnail_1024.webp",
        "size": 1024,
        "format": "webp",
        "category": null,
        "collection": null,
        "product_media": 96,
        "user": null,
        "app": null,
        "app_installation": null
    }
},
{
    "model": "thumbnail.thumbnail",
    "pk": 170,
    "fields": {
        "image": "thumbnails/products/samsung-galaxy-z-fold6-xam-8-750x500_47648d18_thumbnail_256.jpg",
        "size": 256,
        "format": null,
        "category": null,
        "collection": null,
        "product_media": 89,
        "user": null,
        "app": null,
        "app_installation": null
    }
},
{
    "model": "thumbnail.thumbnail",
    "pk": 171,
    "fields": {
        "image": "thumbnails/products/samsung-galaxy-z-fold6-xam-12-750x500_a5d8c6fc_thumbnail_256.jpg",
        "size": 256,
        "format": null,
        "category": null,
        "collection": null,
        "product_media": 91,
        "user": null,
        "app": null,
        "app_installation": null
    }
},
{
    "model": "thumbnail.thumbnail",
    "pk": 172,
    "fields": {
        "image": "thumbnails/products/iphone-16-pro-max-titan-sa-mac-4-638638962357240755-750_2dd617f9_thu_Juk2sTE.jpg",
        "size": 256,
        "format": null,
        "category": null,
        "collection": null,
        "product_media": 86,
        "user": null,
        "app": null,
        "app_installation": null
    }
},
{
    "model": "thumbnail.thumbnail",
    "pk": 173,
    "fields": {
        "image": "thumbnails/products/iphone-16-pro-max-titan-sa-mac-6-638638962370086021-750_469ab46a_thu_PujYO1F.jpg",
        "size": 256,
        "format": null,
        "category": null,
        "collection": null,
        "product_media": 82,
        "user": null,
        "app": null,
        "app_installation": null
    }
},
{
    "model": "thumbnail.thumbnail",
    "pk": 174,
    "fields": {
        "image": "thumbnails/products/iphone-15-pro-black-1-750x500_b52f2e15_thumbnail_256.jpg",
        "size": 256,
        "format": null,
        "category": null,
        "collection": null,
        "product_media": 96,
        "user": null,
        "app": null,
        "app_installation": null
    }
},
{
    "model": "thumbnail.thumbnail",
    "pk": 175,
    "fields": {
        "image": "thumbnails/products/iphone-15-pro-black-1-750x500_b52f2e15_thumbnail_4096.jpg",
        "size": 4096,
        "format": null,
        "category": null,
        "collection": null,
        "product_media": 96,
        "user": null,
        "app": null,
        "app_installation": null
    }
},
{
    "model": "thumbnail.thumbnail",
    "pk": 176,
    "fields": {
        "image": "thumbnails/products/iphone-16-pro-max-titan-sa-mac-6-638638962370086021-750_b58d481a_thu_31EjLtG.jpg",
        "size": 4096,
        "format": null,
        "category": null,
        "collection": null,
        "product_media": 97,
        "user": null,
        "app": null,
        "app_installation": null
    }
},
{
    "model": "thumbnail.thumbnail",
    "pk": 177,
    "fields": {
        "image": "thumbnails/products/iphone-16-pro-max-titan-sa-mac-6-638638962370086021-750_b58d481a_thu_WhbQIw0.jpg",
        "size": 4096,
        "format": null,
        "category": null,
        "collection": null,
        "product_media": 97,
        "user": null,
        "app": null,
        "app_installation": null
    }
},
{
    "model": "thumbnail.thumbnail",
    "pk": 178,
    "fields": {
        "image": "thumbnails/products/iphone-15-pro-black-1-750x500_b52f2e15_thumbnail_4096_6T75FMf.jpg",
        "size": 4096,
        "format": null,
        "category": null,
        "collection": null,
        "product_media": 96,
        "user": null,
        "app": null,
        "app_installation": null
    }
},
{
    "model": "thumbnail.thumbnail",
    "pk": 179,
    "fields": {
        "image": "thumbnails/products/iphone-15-pro-black-1-750x500_b52f2e15_thumbnail_32.jpg",
        "size": 32,
        "format": null,
        "category": null,
        "collection": null,
        "product_media": 96,
        "user": null,
        "app": null,
        "app_installation": null
    }
},
{
    "model": "thumbnail.thumbnail",
    "pk": 180,
    "fields": {
        "image": "thumbnails/products/iphone-16-pro-max-titan-sa-mac-6-638638962370086021-750_b58d481a_thu_T2opKCI.jpg",
        "size": 32,
        "format": null,
        "category": null,
        "collection": null,
        "product_media": 97,
        "user": null,
        "app": null,
        "app_installation": null
    }
},
{
    "model": "thumbnail.thumbnail",
    "pk": 181,
    "fields": {
        "image": "thumbnails/products/iphone-16-pro-max-titan-sa-mac-6-638638962370086021-750_469ab46a_thu_R6xTmAC.jpg",
        "size": 64,
        "format": null,
        "category": null,
        "collection": null,
        "product_media": 82,
        "user": null,
        "app": null,
        "app_installation": null
    }
},
{
    "model": "thumbnail.thumbnail",
    "pk": 182,
    "fields": {
        "image": "thumbnails/products/iphone-16-pro-max-titan-sa-mac-4-638638962357240755-750_2dd617f9_thu_wkGbU6n.jpg",
        "size": 64,
        "format": null,
        "category": null,
        "collection": null,
        "product_media": 86,
        "user": null,
        "app": null,
        "app_installation": null
    }
},
{
    "model": "thumbnail.thumbnail",
    "pk": 183,
    "fields": {
        "image": "thumbnails/products/iphone-15-pro-black-1-750x500_b52f2e15_thumbnail_64.jpg",
        "size": 64,
        "format": null,
        "category": null,
        "collection": null,
        "product_media": 96,
        "user": null,
        "app": null,
        "app_installation": null
    }
},
{
    "model": "thumbnail.thumbnail",
    "pk": 184,
    "fields": {
        "image": "thumbnails/products/lenovo-ideapad-slim-3-15iah8-i5-83er00evn-glr-2-750x500_ae2f63d4_thu_MkkDb8N.jpg",
        "size": 64,
        "format": null,
        "category": null,
        "collection": null,
        "product_media": 65,
        "user": null,
        "app": null,
        "app_installation": null
    }
},
{
    "model": "thumbnail.thumbnail",
    "pk": 185,
    "fields": {
        "image": "thumbnails/products/lenovo-ideapad-slim-3-15iah8-i5-83er00evn-glr-9-750x500_d6180c3a_thu_1lzQjiw.jpg",
        "size": 64,
        "format": null,
        "category": null,
        "collection": null,
        "product_media": 61,
        "user": null,
        "app": null,
        "app_installation": null
    }
},
{
    "model": "thumbnail.thumbnail",
    "pk": 186,
    "fields": {
        "image": "thumbnails/products/lenovo-ideapad-slim-3-15iah8-i5-83er00evn-glr-7-750x500_9422915f_thu_lfuRZM1.jpg",
        "size": 64,
        "format": null,
        "category": null,
        "collection": null,
        "product_media": 62,
        "user": null,
        "app": null,
        "app_installation": null
    }
},
{
    "model": "thumbnail.thumbnail",
    "pk": 187,
    "fields": {
        "image": "thumbnails/products/samsung-galaxy-z-fold6-xam-12-750x500_a5d8c6fc_thumbnail_64.jpg",
        "size": 64,
        "format": null,
        "category": null,
        "collection": null,
        "product_media": 91,
        "user": null,
        "app": null,
        "app_installation": null
    }
},
{
    "model": "thumbnail.thumbnail",
    "pk": 189,
    "fields": {
        "image": "thumbnails/products/mwc_1_ef537206_thumbnail_4096.jpg",
        "size": 4096,
        "format": null,
        "category": null,
        "collection": null,
        "product_media": 54,
        "user": null,
        "app": null,
        "app_installation": null
    }
},
{
    "model": "thumbnail.thumbnail",
    "pk": 190,
    "fields": {
        "image": "thumbnails/products/lenovo-ideapad-slim-3-15iah8-i5-83er00evn-glr-2-750x500_ae2f63d4_th_ScdBe8N.webp",
        "size": 128,
        "format": "webp",
        "category": null,
        "collection": null,
        "product_media": 65,
        "user": null,
        "app": null,
        "app_installation": null
    }
},
{
    "model": "thumbnail.thumbnail",
    "pk": 191,
    "fields": {
        "image": "thumbnails/products/iphone-16-pro-max-titan-sa-mac-6-638638962370086021-750_469ab46a_th_OmcJdt9.webp",
        "size": 128,
        "format": "webp",
        "category": null,
        "collection": null,
        "product_media": 82,
        "user": null,
        "app": null,
        "app_installation": null
    }
},
{
    "model": "thumbnail.thumbnail",
    "pk": 192,
    "fields": {
        "image": "thumbnails/products/iphone-16-pro-max-titan-sa-mac-4-638638962357240755-750_2dd617f9_th_WFlhOHV.webp",
        "size": 128,
        "format": "webp",
        "category": null,
        "collection": null,
        "product_media": 86,
        "user": null,
        "app": null,
        "app_installation": null
    }
},
{
    "model": "thumbnail.thumbnail",
    "pk": 193,
    "fields": {
        "image": "thumbnails/products/iphone-16-pro-max-titan-sa-mac-6-638638962370086021-750_b58d481a_th_tm5KIQJ.webp",
        "size": 1024,
        "format": "webp",
        "category": null,
        "collection": null,
        "product_media": 97,
        "user": null,
        "app": null,
        "app_installation": null
    }
},
{
    "model": "thumbnail.thumbnail",
    "pk": 194,
    "fields": {
        "image": "thumbnails/products/iphone-16-pro-max-titan-sa-mac-6-638638962370086021-750_b58d481a_thu_hQ3GELk.jpg",
        "size": 256,
        "format": null,
        "category": null,
        "collection": null,
        "product_media": 97,
        "user": null,
        "app": null,
        "app_installation": null
    }
},
{
    "model": "thumbnail.thumbnail",
    "pk": 195,
    "fields": {
        "image": "thumbnails/products/iphone-16-pro-max-titan-sa-mac-6-638638962370086021-750_b58d481a_th_bOjhCro.webp",
        "size": 128,
        "format": "webp",
        "category": null,
        "collection": null,
        "product_media": 97,
        "user": null,
        "app": null,
        "app_installation": null
    }
},
{
    "model": "thumbnail.thumbnail",
    "pk": 196,
    "fields": {
        "image": "thumbnails/products/cac-dong-iphone-11-hien-nay-gia-thanh-cuoi-nam-98-800x4_27a810e8_thu_iQMChoS.png",
        "size": 1024,
        "format": null,
        "category": null,
        "collection": null,
        "product_media": 101,
        "user": null,
        "app": null,
        "app_installation": null
    }
},
{
    "model": "thumbnail.thumbnail",
    "pk": 197,
    "fields": {
        "image": "thumbnails/products/cac-dong-iphone-11-hien-nay-gia-thanh-cuoi-nam-98-800x4_27a810e8_thu_WJpAVWj.png",
        "size": 4096,
        "format": null,
        "category": null,
        "collection": null,
        "product_media": 101,
        "user": null,
        "app": null,
        "app_installation": null
    }
},
{
    "model": "thumbnail.thumbnail",
    "pk": 198,
    "fields": {
        "image": "thumbnails/products/cac-dong-iphone-11-hien-nay-gia-thanh-cuoi-nam-98-800x4_27a810e8_thu_uAe3XSJ.png",
        "size": 4096,
        "format": null,
        "category": null,
        "collection": null,
        "product_media": 101,
        "user": null,
        "app": null,
        "app_installation": null
    }
},
{
    "model": "thumbnail.thumbnail",
    "pk": 199,
    "fields": {
        "image": "thumbnails/products/cac-dong-iphone-11-hien-nay-gia-thanh-cuoi-nam-95-800x4_e54257ee_thu_fi6LcNj.png",
        "size": 1024,
        "format": null,
        "category": null,
        "collection": null,
        "product_media": 102,
        "user": null,
        "app": null,
        "app_installation": null
    }
},
{
    "model": "thumbnail.thumbnail",
    "pk": 200,
    "fields": {
        "image": "thumbnails/products/cac-dong-iphone-11-hien-nay-gia-thanh-cuoi-nam-98-800x4_3b48b661_thu_KaizWhW.png",
        "size": 1024,
        "format": null,
        "category": null,
        "collection": null,
        "product_media": 103,
        "user": null,
        "app": null,
        "app_installation": null
    }
},
{
    "model": "thumbnail.thumbnail",
    "pk": 201,
    "fields": {
        "image": "thumbnails/products/cac-dong-iphone-11-hien-nay-gia-thanh-cuoi-nam.3-800x46_aaec0691_thu_JUrooqQ.jpg",
        "size": 1024,
        "format": null,
        "category": null,
        "collection": null,
        "product_media": 104,
        "user": null,
        "app": null,
        "app_installation": null
    }
},
{
    "model": "thumbnail.thumbnail",
    "pk": 202,
    "fields": {
        "image": "thumbnails/products/cac-dong-iphone-11-hien-nay-gia-thanh-cuoi-nam.6-800x46_6560998b_thu_8c79L8D.jpg",
        "size": 1024,
        "format": null,
        "category": null,
        "collection": null,
        "product_media": 105,
        "user": null,
        "app": null,
        "app_installation": null
    }
},
{
    "model": "thumbnail.thumbnail",
    "pk": 203,
    "fields": {
        "image": "thumbnails/products/cac-dong-iphone-11-hien-nay-gia-thanh-cuoi-nam.5-800x53_10b2fc1c_thu_1IBHUHr.jpg",
        "size": 1024,
        "format": null,
        "category": null,
        "collection": null,
        "product_media": 106,
        "user": null,
        "app": null,
        "app_installation": null
    }
},
{
    "model": "thumbnail.thumbnail",
    "pk": 204,
    "fields": {
        "image": "thumbnails/products/cac-dong-iphone-11-hien-nay-gia-thanh-cuoi-nam.5-800x53_10b2fc1c_thu_Z1yQs5i.jpg",
        "size": 4096,
        "format": null,
        "category": null,
        "collection": null,
        "product_media": 106,
        "user": null,
        "app": null,
        "app_installation": null
    }
},
{
    "model": "thumbnail.thumbnail",
    "pk": 205,
    "fields": {
        "image": "thumbnails/products/cac-dong-iphone-11-hien-nay-gia-thanh-cuoi-nam.3-800x46_aaec0691_thu_F2DpiCa.jpg",
        "size": 4096,
        "format": null,
        "category": null,
        "collection": null,
        "product_media": 104,
        "user": null,
        "app": null,
        "app_installation": null
    }
},
{
    "model": "thumbnail.thumbnail",
    "pk": 206,
    "fields": {
        "image": "thumbnails/products/cac-dong-iphone-11-hien-nay-gia-thanh-cuoi-nam.6-800x46_6560998b_thu_ta6MlGp.jpg",
        "size": 4096,
        "format": null,
        "category": null,
        "collection": null,
        "product_media": 105,
        "user": null,
        "app": null,
        "app_installation": null
    }
},
{
    "model": "thumbnail.thumbnail",
    "pk": 207,
    "fields": {
        "image": "thumbnails/products/cac-dong-iphone-11-hien-nay-gia-thanh-cuoi-nam.5-800x53_10b2fc1c_thu_FNVQsh4.jpg",
        "size": 4096,
        "format": null,
        "category": null,
        "collection": null,
        "product_media": 106,
        "user": null,
        "app": null,
        "app_installation": null
    }
},
{
    "model": "thumbnail.thumbnail",
    "pk": 208,
    "fields": {
        "image": "thumbnails/products/cac-dong-iphone-11-hien-nay-gia-thanh-cuoi-nam-95-800x4_e54257ee_thu_arWTED9.png",
        "size": 4096,
        "format": null,
        "category": null,
        "collection": null,
        "product_media": 102,
        "user": null,
        "app": null,
        "app_installation": null
    }
},
{
    "model": "thumbnail.thumbnail",
    "pk": 209,
    "fields": {
        "image": "thumbnails/products/cac-dong-iphone-11-hien-nay-gia-thanh-cuoi-nam-98-800x4_3b48b661_thu_hMyTNhu.png",
        "size": 4096,
        "format": null,
        "category": null,
        "collection": null,
        "product_media": 103,
        "user": null,
        "app": null,
        "app_installation": null
    }
},
{
    "model": "thumbnail.thumbnail",
    "pk": 210,
    "fields": {
        "image": "thumbnails/products/iphone-11-note-new_7a46871a_thumbnail_1024.jpg",
        "size": 1024,
        "format": null,
        "category": null,
        "collection": null,
        "product_media": 107,
        "user": null,
        "app": null,
        "app_installation": null
    }
},
{
    "model": "thumbnail.thumbnail",
    "pk": 211,
    "fields": {
        "image": "thumbnails/products/iphone-11-note-new_7a46871a_thumbnail_4096.jpg",
        "size": 4096,
        "format": null,
        "category": null,
        "collection": null,
        "product_media": 107,
        "user": null,
        "app": null,
        "app_installation": null
    }
},
{
    "model": "thumbnail.thumbnail",
    "pk": 212,
    "fields": {
        "image": "thumbnails/products/iphone-11-note-new_7a46871a_thumbnail_4096_rynlV1j.jpg",
        "size": 4096,
        "format": null,
        "category": null,
        "collection": null,
        "product_media": 107,
        "user": null,
        "app": null,
        "app_installation": null
    }
},
{
    "model": "thumbnail.thumbnail",
    "pk": 214,
    "fields": {
        "image": "thumbnails/products/cac-dong-iphone-11-hien-nay-gia-thanh-cuoi-nam-98-800x4_27a810e8_th_wZM9AgF.webp",
        "size": 1024,
        "format": "webp",
        "category": null,
        "collection": null,
        "product_media": 101,
        "user": null,
        "app": null,
        "app_installation": null
    }
},
{
    "model": "thumbnail.thumbnail",
    "pk": 227,
    "fields": {
        "image": "thumbnails/products/cac-dong-iphone-11-hien-nay-gia-thanh-cuoi-nam-98-800x4_27a810e8_thu_r1nuYdv.png",
        "size": 256,
        "format": null,
        "category": null,
        "collection": null,
        "product_media": 101,
        "user": null,
        "app": null,
        "app_installation": null
    }
},
{
    "model": "thumbnail.thumbnail",
    "pk": 229,
    "fields": {
        "image": "thumbnails/products/giay-nam-the-thao-dep-unisex-thoai-mai-tre-trung_b9e115_500cb39e_thu_8gxic7f.jpg",
        "size": 256,
        "format": null,
        "category": null,
        "collection": null,
        "product_media": 52,
        "user": null,
        "app": null,
        "app_installation": null
    }
},
{
    "model": "thumbnail.thumbnail",
    "pk": 230,
    "fields": {
        "image": "thumbnails/products/000_vn000bvx2ln_1_115d0ad0fd694944a4c76f94c0739f21_larg_39091387_th_BtsZao2.webp",
        "size": 256,
        "format": null,
        "category": null,
        "collection": null,
        "product_media": 53,
        "user": null,
        "app": null,
        "app_installation": null
    }
},
{
    "model": "thumbnail.thumbnail",
    "pk": 231,
    "fields": {
        "image": "thumbnails/products/giay-the-thao-nam-bn0074-2.jpg-BAIpMjE9T0WdZZgRQHUTggC7_4d77b732_th_YDuGK4R.webp",
        "size": 128,
        "format": "webp",
        "category": null,
        "collection": null,
        "product_media": 51,
        "user": null,
        "app": null,
        "app_installation": null
    }
},
{
    "model": "thumbnail.thumbnail",
    "pk": 232,
    "fields": {
        "image": "thumbnails/products/17098013468013981_512_5829ac99_thumbnail_1024.webp",
        "size": 1024,
        "format": null,
        "category": null,
        "collection": null,
        "product_media": 112,
        "user": null,
        "app": null,
        "app_installation": null
    }
},
{
    "model": "thumbnail.thumbnail",
    "pk": 233,
    "fields": {
        "image": "thumbnails/products/17098013435462806_512_0d7600fd_thumbnail_1024.webp",
        "size": 1024,
        "format": null,
        "category": null,
        "collection": null,
        "product_media": 113,
        "user": null,
        "app": null,
        "app_installation": null
    }
},
{
    "model": "thumbnail.thumbnail",
    "pk": 235,
    "fields": {
        "image": "thumbnails/products/17098013376109194_512_e04cbe5b_thumbnail_1024.webp",
        "size": 1024,
        "format": null,
        "category": null,
        "collection": null,
        "product_media": 115,
        "user": null,
        "app": null,
        "app_installation": null
    }
},
{
    "model": "thumbnail.thumbnail",
    "pk": 236,
    "fields": {
        "image": "thumbnails/products/170980133489394_512_0855d2e8_thumbnail_1024.webp",
        "size": 1024,
        "format": null,
        "category": null,
        "collection": null,
        "product_media": 116,
        "user": null,
        "app": null,
        "app_installation": null
    }
},
{
    "model": "thumbnail.thumbnail",
    "pk": 237,
    "fields": {
        "image": "thumbnails/products/17123072324127745_512_049e7aad_thumbnail_1024.webp",
        "size": 1024,
        "format": null,
        "category": null,
        "collection": null,
        "product_media": 117,
        "user": null,
        "app": null,
        "app_installation": null
    }
},
{
    "model": "thumbnail.thumbnail",
    "pk": 238,
    "fields": {
        "image": "thumbnails/products/17098013294138661_512_a5fb7eaa_thumbnail_1024.webp",
        "size": 1024,
        "format": null,
        "category": null,
        "collection": null,
        "product_media": 118,
        "user": null,
        "app": null,
        "app_installation": null
    }
},
{
    "model": "thumbnail.thumbnail",
    "pk": 239,
    "fields": {
        "image": "thumbnails/products/000_vn000bvx2ln_1_115d0ad0fd694944a4c76f94c0739f21_larg_39091387_th_62BLHKw.webp",
        "size": 1024,
        "format": "webp",
        "category": null,
        "collection": null,
        "product_media": 53,
        "user": null,
        "app": null,
        "app_installation": null
    }
},
{
    "model": "thumbnail.thumbnail",
    "pk": 240,
    "fields": {
        "image": "thumbnails/products/17089155835002259_cfd768dc_thumbnail_1024.webp",
        "size": 1024,
        "format": null,
        "category": null,
        "collection": null,
        "product_media": 119,
        "user": null,
        "app": null,
        "app_installation": null
    }
},
{
    "model": "thumbnail.thumbnail",
    "pk": 241,
    "fields": {
        "image": "thumbnails/products/1708915591199363_512_a6bc83fd_thumbnail_1024.webp",
        "size": 1024,
        "format": null,
        "category": null,
        "collection": null,
        "product_media": 120,
        "user": null,
        "app": null,
        "app_installation": null
    }
},
{
    "model": "thumbnail.thumbnail",
    "pk": 242,
    "fields": {
        "image": "thumbnails/products/17089156029767141_512_6eb7747f_thumbnail_1024.webp",
        "size": 1024,
        "format": null,
        "category": null,
        "collection": null,
        "product_media": 121,
        "user": null,
        "app": null,
        "app_installation": null
    }
},
{
    "model": "thumbnail.thumbnail",
    "pk": 243,
    "fields": {
        "image": "thumbnails/products/17098013468013981_512_5829ac99_thumbnail_256.webp",
        "size": 256,
        "format": null,
        "category": null,
        "collection": null,
        "product_media": 112,
        "user": null,
        "app": null,
        "app_installation": null
    }
},
{
    "model": "thumbnail.thumbnail",
    "pk": 244,
    "fields": {
        "image": "thumbnails/products/17098013468013981_512_5829ac99_thumbnail_1024_a9HEnrO.webp",
        "size": 1024,
        "format": "webp",
        "category": null,
        "collection": null,
        "product_media": 112,
        "user": null,
        "app": null,
        "app_installation": null
    }
},
{
    "model": "thumbnail.thumbnail",
    "pk": 245,
    "fields": {
        "image": "thumbnails/products/17089156029767141_512_6eb7747f_thumbnail_4096.webp",
        "size": 4096,
        "format": null,
        "category": null,
        "collection": null,
        "product_media": 121,
        "user": null,
        "app": null,
        "app_installation": null
    }
},
{
    "model": "thumbnail.thumbnail",
    "pk": 246,
    "fields": {
        "image": "thumbnails/products/17123072324127745_512_049e7aad_thumbnail_4096.webp",
        "size": 4096,
        "format": null,
        "category": null,
        "collection": null,
        "product_media": 117,
        "user": null,
        "app": null,
        "app_installation": null
    }
},
{
    "model": "thumbnail.thumbnail",
    "pk": 247,
    "fields": {
        "image": "thumbnails/products/170980133489394_512_0855d2e8_thumbnail_4096.webp",
        "size": 4096,
        "format": null,
        "category": null,
        "collection": null,
        "product_media": 116,
        "user": null,
        "app": null,
        "app_installation": null
    }
},
{
    "model": "thumbnail.thumbnail",
    "pk": 248,
    "fields": {
        "image": "thumbnails/products/17098013294138661_512_a5fb7eaa_thumbnail_4096.webp",
        "size": 4096,
        "format": null,
        "category": null,
        "collection": null,
        "product_media": 118,
        "user": null,
        "app": null,
        "app_installation": null
    }
},
{
    "model": "thumbnail.thumbnail",
    "pk": 249,
    "fields": {
        "image": "thumbnails/products/1708915591199363_512_a6bc83fd_thumbnail_4096.webp",
        "size": 4096,
        "format": null,
        "category": null,
        "collection": null,
        "product_media": 120,
        "user": null,
        "app": null,
        "app_installation": null
    }
},
{
    "model": "thumbnail.thumbnail",
    "pk": 250,
    "fields": {
        "image": "thumbnails/products/17098013435462806_512_0d7600fd_thumbnail_4096.webp",
        "size": 4096,
        "format": null,
        "category": null,
        "collection": null,
        "product_media": 113,
        "user": null,
        "app": null,
        "app_installation": null
    }
},
{
    "model": "thumbnail.thumbnail",
    "pk": 251,
    "fields": {
        "image": "thumbnails/products/17089156029767141_512_6eb7747f_thumbnail_4096_wkBMv1j.webp",
        "size": 4096,
        "format": null,
        "category": null,
        "collection": null,
        "product_media": 121,
        "user": null,
        "app": null,
        "app_installation": null
    }
},
{
    "model": "thumbnail.thumbnail",
    "pk": 252,
    "fields": {
        "image": "thumbnails/products/17098013376109194_512_e04cbe5b_thumbnail_4096.webp",
        "size": 4096,
        "format": null,
        "category": null,
        "collection": null,
        "product_media": 115,
        "user": null,
        "app": null,
        "app_installation": null
    }
},
{
    "model": "thumbnail.thumbnail",
    "pk": 253,
    "fields": {
        "image": "thumbnails/products/17098013468013981_512_5829ac99_thumbnail_4096.webp",
        "size": 4096,
        "format": null,
        "category": null,
        "collection": null,
        "product_media": 112,
        "user": null,
        "app": null,
        "app_installation": null
    }
},
{
    "model": "thumbnail.thumbnail",
    "pk": 254,
    "fields": {
        "image": "thumbnails/products/17098013468013981_512_5829ac99_thumbnail_4096_ej94tlH.webp",
        "size": 4096,
        "format": null,
        "category": null,
        "collection": null,
        "product_media": 112,
        "user": null,
        "app": null,
        "app_installation": null
    }
},
{
    "model": "thumbnail.thumbnail",
    "pk": 255,
    "fields": {
        "image": "thumbnails/products/17098013435462806_512_0d7600fd_thumbnail_4096_d4yiu4R.webp",
        "size": 4096,
        "format": null,
        "category": null,
        "collection": null,
        "product_media": 113,
        "user": null,
        "app": null,
        "app_installation": null
    }
},
{
    "model": "thumbnail.thumbnail",
    "pk": 256,
    "fields": {
        "image": "thumbnails/products/17089155835002259_cfd768dc_thumbnail_4096.webp",
        "size": 4096,
        "format": null,
        "category": null,
        "collection": null,
        "product_media": 119,
        "user": null,
        "app": null,
        "app_installation": null
    }
},
{
    "model": "thumbnail.thumbnail",
    "pk": 257,
    "fields": {
        "image": "thumbnails/products/170980133489394_512_0855d2e8_thumbnail_256.webp",
        "size": 256,
        "format": null,
        "category": null,
        "collection": null,
        "product_media": 116,
        "user": null,
        "app": null,
        "app_installation": null
    }
},
{
    "model": "thumbnail.thumbnail",
    "pk": 258,
    "fields": {
        "image": "thumbnails/products/17089156029767141_512_6eb7747f_thumbnail_256.webp",
        "size": 256,
        "format": null,
        "category": null,
        "collection": null,
        "product_media": 121,
        "user": null,
        "app": null,
        "app_installation": null
    }
},
{
    "model": "thumbnail.thumbnail",
    "pk": 259,
    "fields": {
        "image": "thumbnails/products/170980133489394_512_0855d2e8_thumbnail_128.webp",
        "size": 128,
        "format": "webp",
        "category": null,
        "collection": null,
        "product_media": 116,
        "user": null,
        "app": null,
        "app_installation": null
    }
},
{
    "model": "thumbnail.thumbnail",
    "pk": 260,
    "fields": {
        "image": "thumbnails/products/170980133489394_512_0855d2e8_thumbnail_64.webp",
        "size": 64,
        "format": null,
        "category": null,
        "collection": null,
        "product_media": 116,
        "user": null,
        "app": null,
        "app_installation": null
    }
},
{
    "model": "thumbnail.thumbnail",
    "pk": 261,
    "fields": {
        "image": "thumbnails/products/1708915591199363_512_a6bc83fd_thumbnail_256.webp",
        "size": 256,
        "format": null,
        "category": null,
        "collection": null,
        "product_media": 120,
        "user": null,
        "app": null,
        "app_installation": null
    }
},
{
    "model": "thumbnail.thumbnail",
    "pk": 262,
    "fields": {
        "image": "thumbnails/products/17123072324127745_512_049e7aad_thumbnail_256.webp",
        "size": 256,
        "format": null,
        "category": null,
        "collection": null,
        "product_media": 117,
        "user": null,
        "app": null,
        "app_installation": null
    }
},
{
    "model": "thumbnail.thumbnail",
    "pk": 263,
    "fields": {
        "image": "thumbnails/products/17098013435462806_512_0d7600fd_thumbnail_256.webp",
        "size": 256,
        "format": null,
        "category": null,
        "collection": null,
        "product_media": 113,
        "user": null,
        "app": null,
        "app_installation": null
    }
},
{
    "model": "thumbnail.thumbnail",
    "pk": 264,
    "fields": {
        "image": "thumbnails/products/17089155835002259_cfd768dc_thumbnail_256.webp",
        "size": 256,
        "format": null,
        "category": null,
        "collection": null,
        "product_media": 119,
        "user": null,
        "app": null,
        "app_installation": null
    }
},
{
    "model": "thumbnail.thumbnail",
    "pk": 265,
    "fields": {
        "image": "thumbnails/products/17098013468013981_512_5829ac99_thumbnail_32.webp",
        "size": 32,
        "format": null,
        "category": null,
        "collection": null,
        "product_media": 112,
        "user": null,
        "app": null,
        "app_installation": null
    }
},
{
    "model": "thumbnail.thumbnail",
    "pk": 266,
    "fields": {
        "image": "thumbnails/products/1708915591199363_512_a6bc83fd_thumbnail_32.webp",
        "size": 32,
        "format": null,
        "category": null,
        "collection": null,
        "product_media": 120,
        "user": null,
        "app": null,
        "app_installation": null
    }
},
{
    "model": "thumbnail.thumbnail",
    "pk": 267,
    "fields": {
        "image": "thumbnails/products/17123072324127745_512_049e7aad_thumbnail_32.webp",
        "size": 32,
        "format": null,
        "category": null,
        "collection": null,
        "product_media": 117,
        "user": null,
        "app": null,
        "app_installation": null
    }
},
{
    "model": "thumbnail.thumbnail",
    "pk": 268,
    "fields": {
        "image": "thumbnails/products/17098013376109194_512_e04cbe5b_thumbnail_32.webp",
        "size": 32,
        "format": null,
        "category": null,
        "collection": null,
        "product_media": 115,
        "user": null,
        "app": null,
        "app_installation": null
    }
},
{
    "model": "thumbnail.thumbnail",
    "pk": 269,
    "fields": {
        "image": "thumbnails/products/17098013294138661_512_a5fb7eaa_thumbnail_32.webp",
        "size": 32,
        "format": null,
        "category": null,
        "collection": null,
        "product_media": 118,
        "user": null,
        "app": null,
        "app_installation": null
    }
},
{
    "model": "thumbnail.thumbnail",
    "pk": 270,
    "fields": {
        "image": "thumbnails/products/17098013435462806_512_0d7600fd_thumbnail_32.webp",
        "size": 32,
        "format": null,
        "category": null,
        "collection": null,
        "product_media": 113,
        "user": null,
        "app": null,
        "app_installation": null
    }
},
{
    "model": "thumbnail.thumbnail",
    "pk": 271,
    "fields": {
        "image": "thumbnails/products/17089155835002259_cfd768dc_thumbnail_32.webp",
        "size": 32,
        "format": null,
        "category": null,
        "collection": null,
        "product_media": 119,
        "user": null,
        "app": null,
        "app_installation": null
    }
},
{
    "model": "thumbnail.thumbnail",
    "pk": 272,
    "fields": {
        "image": "thumbnails/products/17089156029767141_512_6eb7747f_thumbnail_32.webp",
        "size": 32,
        "format": null,
        "category": null,
        "collection": null,
        "product_media": 121,
        "user": null,
        "app": null,
        "app_installation": null
    }
},
{
    "model": "thumbnail.thumbnail",
    "pk": 273,
    "fields": {
        "image": "thumbnails/products/170980133489394_512_0855d2e8_thumbnail_32.webp",
        "size": 32,
        "format": null,
        "category": null,
        "collection": null,
        "product_media": 116,
        "user": null,
        "app": null,
        "app_installation": null
    }
},
{
    "model": "thumbnail.thumbnail",
    "pk": 274,
    "fields": {
        "image": "thumbnails/products/cac-dong-iphone-11-hien-nay-gia-thanh-cuoi-nam-98-800x4_27a810e8_thu_WWCk9Pg.png",
        "size": 64,
        "format": null,
        "category": null,
        "collection": null,
        "product_media": 101,
        "user": null,
        "app": null,
        "app_installation": null
    }
},
{
    "model": "thumbnail.thumbnail",
    "pk": 275,
    "fields": {
        "image": "thumbnails/products/hp-15-fd0234tu-i5-9q969pa-4-1-750x500_347e6011_thumbnail_64.jpg",
        "size": 64,
        "format": null,
        "category": null,
        "collection": null,
        "product_media": 57,
        "user": null,
        "app": null,
        "app_installation": null
    }
},
{
    "model": "thumbnail.thumbnail",
    "pk": 276,
    "fields": {
        "image": "thumbnails/products/samsung-galaxy-z-fold6-xam-8-750x500_47648d18_thumbnail_64.jpg",
        "size": 64,
        "format": null,
        "category": null,
        "collection": null,
        "product_media": 89,
        "user": null,
        "app": null,
        "app_installation": null
    }
},
{
    "model": "thumbnail.thumbnail",
    "pk": 277,
    "fields": {
        "image": "thumbnails/app-brand-data/logo_1eb49a24_thumbnail_64.webp",
        "size": 64,
        "format": "webp",
        "category": null,
        "collection": null,
        "product_media": null,
        "user": null,
        "app": 27,
        "app_installation": null
    }
},
{
    "model": "thumbnail.thumbnail",
    "pk": 278,
    "fields": {
        "image": "thumbnails/products/000_vn000bvx2ln_1_115d0ad0fd694944a4c76f94c0739f21_larg_39091387_th_Z7KGwci.webp",
        "size": 64,
        "format": null,
        "category": null,
        "collection": null,
        "product_media": 53,
        "user": null,
        "app": null,
        "app_installation": null
    }
},
{
    "model": "thumbnail.thumbnail",
    "pk": 279,
    "fields": {
        "image": "thumbnails/products/17123072324127745_512_049e7aad_thumbnail_128.webp",
        "size": 128,
        "format": "webp",
        "category": null,
        "collection": null,
        "product_media": 117,
        "user": null,
        "app": null,
        "app_installation": null
    }
}
]
